station,name,rows,cols,lat,lon
58926099999,ZHANG PING- CH,1152,939,25.3,117.4
72506994624,CHATHAM MUNICIPAL AIRPORT- MA US,1316,2320,41.68778,290.00682
71728099999,ROBERVAL A- CA,1385,2302,48.5166666,287.7333334
72256353952,WACO MCGREGOR EXECUTIVE AIRPORT- TX US,1214,2101,31.48472,262.68361
47131099999,CHEONGJU- KS,1266,1020,36.6333333,127.45
72254413958,AUSTIN CAMP MABRY- TX US,1203,2098,30.3208,262.2396
31534099999,SEKTAGLI- RS,1404,1048,50.4333333,131.0166666
24329099999,SHELAGONTSY- RS,1562,914,66.25,114.2833333
48037099999,MONYWA- BM,1120,761,22.1,95.1333333
72651794039,PINE RIDGE AIRPORT- SD US,1330,2060,43.02614,257.47999
68234099999,JWANENG- BC,653,198,-24.602333,24.690971
72510954782,HERITAGE FIELD AIRPORT- PA US,1302,2276,40.23803,284.44515
72408454760,BELMAR FARMINGDALE ALLAIRE AIRPORT- NJ US,1301,2287,40.186919,285.875114
72352953929,ARDMORE DOWNTOWN AIRPORT- OK US,1241,2103,34.14694,262.8775
37832099999,BARDA- AJ,1303,377,40.3666666,47.1166666
08280099999,ALBACETE- SP,1289,2865,38.948528,358.136483
65510099999,BOBO DIOULASSO- UV,1011,2845,11.160056,355.669031
82704099999,CRUZEIRO DO SUL- BR,824,2298,-7.599906,287.230511
71364099999,INUVIK CLIMATE NWT- CA,1583,1812,68.3166666,226.4833334
72638094814,HOUGHTON LAKE ROSCOMMON CO AIRPORT- MI US,1343,2203,44.35904,275.3261
07603099999,DAX SEYRESSE- FR,1336,2871,43.6833333,358.9333333
71618099999,CHURCHILL- CA,1487,2127,58.73906,265.93363
72307993796,AHOSKIE TRI CO AIRPORT- NC US,1262,2263,36.2975,282.82917
94310099999,BEDOUT ISLAND- AS,704,953,-19.5833333,119.1
76499099999,SOTO LA MARINA TAMPS.- MX,1137,2094,23.7666666,261.8
29557099999,TISUL- RS,1457,707,55.75,88.3166666
63799099999,MALINDI- KE,867,321,-3.229306,40.101667
71869099999,PRINCE ALBERT GLASS FIELD- CA,1432,2035,53.214167,254.327222
47744099999,YONAGO- JA,1254,1067,35.4333333,133.3333333
72344593993,FAYETTEVILLE DRAKE FIELD- AR US,1260,2127,36.01027,265.83176000000003
02835099999,INARI NELLIM- FI,1588,226,68.85,28.3
72274793084,SAFFORD MUNICIPAL AIRPORT- AZ US,1228,2003,32.85654,250.36397
48615099999,SULTAN ISMAIL PETRA- MY,961,818,6.16685,102.293014
17026099999,SINOP- TU,1320,281,42.0333333,35.1666666
52866099999,XINING- CH,1266,814,36.6166667,101.7666667
87097099999,CATARATAS DEL IGUAZU- AR,642,2444,-25.737281,305.526556
72060300195,WOODWARD FIELD AIRPORT- SC US,1242,2235,34.283,279.433
72438614835,LAFAYETTE PURDUE UNIVERSITY AIRPORT- IN US,1304,2184,40.41236,273.05261
72511954792,CLEARFIELD LAWRENCE AIRPORT- PA US,1310,2253,41.04647,281.5888
40794099999,SAFI ABAD DEZFUL- IR,1222,387,32.2666666,48.4166666
71114099999,HOPE AUT BC- CA,1393,1908,49.3666666,238.5166667
70489800113,ROBERT BOB CURTIS MEMORIAL AIRPORT- AK US,1568,1592,66.818,198.978
89834099999,D 47- AY,225,1110,-67.4,138.7333333
14652099999,BJELASNICA- BK,1337,146,43.7166666,18.2666666
24652099999,SANGARY- RS,1539,1020,63.9666666,127.4666666
72031703735,STAFFORD REGIONAL AIRPORT- VA US,1283,2260,38.39806,282.54444
40798099999,SHAHRE KORD- IR,1222,407,32.297222,50.842222
33466099999,MYRONIVKA- UP,1396,248,49.6666666,31.0
99817199999,GRAND BAY RESERVE- MS US,1203,2173,30.35,271.5833334
72344953954,ROGERS MUNICIPAL CARTER FIELD AIRPORT- AR US,1263,2127,36.37222,265.89333
86330099999,ARTIGAS INTERNATIONAL- UY,595,2428,-30.400706,303.492131
72032464753,QUAKERTOWN AIRPORT- PA US,1304,2277,40.43528,284.61806
99999903089,ROCKY FORD 1 ESE- CO US,1280,2050,38.0386,256.3052
99999994085,PIERRE 24 S- SD US,1340,2077,44.0194,259.647
99999904136,SPOKANE 17 SSW- WA US,1374,1940,47.4174,242.4736
70275726444,WHITTIER- AK US,1507,1690,60.78333,211.26667
72365823090,FARMINGTON FOUR CORNERS REGIONAL AIRPORT- NM US,1267,2014,36.74354,251.77069
54135099999,TONGLIAO- CH,1335,978,43.6,122.2666666
34880099999,ASTRAHAN- RS,1362,384,46.2833333,47.9833333
72034454920,CHEROKEE MUNICIPAL AIRPORT- IA US,1327,2116,42.73167,264.44417
68920099999,CAPE AGULHAS- SF,551,160,-34.8333333,20.0166666
47855099999,NAGASAKI- JA,1229,1039,32.916944,129.913611
41407099999,MARIB- YM,1054,363,15.4333333,45.3333333
82336099999,ITACOATIARA- BR,868,2412,-3.127256,301.518814
44325099999,ERDENI- MG,1351,782,45.15,97.7666667
60511099999,BOU CHEKIF- AG,1253,12,35.341136,1.463147
70171900490,SHUNGNAK AIRPORT- AK US,1568,1623,66.88808,202.83759
38457499999,DASHOGUZ- TX,1317,479,41.761111,59.826667
02446099999,VASTERAS- SW,1495,133,59.589444,16.633611
16706099999,CHIOS- GR,1283,209,38.343175,26.140572
99738299999,NIKISKI AK- AK US,1506,1669,60.68,208.6
16168099999,MOUNT ARGENTARIO- IT,1323,89,42.3833333,11.1666667
72289523243,LOMPOC AIRPORT- CA US,1246,1916,34.66667,239.53333
02604099999,HALMSTAD- SW,1466,103,56.691128,12.820211
61291099999,SENOU- ML,1025,2816,12.533544,352.050056
26435099999,SKRIVERI- LG,1466,201,56.65,25.1333333
72688524152,MEACHAM- OR US,1355,1933,45.511788,241.575353
37409099999,MTA SABUETI- GG,1320,348,42.0333333,43.4833333
96087099999,BATAM HANG NADIM- ID,911,833,1.1166666,104.1166666
72541614864,BIG RAPIDS ROBEN HOOD AIRPORT- MI US,1337,2196,43.71667,274.5
99999903088,WOODLAND PARK 14 WSW- CO US,1289,2038,38.9105,254.735
71737099999,SAINT MICHEL DES SAINTS- CA,1368,2287,46.8166666,285.9
85242099999,JUAN MENDOZA- BL,720,2343,-17.962589,292.923764
72315003812,ASHEVILLE REGIONAL AIRPORT- NC US,1254,2220,35.43178,277.46213
30469099999,KALAKAN- RS,1451,934,55.1166666,116.7666666
03503099999,TRAWSGOED- UK,1423,2848,52.35,356.05
71411099999,WESTERN HEAD NS- CA,1339,2363,43.9833333,295.3333334
06750099999,GUETSCH OB ANDERMATT- SZ,1366,69,46.65,8.6166666
02800099999,RAAHE NAHKIAINEN- FI,1546,191,64.6166666,23.9
03323399999,LIVERPOOL- UK,1433,2857,53.333611,357.150278
12270099999,MLAWA- PL,1430,163,53.1,20.35
16749099999,DIAGORAS- GR,1264,225,36.405419,28.086192
61415099999,NOUADHIBOU- MR,1109,2744,20.933067,342.97004400000003
56046099999,DARLAG- CH,1237,797,33.75,99.65
98646099999,MACTAN CEBU INTERNATIONAL- RP,1003,992,10.307542,123.979439
71421099999,LAC EON QUE- CA,1418,2374,51.8666666,296.7166667
17067099999,GOLCUK DUMLUPINAR- TU,1306,239,40.6666666,29.8333333
15525399999,GORNA ORYAHOVITSA- BU,1331,206,43.151444,25.712889
99999963894,MUSCLE SHOALS 2 N- AL US,1247,2179,34.7728,272.3601
74598013702,LANGLEY AIR FORCE BASE- VA US,1270,2269,37.08278,283.63972
31921099999,ASTRAHANKA- RS,1347,1057,44.7166666,132.0666666
95816099999,ROBE AIRFIELD- AS,528,1118,-37.1833333,139.8
15514099999,ORYAHOVO- BU,1336,192,43.6833333,23.9666666
74466000388,JASPER CO AIRPORT- IN US,1309,2183,40.94782,272.81736
72252712976,ANGLETON LAKE JACKSON BRAZORIA CO AIRPORT- TX US,1191,2116,29.11536,264.53677
94811099999,SECOND VALLEY FOREST- AS,544,1106,-35.5666666,138.2833333
17505099999,AKDENIZ- CY,1252,264,35.3,32.9666666
72032104893,CHEBOYGAN CO AIRPORT- MI US,1356,2204,45.65361,275.48082999999997
41391099999,HAJJAH- YM,1058,349,15.8333333,43.5833333
71715099999,RIVIERE DU LOUP QUE- CA,1377,2324,47.8,290.4666667
03238099999,ALBEMARLE- UK,1450,2865,55.0166666,358.1333334
04064099999,KIRKJUBAEJARKLAUSTUR- IC,1537,2735,63.7833333,341.9333334
48650099999,KUALA LUMPUR INTERNATIONAL- MY,927,814,2.745578,101.709917
16450099999,ENNA- IT,1275,114,37.5666667,14.2833333
99999953166,ST. GEORGE 15 NE- UT US,1272,1973,37.2157,246.6206
71750054802,PUKASKWA- ON CA,1386,2190,48.606,273.71344999999997
72552014935,GRAND ISLAND CENTRAL NE REGIONAL AIRPORT- NE US,1309,2093,40.96146,261.68696
74543103998,PARSONS TRI CITY AIRPORT- KS US,1273,2116,37.32814,264.49554
72427514894,WHEELING OHIO CO AIRPORT- WV US,1301,2235,40.16994,279.35594000000003
63684099999,TORORO- UG,906,273,0.6833333,34.1666667
37308099999,AMBROLAURI- GG,1325,345,42.5166666,43.1333333
06734099999,INTERLAKEN- SZ,1366,63,46.6666666,7.8666666
33815099999,CHISINAU- MD,1370,232,47.0166666,28.9833333
07283099999,LANGRES- FR,1378,43,47.85,5.3333333
26951099999,SLUTSK- BO,1430,220,53.0333333,27.55
95654099999,WUDINNA AERO- AS,569,1084,-33.05,135.45
72501454780,MONTAUK AIRPORT- NY US,1310,2305,41.073056,288.076495
07607099999,MONT DE MARSAN- FR,1339,2876,43.911667,359.4925
70381725357,ELFIN COVE- AK US,1481,1789,58.1916,223.6565
72205012815,ORLANDO INTERNATIONAL AIRPORT- FL US,1184,2229,28.41822,278.67587000000003
99999903090,TAOS 27 NW- NM US,1266,2032,36.6519,254.0279
08029099999,SAN SEBASTIAN- SP,1333,2866,43.356519,358.209389
99999903093,GENOA 35 N- CO US,1297,2052,39.7857,256.483
31624099999,URMI- RS,1393,1066,49.4,133.2333333
23973099999,VOROGOVO- RS,1510,717,61.0333333,89.6333333
67881099999,RUSAPE- ZI,714,257,-18.5333333,32.1333333
91611099999,TARAWA TIDE AWS- KR,913,1383,1.35,172.9333333
06356099999,HERWIJNEN AWS- NL,1418,41,51.85,5.1333333
06165099999,HESSELOE- DA,1461,94,56.2,11.7166666
12500099999,JELENIA GORA- PL,1408,126,50.9,15.8
95706099999,NARRANDERA- AS,552,1172,-34.702222,146.512222
02135099999,BURESJON- SW,1555,143,65.5666666,17.8666666
08495099999,GIBRALTAR- GI,1261,2837,36.151219,354.650336
17195099999,ERKILET- TU,1287,284,38.770386,35.495428
99999926563,KENAI 29 ENE- AK US,1507,1676,60.7237,209.5516
54374099999,LINJIANG- CH,1317,1015,41.8,126.9166666
95918099999,ORBOST- AS,523,1188,-37.6833333,148.4666666
15613099999,CHERNI VRAH TOP SOMMET- BU,1325,186,42.5833333,23.2666666
72053800164,VANCE BRAND AIRPORT- CO US,1301,2039,40.167,254.833
68727099999,BEAUFORT WEST- SF,576,180,-32.35,22.55
28756099999,ZVERINOGOLOVSKOE- RS,1444,519,54.4666666,64.8666666
72539514833,JACKSON REYNOLDS FIELD- MI US,1322,2204,42.26373,275.54356
71824099999,CHAPAIS QUE- CA,1398,2280,49.8166666,285.0333334
72247953907,ARLINGTON MUNICIPAL AIRPORT- TX US,1226,2103,32.65832,262.90491
72508454767,WILLIMANTIC WINDHAM AIRPORT- CT US,1317,2303,41.74249,287.81754
36535099999,KOKPEKTY- KZ,1387,659,48.75,82.3666666
61698099999,KOLDA- SG,1028,2760,12.8833333,345.0333333
95979099999,MOUNT WELLINGTON- AS,471,1178,-42.9,147.2333333
61240099999,HOMBORI- ML,1053,2867,15.3333333,358.3166667
53276099999,JURH- CH,1323,903,42.4,112.9
72073100261,MUSTANG ISLAND 31- TX US,1172,2106,27.283,263.267
72562414994,LEXINGTON JIM KELLY FIELD- NE US,1307,2082,40.78861,260.22917
07179034051,TOUL ROSIERE- FR,1387,48,48.783333,5.983333
96935099999,SURABAYA JUANDA- ID,826,902,-7.379747,112.786719
06705099999,NYON CHANGINS- SZ,1363,50,46.4,6.2333333
14443099999,PALAGRUZA- HR,1323,130,42.4,16.2666666
95658099999,OLYMPIC DAM AERODROME- AS,595,1095,-30.4833333,136.8833333
83075099999,GUARULHOS- BR,665,2508,-23.432075,313.530489
08215099999,NAVACERRADA PUERTO- SP,1307,2848,40.8,355.9833334
72492723285,LIVERMORE MUNICIPAL AIRPORT- CA US,1276,1905,37.69309,238.1851
44218099999,HOVD- MG,1380,733,48.0166666,91.5666666
63737099999,NAROK- KE,888,287,-1.1333333,35.8333333
72037663880,ALBERTVILLE MUNICIPAL AIRPORT- AL US,1242,2190,34.22917,273.74417
72282693762,FOUNTAIN DALE SITE R HELIPAD- PA US,1297,2261,39.73333,282.56667
97686099999,WAMENA- ID,858,1112,-4.102511,138.957372
63723099999,GARISSA- KE,895,317,-0.463508,39.648297
30603099999,ZIMA- RS,1439,816,53.9333333,102.05
99768899999,BISHOPS HEAD- MD US,1282,2272,38.22,283.97
38345099999,TALAS- KG,1325,578,42.5166666,72.2166666
11927399999,PRIEVIDZA- LO,1387,149,48.7666667,18.5833333
91559099999,POINT VITA NTF AWS- NH,722,1346,-17.7569,168.3003
12566099999,BALICE- PL,1400,158,50.077731,19.784836
47052099999,YANGDOK- KN,1292,1013,39.2166666,126.65
71617099999,JONQUIERE QUE- CA,1384,2311,48.4166666,288.8666667
72438814829,GOSHEN MUNICIPAL AIRPORT- IN US,1315,2194,41.52651,274.21279
71065099999,MYRNAM AGCM- CA,1437,1991,53.7166666,248.8833334
94328099999,TERRITORY GRAPE FARM- AS,675,1069,-22.45,133.6333333
96685099999,SYAMSUDIN NOOR- ID,865,918,-3.442356,114.762553
53705099999,ZHONGNING- CH,1274,845,37.4833333,105.6833333
27199099999,KIROV- RS,1485,397,58.5666666,49.5666666
15561099999,SHABLA- BU,1335,228,43.5333333,28.5333333
94372099999,MIDDLE PERCY ISLAND- AS,683,1202,-21.6666666,150.2666666
74207864773,PLYMOUTH MUNICIPAL AIRPORT- NH US,1337,2306,43.77917,288.24639
15335099999,CATALOI- RO,1350,230,45.062486,28.714311
02013099999,RITSEM- SW,1577,140,67.7333333,17.4666666
78062099999,GRAND BAHAMA INTERNATIONAL- BF,1165,2250,26.558686,281.304447
40938999999,FOB VICTORY STONE- AF,1241,498,34.1166666,62.2166666
61099099999,GAYA- NG,1018,28,11.8833333,3.45
06490099999,SPA LA SAUVENIERE- BE,1404,47,50.4833333,5.9166667
03041099999,AONACH MOR- UK,1468,2840,56.8166666,355.0333334
17204399999,MUS- TU,1287,333,38.747769,41.661236
17275099999,MARDIN- TU,1272,326,37.3,40.7333333
59358099999,TAINAN- CH,1129,962,23.0,120.2166666
59117099999,MEI XIAN- CH,1142,929,24.2833333,116.0666666
65208099999,IBADAN- NI,974,31,7.4333333,3.9
02979099999,KOKAR BOGSKAR- FI,1494,163,59.5,20.35
13378099999,KOPAONIK- RI,1332,166,43.2833333,20.8
16648099999,LARISA- GR,1296,180,39.650253,22.4655
76305099999,LORETO INTERNATIONAL- MX,1159,1989,25.989194,248.651639
85682099999,CARRIEL SUR INTERNATIONAL- CI,532,2295,-36.77265,286.936894
72398093720,SALISBURY WICOMICO REGIONAL AIRPORT- MD US,1283,2276,38.3409,284.48676
74509023244,MOFFETT FEDERAL AIRFIELD- CA US,1274,1904,37.4058,237.9519
78348099999,CAIBARIEN VILLA CLARA- CU,1125,2244,22.5166666,280.55
26659099999,LEPEL- BO,1448,230,54.8833333,28.7
72263793046,CANADIAN- TX US,1258,2077,35.9,259.6
70259026523,KENAI AIRPORT- AK US,1505,1670,60.57909,208.75848
99768799999,BURLINGTON DEL RIVER- NJ US,1300,2281,40.08,285.12
94674099999,PORT LINCOLN- AS,553,1087,-34.605278,135.880278
16258099999,MONTE S. ANGELO- IT,1316,128,41.7,15.95
71521099999,MANOUANE EST QUE- CA,1406,2316,50.65,289.4833334
95823099999,PADTHAWAY SOUTH- AS,533,1124,-36.65,140.5166666
71866099999,SASKATOON J G DIEFENBAKER INTERNATIONAL- CA,1421,2026,52.1666666,253.3
72278623104,PHOENIX WILLIAMS GATEWAY AIRPORT- AZ US,1232,1987,33.3,248.33333
03072099999,CAIRNWELL- UK,1468,2853,56.8833333,356.5833334
72031204964,PELLA MUNICIPAL AIRPORT- IA US,1313,2136,41.4,267.05417
95485099999,TIBOOBURRA- AS,605,1136,-29.451111,142.057778
58457099999,XIAOSHAN- CH,1202,963,30.228333,120.431667
08044099999,PONTEVEDRA- SP,1324,2811,42.4333333,351.3833334
72061300204,CONWAY HORRY CO AIRPORT- SC US,1238,2247,33.828,280.878
47772099999,OSAKA- JA,1246,1084,34.6833333,135.5166666
65344099999,CADJEHOUN- BN,963,19,6.357228,2.384353
02991099999,PORVOO EMASALO- FI,1501,205,60.2,25.6333333
11356099999,BAD AUSSEE- AU,1376,110,47.6166666,13.75
86086099999,PUERTO CASADO- PA,677,2417,-22.2833333,302.0666667
57131099999,JINGHE- CH,1244,872,34.4333333,108.9666666
72423353841,FRANKFORT CAPITAL CITY AIRPORT- KY US,1281,2201,38.18463,275.09607
47927699999,SHIMOJISHIMA- JA,1148,1001,24.826667,125.144722
65028099999,KATSINA- NI,1030,61,13.0166666,7.6833333
06604599999,LES EPLATURES- SZ,1370,54,47.08385,6.792836
57516099999,JIANGBEI- CH,1197,853,29.719217,106.641678
72546704973,SHENANDOAH MUNICIPAL AIRPORT- IA US,1307,2117,40.75139,264.58667
72428463825,COLUMBUS BOLTON FIELD- OH US,1298,2215,39.9,276.86667
71189099999,POINTE CLAVEAU QUE- CA,1382,2319,48.2666666,289.88333339999997
83827099999,CATARATAS INTERNATIONAL- BR,644,2444,-25.59615,305.512794
68491099999,CHARTERS CREEK- SF,617,259,-28.2,32.4166666
16687099999,ARAXOS- GR,1281,171,38.151111,21.425556
01447099999,HOYDALSMO II- NO,1494,66,59.5,8.2
17186099999,MANISA- TU,1286,219,38.6166666,27.4333333
02720099999,KITTILA- FI,1577,199,67.701022,24.84685
72657294966,FERGUS FALLS AIRPORT- MN US,1362,2111,46.28333,263.85
94327099999,JERVOIS- AS,670,1089,-22.95,136.15
70272026401,ANCHORAGE ELMENDORF AFB- AK US,1512,1682,61.25306,210.20639
72258013960,DALLAS FAA AIRPORT- TX US,1228,2105,32.83839,263.16417
60030099999,GRAN CANARIA- SP,1179,2757,27.931886,344.613414
02757099999,RAASEPORI JUSSARO- FI,1498,189,59.8166666,23.5833333
16066099999,MALPENSA- IT,1356,70,45.630606,8.728111
01225099999,VEIHOLMEN- NO,1535,64,63.5166666,7.95
71718099999,MONT JOLI A- CA,1385,2334,48.6,291.7833334
71768099999,SUMMERLAND CS BC- CA,1395,1923,49.566667,240.35
99497799999,GRAND ISLE- LA US,1192,2160,29.27,270.05
87497099999,GUALEGUAYCHU- AR,569,2411,-33.010278,301.38694399999997
67023099999,SAMBAVA- MA,757,401,-14.278611,50.174721
47870099999,TANEGASHIMA- JA,1205,1048,30.546667,130.950278
06108099999,KOLDING VAMDRUP- DA,1454,75,55.436283,9.330925
08219099999,MADRI COLMENAR- SP,1306,2850,40.65,356.2666667
60156099999,MOHAMMED V- MO,1233,2819,33.367467,352.410033
26502199999,SIAULIAI INTERNATIONAL- LH,1458,187,55.883,23.383
07438099999,LA ROCHE- FR,1351,12,45.150833,1.469167
71523099999,CHAMOUCHOUANE QUE- CA,1392,2293,49.2666666,286.65
72295023174,LOS ANGELES INTERNATIONAL AIRPORT- CA US,1239,1933,33.93816,241.6134
71287099999,ATMORE AGDM ALTA- CA,1447,1977,54.7666666,247.18333339999998
71843599999,KANGIKSUALUJJUAQ- CA,1487,2352,58.7166667,294.0166667
72032704995,MENOMONIE MUNICIPAL AIRPORT SCORE FIELD- WI US,1348,2145,44.89222,268.13222
72788324220,ELLENSBURG BOWERS FIELD- WA US,1370,1916,47.03376,239.46865
99439099999,SETTLEMENT POINT GBI- US,1166,2248,26.7,281.0
70262726561,RUBY AIRPORT- AK US,1547,1636,64.72722,204.53028
02759099999,PORVOO HARABACKA- FI,1503,205,60.4,25.6
99823199999,DOCK C PASCAGOULA- MS US,1203,2171,30.35,271.4333334
72201192813,ORLANDO KISSIMMEE MUNICIPAL AIRPORT- FL US,1182,2229,28.28972,278.56306
33275099999,SUMY- UP,1408,277,50.85,34.6666666
72235703961,NATCHEZ ADAM CO AIRPORT- MS US,1216,2150,31.61667,268.71667
07379099999,SAINT YAN- FR,1364,32,46.412536,4.013264
94369099999,ST LAWRENCE POST OFFICE- AS,676,1196,-22.35,149.5333333
06632099999,GRENCHEN- SZ,1371,59,47.1833333,7.4166666
99727199999,THE BATTERY- NY US,1307,2288,40.701,285.986
72035753993,CUSHING MUNICIPAL AIRPORT- OK US,1259,2106,35.95,263.22694
06628099999,PLAFFEIEN- SZ,1367,58,46.75,7.2666666
64500099999,LEON M BA- GB,904,75,0.4586,9.412283
97502099999,JEFMAN- ID,890,1049,-0.926358,131.121194
72362723081,GALLUP MUNICIPAL AIRPORT- NM US,1255,2010,35.50857,251.20681000000002
02875099999,OULU- FI,1549,203,64.930061,25.354564
72072500434,BRAZOS 133B- TX US,1180,2113,28.058,264.128
02801099999,ENONTEKIO KILPISJARVI- FI,1590,166,69.05,20.7833333
71486099999,JASPER WARDEN ALTA- CA,1429,1936,52.9333333,241.96666670000002
57046099999,HUA SHAN- CH,1244,881,34.4833333,110.0833333
61679099999,KAOLACK- SG,1041,2752,14.146881,343.948703
42379099999,GORAKHPUR- IN,1167,668,26.739708,83.449708
12300099999,GORZOW WLKP- PL,1427,122,52.75,15.2833333
74491014703,CHICOPEE FALLS WESTOVER FIELD- MA US,1321,2300,42.2,287.46667
12892099999,NYIREGYHAZA- HU,1379,174,47.983892,21.692317
60720099999,KELIBIA- TS,1268,89,36.85,11.0833333
48966099999,SIEM REAP- CB,1034,831,13.410666,103.81284
70203526704,SAVOONGA- AK US,1536,1516,63.68667,189.50667
A0000953862,PERRY FOLEY AIRPORT- FL US,1200,2211,30.07194,276.42638999999997
10476099999,HOLZDORF- GM,1417,105,51.767833,13.167667
65585099999,ADIAKE- IV,952,2854,5.3,356.7
51243099999,KARAMAY- CH,1356,679,45.6166666,84.85
07316099999,ILE DE RE- FR,1361,2870,46.179167,358.804722
33614099999,SVITLOVODS K- UP,1390,266,49.05,33.25
72503814714,STEWART FIELD- NY US,1314,2287,41.5,285.9
60437099999,MEDEA- AG,1262,22,36.2833333,2.7333333
07631099999,FRANCAZAL- FR,1335,11,43.545555,1.3675
11019099999,ALLENTSTEIG- AU,1386,123,48.6833333,15.3666666
25428099999,OMOLON- RS,1552,1284,65.2333333,160.5333333
72216453949,OKMULGEE MUNICIPAL AIRPORT- OK US,1256,2112,35.66806,264.05138999999997
72289903179,CHINO AIRPORT- CA US,1239,1939,33.97563,242.37513
78358099999,PUERTO PADRE LAS TUNAS- CU,1111,2267,21.2,283.38333339999997
76361599999,VALLE DEL FUERTE INTERNATIONAL- MX,1156,2007,25.685194,250.919194
40083099999,NABK- SY,1240,294,34.0333333,36.7166666
71098099999,SANDY LAKE- CA,1430,2133,53.0666666,266.65
72066399999,VIROQUA MUNICIPAL- WI US,1335,2153,43.579361,269.086858
16191099999,FALCONARA- IT,1336,107,43.616342,13.362319
94681099999,NURIOOTPA VITICULTURAL- AS,555,1112,-34.4833333,139.0
47774099999,KANSAI INTERNATIONAL- JA,1244,1082,34.4333333,135.2333333
95774099999,MANGROVE MOUNTAIN AWS- AS,567,1210,-33.2833333,151.2166666
72561024030,SIDNEY MUNICIPAL AIRPORT- NE US,1310,2056,41.09926,257.01358
71841099999,ARMSTRONG AUT ONT- CA,1402,2169,50.2833333,271.1
11261099999,OBERVELLACH- AU,1369,106,46.9333333,13.2166666
91689099999,SUVA KINGS WHARF- FJ,718,1427,-18.1333333,178.4333333
59254099999,GUIPING- CH,1133,881,23.4,110.0833333
72757014916,GRAND FORKS INTERNATIONAL AIRPORT- ND US,1379,2103,47.94281,262.81705999999997
04030099999,REYKJAVIK- IC,1541,2704,64.13,338.059444
67693099999,CHILEKA INTERNATIONAL- MI,743,280,-15.679053,34.974014
07390199999,MARCE- FR,1375,2878,47.560278,359.687778
72546314966,NORTHEAST IOWA REGIONAL AIRPORT- IA US,1330,2139,43.072504,267.389191
11008099999,ROHRBACH- AU,1385,112,48.5666666,14.0
13583099999,BITOLA- MK,1310,171,41.05,21.3666666
56021099999,QUMARLEB- CH,1241,766,34.1333333,95.7833333
54602099999,BAODING- CH,1287,924,38.7333333,115.4833333
72257603902,ROBERT GRAY ARMY AIR FIELD- TX US,1210,2097,31.06667,262.16667
44291099999,SONGIIN- MG,1378,854,47.85,106.75
59673099999,SHANGCHUAN DAO- CH,1117,902,21.7333333,112.7666666
91925099999,HIVA OA- FP,801,1768,-9.8,220.9666667
71246099999,RED EARTH ALTA- CA,1465,1958,56.5333333,244.7333334
02403099999,NAVEN- SW,1486,105,58.7,13.1166666
72309593719,NEW BERN COASTAL CAROLINA REGIONAL AIRPORT- NC US,1250,2264,35.06836,282.95217
47184099999,JEJU- KS,1235,1012,33.5166666,126.5333333
72211800482,VENICE MUNICIPAL AIRPORT- FL US,1170,2220,27.07161,277.55967
03887399999,LYDD- UK,1409,8,50.956111,0.939167
99721199999,TAS TARPON SPRINGS FL- US,1181,2218,28.15,277.25
83566099999,CONFINS AERO- BR,703,2528,-19.6166667,316.0333333
72525604857,ASHTABULA CO AIRPORT- OH US,1317,2234,41.7794,279.30317
56116099999,DENGQEN- CH,1214,765,31.4166666,95.6
02303099999,FLATRUET- SW,1527,102,62.7333333,12.7333333
72232912936,PATTERSON- LA US,1197,2149,29.71667,268.66667
02265099999,HEMLING- SW,1536,148,63.65,18.55
71178099999,BONAVISTA RCS- CA,1386,2455,48.6666666,306.88333339999997
63695099999,MERU- KE,900,301,0.0833333,37.65
01490099999,TRYVANNSHOGDA- NO,1499,85,59.9833333,10.6833333
72067200485,FLAGLER CO EXECUTIVE AIRPORT- FL US,1194,2230,29.46738,278.79367
74735553997,COMANCHE CO CITY AIRPORT- TX US,1219,2091,31.91667,261.39972
94152099999,BORROLOOLA- AS,739,1090,-16.0833333,136.3
72220012832,APALACHICOLA AIRPORT- FL US,1197,2200,29.72681,274.97519
02924099999,AHTARI MYLLYMAKI- FI,1525,194,62.5333333,24.2166666
99779799999,POINT RETREAT- AK US,1483,1800,58.4,225.05
40100099999,RAFIC HARIRI INTERNATIONAL- LE,1238,284,33.820931,35.488389
99999904137,DILLON 18 WSW- MT US,1351,1976,45.158,246.9943
61043099999,TAHOUA- NG,1048,42,14.875658,5.265358
72224400358,COLLEGE PARK AIRPORT- MD US,1289,2265,38.981,283.078
59985099999,SANHU DAO- CH,1065,893,16.5333333,111.6166666
40990399999,FOB FRONTENAC- AF,1218,527,31.8666666,65.85
12695099999,PRZEMYSL- PL,1397,182,49.8,22.7666666
72618494709,AUBURN LEWISTON- ME US,1340,2318,44.05,289.71667
72532014842,GENERAL WAYNE A. DOWNING INTERNATIONAL AIRPORT- IL US,1306,2163,40.66747,270.31582000000003
71489099999,SCOTT CDA- CA,1423,2009,52.3666666,251.1666667
43296099999,BANGALORE HINDUSTAN AIRPORT- IN,1029,621,12.95,77.6333333
71805099999,ST PIERRE- SB,1367,2431,46.762664,303.824469
43450099999,BANDARANAIKE INTERNATIONAL COLOMBO- CE,971,639,7.180861,79.865833
71872099999,SVARTEVAEG- CA,1711,2145,81.1666666,268.1833334
68377099999,NEWCASTLE- SF,622,240,-27.7666666,29.9833333
17067499999,ANTALYA GAZIPASA- TU,1262,258,36.3,32.3
70207026627,UNALAKLEET FIELD- AK US,1538,1594,63.88333,199.2
71068099999,PEACE RIVER- CA,1462,1940,56.226944,242.552778
85345099999,TCNL RAFAEL PABON- BL,687,2373,-21.255231,296.594389
71920099999,BACCARO PT- CA,1334,2356,43.45,294.5333334
41515099999,DROSH- PK,1255,574,35.5666666,71.7833333
72549704908,COUNCIL BLUFFS MUNICIPAL AIRPORT- IA US,1312,2114,41.25944,264.24028
91413040308,YAP ISLAND WEATHER SERVICE OFFICE AIRPORT- FM FM,994,1105,9.48333,138.08333
72547404915,CRESTON MUNICIPAL AIRPORT- IA US,1310,2125,41.00722,265.63694
06279099999,HOOGEVEEN AWS- NL,1427,53,52.7333333,6.5730556
95758099999,SCONE AIRPORT- AS,579,1207,-32.0333333,150.8333333
72066500243,MAGNOLIA OIL PLATFORM- LA US,1171,2142,27.2,267.8
60135099999,SALE- MO,1240,2826,34.051467,353.248481
67067099999,AMBOHITSILAOZANA- MA,723,388,-17.6333333,48.5
72401993773,WAKEFIELD MUNICIPAL AIRPORT- VA US,1269,2264,36.98269,282.99863
72756604902,AUSTIN MUNICIPAL AIRPORT- MN US,1336,2137,43.66472,267.06667
72510094746,WORCESTER REGIONAL AIRPORT- MA US,1322,2305,42.2706,288.1269
07622099999,LAMOTHE- FR,1336,5,43.687778,0.601667
72093300318,LINTON MUNICIPAL AIRPORT- ND US,1362,2078,46.218,259.755
52754099999,GANGCA- CH,1273,801,37.3333333,100.1333333
10348099999,BRAUNSCHWEIG WOLFSBURG- GM,1423,84,52.319167,10.556111
72524014820,CLEVELAND HOPKINS INTERNATIONAL AIRPORT- OH US,1314,2225,41.40568,278.14809
48826099999,PHU LIEN- VM,1107,853,20.8,106.6333333
74781013857,VALDOSTA MOODY AFB- GA US,1209,2214,30.96667,276.8
43404099999,JAFFNA- CE,996,640,9.65,80.0166666
02679099999,HOBURG A- SW,1469,145,56.9166666,18.15
38141599999,BUKHARA- UZ,1297,516,39.775,64.483333
06782099999,DISENTIS SEDRUN- SZ,1366,71,46.7,8.85
23058099999,ANTIPAJUTA- RS,1590,615,69.0833333,76.85
41061099999,WADI AL DAWASIR- SA,1105,362,20.504275,45.199556
94892099999,RHYLL AWS- AS,515,1162,-38.45,145.3
64709099999,PALA- CD,993,119,9.3666667,14.9166667
95931099999,BEGA AWS- AS,533,1199,-36.6666666,149.8166666
71957499999,FORT MCPHERSON- CA,1574,1801,67.4075,225.139444
97310099999,LARANTUKA GEWAYENTA- ID,817,984,-8.2666667,122.9666667
47163099999,MUAN INTERNATIONAL AIRPORT- KS,1249,1011,34.9833333,126.3833333
28216099999,VERESCAGINO- RS,1480,437,58.0833333,54.6833333
62435099999,KHARGA- EG,1154,244,25.45,30.5333333
47981099999,IWOTO- JA,1147,1131,24.784,141.322722
20667099999,IM. M.V. POPOVA- RS,1633,560,73.3333333,70.05
41112099999,ABHA- SA,1082,341,18.240367,42.656625
89009090001,AMUNDSEN SCOTT- AY,0,0,-90.0,0.0
72764024011,BISMARCK MUNICIPAL AIRPORT- ND US,1367,2074,46.78232,259.24248
54436099999,QINGLONG- CH,1303,952,40.4,118.95
96935599999,JUANDA- ID,826,902,-7.379831,112.786858
02796099999,LIEKSA LAMPELA- FI,1533,240,63.3166666,30.05
42475099999,ALLAHABAD AIRPORT- IN,1154,654,25.440064,81.733872
72272803196,NOGALES INTERNATIONAL AIRPORT- AZ US,1214,1993,31.42076,249.15345000000002
70133026616,KOTZEBUE AIRPORT- AK US,1568,1579,66.88569,197.3932
02482099999,KERSTINBO- SW,1502,136,60.2666666,16.9833333
14258099999,DARUVAR- HR,1355,138,45.6,17.2333333
72789094197,OMAK- WA US,1384,1924,48.46113,240.47908999999999
71088099999,ROWLEY ISLAND- CA,1590,2247,69.07,280.93
71831099999,KAPUSKASING- CA,1394,2220,49.413889,277.5325
99799099999,ACE BASIN RESERVE- SC US,1225,2236,32.55,279.55
95634099999,SOUTHERN CROSS AIRFIELD- AS,587,955,-31.2333333,119.35
72205312841,ORLANDO EXECUTIVE AIRPORT- FL US,1185,2229,28.54653,278.66456
14308099999,PAZIN- HR,1352,111,45.2333333,13.9333333
71018099999,RESOLUTE CS- CA,1647,2120,74.7166666,265.0166667
94609099999,JANDAKOT AERO- AS,578,927,-32.1,115.8833333
72539614815,BATTLE CREEK KELLOGG AIRPORT- MI US,1323,2198,42.31192,274.75853
71688099999,CALLAGHAN VALLEY- CA,1401,1895,50.15,236.8833334
06612099999,LA CHAUX DE FONDS- SZ,1370,54,47.0833333,6.8
40990499999,FOB SPIN BULDAK- AF,1209,531,30.9833333,66.35
72202912888,MIAMI KENDALL TAMIAMI EXEC AIRPORT- FL US,1156,2237,25.64226,279.56533
96837099999,SEMARANG- ID,830,883,-6.9666666,110.4166666
72767594011,MINOT AFB- ND US,1384,2069,48.41667,258.65
72267823052,RATON MUNICIPAL CREWS FIELD AIRPORT- NM US,1267,2044,36.74177,255.49236000000002
02292099999,HOKMARKSBERGET- SW,1544,170,64.4333333,21.2833333
99407099999,DESTRUCTION IS. WA- WA US,1376,1884,47.68,235.51
72616594721,KEENE DILLANT HOPKINS AIRPORT- NH US,1328,2302,42.9,287.73333
72329003935,CAPE GIRARDEAU FAA AIRPORT- MO US,1272,2163,37.22545,270.42145
72546514950,OTTUMWA INDUSTRIAL AIRPORT- IA US,1311,2140,41.10079,267.55547
72207463840,CARMI MUNICIPAL AIRPORT- IL US,1280,2175,38.08944,271.87694
02747099999,TURKU RAJAKARI- FI,1503,177,60.3833333,22.1
01373099999,NESBYEN TODOKK- NO,1505,73,60.5666666,9.1333333
71741099999,KAMLOOPS AUTO- CA,1406,1916,50.7,239.55
11032099999,POYSDORF- AU,1386,133,48.6666666,16.6333333
72058299999,TODD FIELD- MN US,1358,2121,45.898575,265.126089
74466263817,TAYLORVILLE MUNICIPAL AIRPORT- IL US,1295,2165,39.53417,270.67222
71419099999,HART ISLAND AUT NS- CA,1353,2392,45.35,299.0166667
78369099999,PUNTA DE MAISI GUANTANAMO- CU,1102,2287,20.25,285.85
01311099999,FLESLAND- NO,1502,42,60.293386,5.218142
99999994092,AKRON A 4 E- CO US,1301,2055,40.1551,256.8583
94312099999,PORT HEDLAND INTERNATIONAL- AS,696,949,-20.377778,118.626389
43444099999,KANDY- CE,973,645,7.3333333,80.6333333
94975099999,HOBART- AS,471,1180,-42.836111,147.510278
57071099999,MENGJIN- CH,1248,899,34.8166666,112.4333333
59567099999,LAN YU- CH,1120,972,22.0333333,121.55
65475099999,ADA- GH,957,5,5.7833333,0.6333333
71310099999,ST. PETERS PEI- CA,1364,2379,46.45,297.4333334
71971099999,GRISE FIORD CLIMATE- CA,1664,2217,76.4166666,277.1
16242099999,FIUMICINO- IT,1318,98,41.804475,12.250797
16090099999,VILLAFRANCA- IT,1353,87,45.395706,10.888533
60633099999,IN ZIZA- AG,1132,21,23.2166666,2.5833333
71482099999,CATHEDRAL POINT AUT BC- CA,1421,1860,52.1833333,232.5333334
15200099999,ARAD- RO,1361,170,46.17655,21.262022
72290303131,SAN DIEGO MONTGOMERY FIELD- CA US,1228,1943,32.81453,242.86253
70275626479,VALDEZ MUNICIPAL AIRPORT- AK US,1511,1710,61.1315,213.7565
94598099999,EVANS HEAD RAAF BOMBING RANGE- AS,608,1227,-29.1833333,153.4
17237599999,CARDAK- TU,1277,238,37.785567,29.701297
71844399999,EASTMAIN RIVER- CA,1422,2252,52.2333333,281.4833333
72743554820,MACKINAC ISLAND AIRPORT- MI US,1358,2203,45.865,275.36278
72408594732,NORTHEAST PHILADELPHIA AIRPORT- PA US,1300,2280,40.07892,284.98663999999997
68300799999,VEREENIGING- SF,634,224,-26.566372,27.960756
50788099999,FUJIN- CH,1372,1056,47.2333333,131.9833333
72590523275,UKIAH MUNICIPAL AIRPORT- CA US,1291,1894,39.12781,236.79985
28383099999,TEVRIZ- RS,1475,579,57.5166666,72.4
99826299999,AQUADILLA- RQ,1084,2343,18.45,292.8333334
99999954933,ABERDEEN 35 WNW- SD US,1357,2087,45.71145,260.87041999999997
11302099999,DORNBIRN- AU,1374,78,47.4333333,9.7333333
60531099999,ZENATA- AG,1250,2868,35.016667,358.55
71081499999,IGLOOLIK AIRPORT- CA,1593,2225,69.3666667,278.1833333
72639514808,OSCODA WURTSMITH AIRPORT- MI US,1344,2213,44.45,276.6
99817699999,SUPERIOR GRAND TRAVERSE BAY- MI US,1371,2174,47.1833333,271.7666667
47634099999,GIFU- JA,1253,1095,35.394078,136.869667
47739099999,SHIZUOKA AIRPORT- JA,1247,1105,34.8,138.1833333
99999903081,TROPIC 9 SE- UT US,1275,1984,37.5174,248.02249999999998
61666099999,DIOURBEL- SG,1046,2750,14.65,343.7666667
14253199999,LOSINJ ISLAND- HR,1345,115,44.5666667,14.4
72654954905,COOK MUNICIPAL AIRPORT- MN US,1378,2138,47.82194,267.31056
71701099999,GAGETOWN CAN MIL- CA,1358,2349,45.8333333,293.5666667
06340099999,WOENSDRECHT- NL,1414,35,51.449092,4.342031
36872099999,ALMATY- KZ,1333,616,43.352072,77.040508
72686524196,SALMON LEMHI CO AIRPORT- ID US,1351,1969,45.11667,246.11667
17372599999,HATAY- TU,1263,290,36.35,36.2833333
01376099999,GULSVIK II- NO,1503,77,60.3833333,9.6
12540099999,RACIBORZ- PL,1400,146,50.05,18.2
72659304946,JACKSON MUNICIPAL AIRPORT- MN US,1336,2120,43.65,265.01360999999997
11137099999,MARIA ALM- AU,1373,103,47.4,12.9
54618099999,POTOU- CH,1280,932,38.0833333,116.55
71959099999,CHETICAMP CS- CA,1366,2393,46.6333333,299.0666667
72228713871,ANNISTON METROPOLITAN AIRPORT- AL US,1235,2193,33.59043,274.15211999999997
47912099999,YONAGUNIJIMA- JA,1144,984,24.4666666,123.0166666
16020099999,BOLZANO- IT,1364,91,46.460194,11.326383
48455099999,BANGKOK METROPOLIS- TH,1037,805,13.7333333,100.5666666
07055099999,TILLE- FR,1394,17,49.454444,2.112778
72260003969,STEPHENVILLE CLARK FIELD- TX US,1222,2095,32.21528,261.8225
07027099999,CARPIQUET- FR,1391,2876,49.173333,359.55
72391093111,POINT MUGU NF- CA US,1241,1927,34.12407,240.87718999999998
71294099999,BANCROFT AUTO ONT- CA,1350,2257,45.0666666,282.13333339999997
99801299999,ST JOSEPH- MI US,1320,2188,42.1,273.5166667
44354099999,SAINSHAND- MG,1348,881,44.9,110.1166666
02119099999,KVIKKJOKK ARRENJARKA- SW,1568,144,66.8833333,18.0166666
16119099999,GIOVI PASS- IT,1346,71,44.6333333,8.9333333
72250812957,PORT ISABEL CAMERON CO AIRPORT- TX US,1161,2101,26.15966,262.66219
02550099999,JONKOPING- SW,1477,113,57.757594,14.068731
96933099999,SURABAYA PERAK- ID,827,902,-7.2166667,112.7166667
72074924255,WHIDBEY ISLAND NAS- WA US,1383,1899,48.35,237.33333
72209953936,CHANDLER MUNICIPAL AIRPORT- OK US,1257,2105,35.72361,263.18
41494099999,SOCOTRA- YM,1026,431,12.6333333,53.9
27271099999,SAR JA- RS,1483,364,58.3666666,45.5333333
99736599999,BAYOU LABRANCH- LA US,1200,2157,30.05,269.63
03609099999,MUMBLES HEAD- UK,1415,2848,51.5666666,356.0166667
71322099999,ARVIAT CLIMATE NU- CA,1510,2127,61.1,265.9333334
94682099999,LOXTON RESEARCH CENTRE- AS,555,1125,-34.4333333,140.6
99736199999,EAGLE POINT- TX US,1194,2121,29.48,265.08
72438093819,INDIANAPOLIS INTERNATIONAL AIRPORT- IN US,1297,2190,39.72515,273.7184
72297263878,LITCHFIELD MUNICIPAL AIRPORT- IL US,1291,2163,39.1625,270.32528
02869099999,KUUSAMO- FI,1559,234,65.987575,29.239381
71064099999,CAPE PEEL WEST- CA,1590,2017,69.03,252.18
70063226645,BUCKLAND AIRPORT- AK US,1559,1591,65.98333,198.86667
03257099999,LEEMING- UK,1442,2868,54.292383,358.4646
89053099999,BASE CARLINI- AY,277,2411,-62.2333333,301.3666667
71029099999,HOLMAN CS- CA,1607,1938,70.75,242.2
99999953003,GRANTS 2 S- NM US,1251,2017,35.1188,252.1697
40394099999,HAIL- SA,1174,333,27.437917,41.686292
72655714910,ALEXANDRIA CHANDLER FIELD- MN US,1358,2117,45.86801,264.60600999999997
41404099999,SANAA INTERNATIONAL- YM,1054,354,15.476258,44.219739
99999923906,PORT ARANSAS 32 NNE- TX US,1183,2105,28.3045,263.177
99798999999,OLCOTT HARBOR- NY US,1333,2250,43.3333333,281.2833334
02490099999,SVANBERGA- SW,1498,149,59.8333333,18.6333333
17040099999,RIZE- TU,1310,324,41.0333333,40.5166666
64551099999,LAMBARENE- GB,892,82,-0.704389,10.245722
72050100155,TAPPAHANNOCK ESSEX CO AIRPORT- VA US,1278,2265,37.85,283.117
40585099999,SALMIYAH- KU,1193,385,29.35,48.1
72214904899,PERU IL VALLEY REGIONAL WALTER A DUNCAN FIELD AIRPORT- IL US,1313,2167,41.35167,270.84694
03171099999,LEUCHARS- UK,1463,2857,56.372889,357.131556
99421099999,POINT ARGUELLO CA- US,1245,1915,34.58,239.35
17203099999,BINGOL- TU,1288,324,38.8666666,40.5
71579099999,WINNIPEG THE FORKS MAN- CA,1398,2103,49.8833333,262.8666667
50136099999,MOHE- CH,1429,980,52.9666666,122.5333333
07203099999,BEG MELEN- FR,1376,2852,47.65,356.5
17050099999,EDIRNE- TU,1316,213,41.6666666,26.5666666
85561099999,VINA DEL MAR- CI,569,2307,-33.05,288.4166667
61250099999,MENAKA- ML,1058,18,15.8666667,2.2166667
72402093739,WALLOPS ISLAND NASA TEST FACILITY- VA US,1279,2276,37.93718,284.53378
40642099999,RUTBAH- IZ,1230,322,33.0333333,40.2833333
02799099999,KUHMO KALLIOJOKI- FI,1542,241,64.3,30.1666666
71034899999,CHETWYND- CA,1456,1907,55.687222,238.373333
99800599999,NORTH INLET WINYAH BAY- SC US,1233,2247,33.35,280.8166667
71494099999,THETFORD MINES RCS- CA,1360,2310,46.05,288.7333334
48557899999,TRAT- TH,1022,819,12.275269,102.319917
72656194997,WADENA MUNICIPAL AIRPORT- MN US,1364,2118,46.44667,264.78833
29553099999,BOGOTOL- RS,1462,716,56.2166666,89.55
71334099999,TADOULE LAKE CS MAN- CA,1486,2092,58.7,261.5
72091400304,EUGENE ISLAND OIL PLATFORM- LA US,1186,2148,28.633,268.517
85836099999,ALTO PALENA- CI,463,2305,-43.6166667,288.1833333
86221099999,PARAGUARI- PA,643,2423,-25.6333333,302.8666667
25399099999,MYS UELEN- RS,1561,1521,66.15,190.1666667
71383099999,BONNARD 1 QUE- CA,1407,2312,50.7166666,289.0
02496099999,SVENSKA HOGARNA- SW,1494,156,59.45,19.5
29023099999,NAPAS- RS,1498,656,59.85,81.95
95964099999,LOW HEAD- AS,489,1174,-41.05,146.7833333
12851099999,KEKESTETO- HU,1378,160,47.8666666,20.0166666
48439099999,KABINBURI- TH,1039,814,13.9833333,101.7
83460099999,PORTO SEGURO- BR,735,2567,-16.438639,320.919083
08141099999,VALLADOLID- SP,1316,2842,41.6333333,355.25
13585099999,PRILEP- MK,1313,173,41.3333333,21.5666666
23986099999,SEVERO ENISEJSK- RS,1503,744,60.3666666,93.0333333
26544099999,DAUGAVPILS- LG,1458,213,55.8666666,26.6166666
71669099999,PEKISKO- CA,1403,1965,50.3666666,245.58333340000001
76549399999,GENERAL FRANCISCO JAVIER MINA INTERNATIONAL- MX,1122,2097,22.29645,262.134069
80211099999,EL EDEN- CO,944,2274,4.452775,284.23355300000003
99821499999,MEDIA LUNA LA PARGUERA- RQ,1079,2344,17.9333333,292.95
72472099999,BLANDING- UT US,1276,2004,37.6166666,250.533334
98753099999,FRANCISCO BANGOY INTERNATIONAL- RP,971,1005,7.125522,125.645778
02830099999,KOUVOLA ANJALA- FI,1506,215,60.7,26.8166666
16270099999,BARI- IT,1311,134,41.1333333,16.7666666
99999904130,ST. MARY 1 SSW- MT US,1387,1973,48.7412,246.567
89050099999,BELLINGSHAUSEN AWS- AY,278,2409,-62.1833333,301.1166667
72239999999,ZAPATA YORKTOWNTLAT- US,1174,2125,27.417,265.58299999999997
61257099999,KAYES DAG DAG- ML,1044,2788,14.48167,348.5603
70386025329,PETERSBURG 1- AK US,1468,1817,56.8055,227.0628
71670099999,KOUCHIBOUGUAC CS- CA,1367,2360,46.77,295.0
89628099999,AGO 1- AY,61,1037,-83.8666666,129.6166666
60559099999,GUEMAR- AG,1235,54,33.511397,6.776794
70197526422,EAGLE AIRPORT- AK US,1547,1751,64.77611,218.83649
71222099999,DEASE LAKE AUT- CA,1484,1840,58.4333333,229.9666667
01001499999,SORSTOKKEN- NO,1497,43,59.791925,5.34085
72616454728,WHITEFIELD MOUNT WASHINGTON REGIONAL AIRPORT- NH US,1343,2308,44.36594,288.44783
48373099999,SI SAMRONG AGROMET- TH,1071,799,17.1666666,99.8666666
47872099999,AMAMI- JA,1184,1038,28.430633,129.712542
72687594107,ROME STATE AIRPORT- OR US,1325,1937,42.590187,242.135436
61091099999,MAGARIA- NG,1029,71,12.9833333,8.9333333
71067099999,NEW SERPTA AGCM- CA,1432,1975,53.2666666,246.83333340000001
34824099999,PRIMORSKO AHTARSK- RS,1360,305,46.0333333,38.15
72265023023,MIDLAND INTERNATIONAL AIRPORT- TX US,1219,2062,31.94754,257.79141
72203412812,PUNTA GORDA CHARLOTTE CO AIRPORT- FL US,1169,2224,26.91847,278.00609
99999903047,MONAHANS 6 ENE- TX US,1216,2058,31.6219,257.1929
95591099999,REDCLIFFE- AS,627,1225,-27.2166666,153.1
28838099999,MAGNITOGORSK- RS,1433,473,53.35,59.0833333
80222099999,ELDORADO INTERNATIONAL- CO,947,2287,4.701594,285.853053
95286099999,MAREEBA AIRPORT AWS- AS,729,1163,-17.0666666,145.4333333
16459099999,CATANIA SIGONELLA- IT,1273,119,37.4,14.917
31388099999,NORSK- RS,1423,1039,52.35,129.9166666
58606099999,CHANGBEI INTERNATIONAL- CH,1188,927,28.865,115.9
07385099999,CHARNAY- FR,1362,38,46.295103,4.795767
47031199999,MEILAN- CH,1099,884,19.934856,110.458961
40968099999,GHAZNI- AF,1235,547,33.5333333,68.4166667
71323099999,BEAUCEVILLE QUE- CA,1361,2314,46.2,289.2166667
17200099999,ERHAC- TU,1284,305,38.435347,38.091006
16522099999,CAPE CACCIA- IT,1305,65,40.5666667,8.1666667
71928099999,ROCKY MOUNTAIN HOUSE AUT ALTA- CA,1424,1961,52.4166666,245.1
26643099999,SHARCOVSCHINA- BO,1453,220,55.3666666,27.4666666
71607099999,ST.STEPHEN AUT- CA,1352,2342,45.2166666,292.75
08594099999,AMILCAR CABRAL INTERNATIONAL- CV,1067,2696,16.741389,337.05055600000003
02743099999,KEMIONSAARI VANO- FI,1498,178,59.8666666,22.2
89828099999,DOME C II- AY,148,987,-75.1166666,123.3666666
99409099999,PASSAGE ISLAND MI- MI US,1382,2173,48.22,271.63
38838099999,ISAMBAJ- TI,1280,547,38.05,68.35
03566099999,WYTON- UK,1423,2879,52.357167,359.892167
25913099999,SOKOL- RS,1499,1206,59.910989,150.720439
14219099999,PARG- HR,1355,117,45.6,14.6333333
44257099999,BINDER- MG,1386,885,48.6166667,110.6
55664099999,TINGRI- CH,1186,697,28.6333333,87.0833333
72034653991,OAKDALE ALLEN PARISH AIRPORT- LA US,1207,2138,30.75028,267.31167
72691724284,NORTH BEND SOUTHWEST OREGON REGIONAL AIRPORT- OR US,1334,1886,43.41333,235.75639
95901099999,MOUNT BAW BAW- AS,521,1170,-37.8333333,146.2666666
72543094822,ROCKFORD GREATER ROCKFORD AIRPORT- IL US,1321,2167,42.19325,270.906652
72054300167,DE KALB CO AIRPORT- IN US,1312,2199,41.3,274.933
72451993967,COFFEYVILLE MUNICIPAL AIRPORT- KS US,1270,2115,37.0912,264.42742
98134099999,BASCO RADAR- RP,1104,976,20.4333333,121.9666666
68399099999,BIG BEND- WZ,631,255,-26.85,31.9166666
47128099999,CHEONGJU INTERNATIONAL- KS,1267,1020,36.7166,127.499119
47927099999,MIYAKO- JA,1147,1002,24.782833,125.295111
72205153932,ATOKA MUNICIPAL AIRPORT- OK US,1243,2111,34.39833,263.85194
30859099999,AGINSKOE- RS,1410,916,51.1,114.5166666
97700099999,NAMLEA BURU ISLAND- ID,867,1017,-3.25,127.0833333
72310700371,SANTEE COOPER REGIONAL AIRPORT- SC US,1235,2238,33.587,279.791
48957099999,ATTOPEU- LA,1047,855,14.8,106.8333333
51886099999,MANGNAI- CH,1282,727,38.25,90.85
43041099999,JAGDALPUR- IN,1090,656,19.0833333,82.0333333
72531594870,CHAMPAIGN URBANA WILLARD AIRPORT- IL US,1300,2174,40.0324,271.72453
02777099999,SALO KIIKALA AIRFIELD- FI,1504,189,60.4666666,23.65
02102099999,STEKENJOKK- SW,1550,116,65.1,14.5166666
28491099999,BOL SIE UKI- RS,1469,581,56.9333333,72.6666666
27928099999,ELEC- RS,1426,308,52.6333333,38.5166666
99817999999,OLD WOMEN CREEK- OH US,1313,2220,41.3833333,277.5
14324099999,ZAVIZAN- HR,1348,120,44.8166666,14.9833333
61296099999,BOUGOUNI- ML,1014,2820,11.4166667,352.5
71727099999,BAGOTVILLE- CA,1383,2312,48.330555,289.003609
91679099999,LAUTOKA QUEENS WHARF- FJ,723,1420,-17.6,177.45
87692099999,MAR DEL PLATA- AR,520,2419,-37.934167,302.426667
95747099999,MURRURUNDI GAP AWS- AS,582,1206,-31.7333333,150.8
11698099999,KUCHAROVICE- EZ,1388,129,48.8833333,16.0833333
72054200166,LAGO VISTA RUSTY ALLEN AIRPORT- TX US,1204,2096,30.5,262.033
72208204876,FREEPORT ALBERTUS AIRPORT- IL US,1322,2163,42.24611,270.41778
99999963866,GUNTERSVILLE 2 SW- AL US,1243,2189,34.3337,273.6844
30622099999,KACUG- RS,1439,847,53.9666666,105.9
72268023009,ROSWELL INDUSTRIAL AIR PARK- NM US,1233,2044,33.30735,255.49183
93373099999,NAPIER AERODROME AWS- NZ,505,1415,-39.4666666,176.8666666
57067099999,LUSHI- CH,1240,889,34.0833333,111.0666666
29698099999,NIZNE UDINSK- RS,1448,792,54.8833333,99.0333333
72575524101,OGDEN HILL AFB- UT US,1311,1984,41.11667,248.03333
96509099999,TARAKAN JUWATA- ID,933,941,3.3333333,117.5666666
72494693232,SAN JOSE REID HILLVIEW AIRPORT- CA US,1273,1905,37.33333,238.18333
29642099999,KEMEROVO- RS,1452,689,55.270094,86.107208
30975099999,PRIARGUNSK- RS,1403,953,50.3333333,119.0666666
41536099999,BALAKOT- PK,1243,587,34.3833333,73.35
72637014826,FLINT FCWOS- MI US,1329,2210,42.96684,276.25004
06609999999,DUBENDORF- SZ,1373,69,47.398644,8.648231
72323003856,HUNTSVILLE INTNL AIRPORT- AL US,1246,2186,34.64406,273.21385
41256099999,SEEB INTERNATIONAL- MU,1135,466,23.593278,58.284444
24322099999,POLIARNY- RS,1564,896,66.400431,112.030325
72038999999,ST MARY S REGIONAL LEONARD TOWN- MD US,1283,2268,38.3166666,283.45
28593099999,BOL SHERECH E- RS,1460,597,56.1,74.6333333
02845099999,ROVANIEMI- FI,1565,207,66.564822,25.830411
47677099999,MIYAKEJIMA- JA,1241,1116,34.1166666,139.5166666
40400099999,WEJH- SA,1161,292,26.198553,36.476381
71429099999,CAP D ESPOIR QUE- CA,1384,2365,48.4166666,295.6833334
71474099999,CLINTON- CA,1411,1908,51.15,238.5
59431099999,WUXU- CH,1126,865,22.608267,108.172442
34949099999,SHPAKOVSKOYE- RS,1351,337,45.109165,42.112778
15511099999,LOM- BU,1338,186,43.8166666,23.25
26238099999,RUJIENA- LG,1478,203,57.9,25.3833333
06206099999,F16 A- NL,1441,32,54.1166666,4.0166666
72215653873,CARTERSVILLE AIRPORT- GA US,1241,2201,34.11587,275.149287
50953099999,HARBIN- CH,1359,1013,45.9333333,126.5666666
33761099999,LIUBASHIVKA- UP,1378,242,47.85,30.2666666
68400099999,MAKATINI- SF,626,257,-27.3833333,32.1833333
02553099999,KYMBO- SW,1480,110,58.0833333,13.7833333
99999903060,MONTROSE 11 ENE- CO US,1285,2018,38.544,252.3072
47592099999,ISHINOMAKI- JA,1284,1130,38.4333333,141.3
06759099999,CIMETTA- SZ,1361,70,46.2,8.8
20046099999,POLARGMO IM. E.T. KRENKELJA- RS,1706,464,80.6166666,58.05
99826699999,STURGEON POINT- NY US,1326,2248,42.6833333,280.95
95480099999,MARREE AERO- AS,603,1105,-29.6666666,138.0666666
72405853818,ABINGDON VIRGINIA HIGHLANDS AIRPORT- VA US,1266,2224,36.68333,277.96667
74504693242,MADERA MUNICIPAL AIRPORT- CA US,1269,1919,36.98505,239.88932
01180099999,HARSTAD- NO,1587,132,68.8,16.5333333
48555099999,SURAT THANI AGROMET- TH,990,797,9.1,99.6333333
71850099999,KENORA A- CA,1397,2125,49.7833333,265.63333339999997
40979399999,FOB WOLVERINE- AF,1219,536,31.967,67.05
72041400139,KNOX CO AIRPORT- OH US,1303,2220,40.333,277.483
08541099999,SINES MONTES CHAOS- PO,1279,2809,37.95,351.1333334
16059599999,AERITALIA TORINO- IT,1350,61,45.086353,7.603375
02731099999,PUUMALA KK- FI,1515,226,61.5333333,28.2
91945099999,HEREHERETUE- FP,700,1720,-19.9,215.050556
72268393083,RUIDOSO SIERRA BLANCA AIRPORT- NM US,1234,2036,33.45,254.48333
97048099999,JALALUDDIN- ID,906,983,0.637119,122.849858
51334099999,JINGHE- CH,1345,663,44.5666666,82.8166666
72274523109,DAVIS MONTHAN AFB- AZ US,1221,1993,32.16667,249.11667
71541099999,JEAN COTE AGCM- CA,1458,1943,55.9,242.8833334
51288099999,BAYTIK SHAN- CH,1353,724,45.3666666,90.5333333
58367099999,HONGQIAO INTERNATIONAL- CH,1211,971,31.197875,121.336319
89528099999,AGO 3- AY,72,229,-82.7666666,28.5833333
02418099999,KARLSTAD- SW,1494,107,59.444714,13.337361
71374099999,CAPE WHITTLE QUE- CA,1401,2400,50.15,299.95
86285099999,CAPITAN MEZA- PA,631,2437,-26.8333333,304.6666667
72209304878,GRAYLING ARMY AIR FIELD AIRPORT- MI US,1346,2202,44.68028,275.27139
17130099999,ANKARA CENTRAL- TU,1299,263,39.95,32.8833333
02929099999,JOENSUU- FI,1526,237,62.662906,29.60755
40934399999,FOB BOSTIC- AF,1252,572,35.21,71.52
12215099999,SZCZECINEK- PL,1437,134,53.7166666,16.7466667
60101099999,IBN BATOUTA- MO,1257,2833,35.726917,354.083111
72219953956,TAHLEQUAH MUNICIPAL AIRPORT- OK US,1259,2120,35.92889,264.99556
17310099999,ALANYA- TU,1265,256,36.55,32.0
71574099999,BATHURST- CA,1376,2354,47.629723,294.261111
57014099999,BEIDAO- CH,1245,847,34.57,105.87
72562624091,IMPERIAL MUNICIPAL AIRPORT- NE US,1305,2067,40.51063,258.37568
11082099999,GUMPOLDSKIRCHEN- AU,1380,130,48.0333333,16.2833333
02571099999,KUNGSANGEN- SW,1485,130,58.586253,16.250622
11927299999,NITRA- LO,1382,145,48.2833333,18.1333333
48303399999,NAKHON PHANOM- TH,1073,837,17.383794,104.643022
16197099999,MONTE CALAMITA- IT,1327,83,42.7333333,10.4
16490099999,LAMPEDUSA- IT,1254,101,35.497914,12.618083
71949499999,HOLMAN- CA,1607,1938,70.763056,242.194167
99999994995,LINCOLN 8 ENE- NE US,1308,2107,40.8484,263.43489999999997
93780099999,CHRISTCHURCH INTERNATIONAL- NZ,465,1380,-43.489358,172.532225
62762099999,SENNAR- SU,1035,269,13.55,33.6166667
54405099999,HUAILAI- CH,1304,924,40.4166666,115.5
47585099999,MIYAKO- JA,1296,1136,39.65,141.9666666
72433693810,CARBONDALE SOUTHERN ILLINOIS AIRPORT- IL US,1277,2166,37.78329,270.75467000000003
64650099999,BANGUI M POKO- CT,943,148,4.398475,18.518786
71674099999,FORESTBURG AGCM- CA,1425,1983,52.55,247.8833334
72259303985,DALLAS FORT WORTH SPINKS AIRPORT- TX US,1225,2102,32.565,262.69194
72033493764,GAITHERSBURG MONTGOMERY CO AIR PARK- MD US,1291,2263,39.16667,282.83333
03658099999,BENSON- UK,1416,2871,51.616389,358.904167
83349099999,ILHEUS- BR,751,2568,-14.815964,320.966803
07476599999,CORMEILLES EN VEXIN- FR,1390,16,49.096647,2.040833
06204099999,K14 FA 1C- NL,1432,29,53.2666666,3.6333333
71840099999,DEERWOOD RCS MAN- CA,1393,2093,49.4,261.6833334
48602099999,BUTTERWORTH- MY,954,803,5.465917,100.391167
41697099999,SIBI- PK,1195,543,29.55,67.8833333
54401099999,ZHANGJIAKOU- CH,1307,919,40.7833333,114.8833333
99999953160,CAMP VERDE 3 N- AZ US,1246,1985,34.6136,248.1569
99999953006,AMADO 23 W- AZ US,1216,1988,31.6922,248.5519
72531603887,DECATUR AIRPORT- IL US,1298,2169,39.83079,271.12808
08042099999,SANTIAGO- SP,1328,2813,42.896333,351.584856
13489099999,VRANJE- RI,1325,175,42.55,21.9166666
42361099999,GWALIOR- IN,1162,626,26.293336,78.227753
72065200433,BRIDGEPORT SONORA JUNCTION- CA US,1283,1924,38.3557,240.481
67083099999,IVATO- MA,712,380,-18.796936,47.478869
07684099999,MANDELIEU- FR,1335,56,43.54205,6.953478
41150099999,BAHRAIN INTERNATIONAL- BA,1162,405,26.270834,50.63361
47658099999,SHIZUHAMA- JA,1248,1106,34.812778,138.298056
03153099999,DUNDRENNAN- UK,1447,2848,54.8,356.0
68264599999,MAKHADO AFB- SF,668,238,-23.159911,29.696544
26666199999,GRODNO- BO,1435,196,53.6,24.533
01378099999,LILLEHAMMER SAETHERENGEN- NO,1510,84,61.1,10.4666666
22271099999,SHOJNA- RS,1578,353,67.8833333,44.15
13462099999,PODGORICA GOLUBOVCI- MJ,1323,154,42.3666666,19.25
99999904990,SIOUX FALLS 14 NNE- SD US,1337,2107,43.7346,263.3778
72744404979,TWO HARBORS RICHARD B HELGESON AIRPORT- MN US,1370,2146,47.04917,268.255
71255099999,MILDRED LAKE ALTA- CA,1470,1988,57.0333333,248.45
70148626642,KIVALINA AIRPORT- AK US,1577,1564,67.7306,195.45212
78859099999,VANCE WINKWORTH AMORY INTERNATIONAL- SC,1072,2379,17.205678,297.410131
71817099999,MARYS HARBOUR- CA,1422,2433,52.3,304.1666667
72530094846,CHICAGO OHARE INTERNATIONAL AIRPORT- IL US,1319,2177,41.96017,272.06836
60672099999,MERTOUEK- AG,1142,44,24.2166666,5.5333333
94933099999,GABO ISLAND LIGHTHOUSE- AS,524,1199,-37.5666666,149.9
29864099999,UYBAT- RS,1437,723,53.7166666,90.3666666
17320099999,ANAMUR- TU,1260,263,36.0833333,32.8333333
91802099999,PENRHYN AWS- CW,809,1616,-9.0333333,201.95
95292099999,SOUTH JOHNSTONE EXPERIMENTAL STATION- AS,723,1168,-17.6,146.0
07335099999,BIARD- FR,1365,2,46.587745,0.306666
12992099999,BEKESCSABA- HU,1366,169,46.6833333,21.1666667
03318099999,BLACKPOOL- UK,1437,2856,53.771667,356.971389
08176399999,SABADELL- SP,1315,17,41.5166667,2.1
40740099999,GHUCHAN- IR,1270,468,37.0666666,58.5
48557799999,SAMUI- TH,995,800,9.547794,100.062272
68350099999,POTCHEFSTROOM- SF,632,217,-26.7333333,27.0666666
78922099999,TRINITE CARAVELLE- MB,1047,2393,14.7666666,299.1166667
23662099999,TOL KA- RS,1539,657,63.9833333,82.0833333
26134099999,KUUSIKU- EN,1489,198,58.9666666,24.7333333
58040099999,GANYU- CH,1248,953,34.85,119.1333333
71518099999,ENCHANT AGDM ALTA- CA,1401,1981,50.1833333,247.56666669999998
03882099999,HERSTMONCEUX WEST END- UK,1408,3,50.9,0.3166666
13266099999,SREMSKA MITROVICA- RI,1350,156,45.1,19.55
02254099999,ASELE- SW,1541,139,64.1666666,17.3166666
30673099999,MOGOCHA- RS,1437,958,53.75,119.7333333
08080099999,VITORIA- SP,1328,2858,42.882836,357.275531
11070099999,KREMS- AU,1384,125,48.4166666,15.6166666
11182099999,WIENER NEUSTADT- AU,1378,130,47.8333333,16.2166666
17507099999,YESILIRMAK- CY,1251,262,35.1666666,32.7333333
48062099999,SITTWE- BM,1101,743,20.132708,92.872628
53068099999,ERENHOT- CH,1336,896,43.65,112.0
78627099999,HUEHUETENANGO- GT,1053,2148,15.3166667,268.5333333
44241099999,BARUUNHARAA- MG,1389,849,48.9166666,106.0666666
99999953132,ELGIN 5 S- AZ US,1215,1996,31.5907,249.4913
54208099999,DUOLUN- CH,1321,932,42.1833333,116.4666666
72216804960,OLIVIA REGIONAL AIRPORT- MN US,1347,2120,44.77861,264.96722
87046099999,JUJUY- AR,656,2359,-24.392778,294.902222
62423099999,FARAFRA- EG,1170,224,27.05,27.9833333
76679399999,LICENCIADO BENITO JUAREZ INTERNATIONAL- MX,1094,2087,19.436303,260.927903
71597199999,GRAND ETANG- CA,1365,2392,46.55,298.95
98431099999,CALAPAN MINDORO ISL- RP,1034,969,13.4166667,121.1833333
48461099999,PHATTHAYA- TH,1029,807,12.9166666,100.8666666
99830399999,LITTLE CAYMAN- CJ,1096,2240,19.699,279.93899999999996
02866099999,PUDASJARVI AIRFIELD- FI,1554,216,65.4166666,26.9666666
37905099999,BEYLAGAN AERODROME- AJ,1297,382,39.7666666,47.75
14549099999,ZENICA- BK,1342,143,44.2166666,17.9
76040099999,EJIDO NUEVO LEON BC.- MX,1223,1959,32.4,244.81666669999998
63641099999,MARSABIT- KE,922,303,2.3,37.9
07586099999,CARPENTRAS- FR,1340,40,44.0833333,5.05
94203099999,BROOME INTERNATIONAL- AS,720,978,-17.944722,122.231667
02825099999,UTSJOKI NUORGAM- FI,1600,223,70.0833333,27.9
13457099999,TIVAT- MJ,1324,150,42.404664,18.723286
03577035046,MILDENHALL- UK,1423,4,52.36667,0.48333
47597099999,SHIRAKAWA- JA,1271,1122,37.1333333,140.2166666
47814099999,HITA- JA,1233,1047,33.3166666,130.9333333
72356693950,MCALESTER REGIONAL AIRPORT- OK US,1248,2114,34.88237,264.21846
72655994976,MARSHALL RYAN FIELD- MN US,1344,2113,44.45,264.18333
72641014837,MADISON DANE CO REGIONAL AIRPORT- WI US,1331,2165,43.14069,270.65479
72534714880,CHICAGO WAUKEGAN REGIONAL AIRPORT- IL US,1324,2177,42.42546,272.1366
72547504953,MONTICELLO MUNICIPAL AIRPORT- IA US,1322,2151,42.22389,268.83444
99999992821,TITUSVILLE 7 E- FL US,1186,2234,28.6159,279.3071
72389523149,PORTERVILLE MUNICIPAL AIRPORT- CA US,1260,1927,36.02944,240.9375
47850099999,KANOYA- JA,1213,1047,31.367608,130.845456
72224603844,DUKE FIELD AAFB- FL US,1206,2188,30.65,273.46667
41764099999,HYDERABAD AIRPORT- PK,1153,547,25.3833333,68.4166667
71990099999,MACMILLAN PASS- CA,1532,1840,63.25,229.9666667
72645014898,GREEN BAY A S INTERNATIONAL AIRPORT- WI US,1344,2175,44.47958,271.86289999999997
83722099999,BAURU- BR,676,2488,-22.345042,310.9462
60714099999,SIDI AHMED AIR BASE- TS,1272,78,37.245447,9.791453
06792099999,SAMEDAM- SZ,1365,79,46.5333333,9.8833333
71297099999,HAMILTON RBG CS ONT- CA,1332,2241,43.2833333,280.1
72236323098,ROCKSPRINGS- TX US,1199,2079,29.94667,259.82667
17098099999,KARS- TU,1305,345,40.562222,43.115002
71948599999,PAULATUK- CA,1593,1888,69.361111,235.94139
40198099999,OVDA- IS,1199,279,29.94025,34.93585
27730099999,RYAZAN- RS,1446,318,54.6333333,39.7
06476099999,SAINT HUBERT MIL- BE,1400,43,50.035833,5.404167
32128099999,HOLMSK- RS,1370,1136,47.05,142.05
72542404885,MOUNT PLEASANT MUNICIPAL AIRPORT- MI US,1336,2202,43.62167,275.26278
71704099999,SARNIA- CA,1329,2221,43.0,277.6833334
01115099999,MYKEN- NO,1567,100,66.7666666,12.4833333
95815099999,MUNKORA- AS,538,1123,-36.1,140.3166666
40430099999,PRINCE MOHAMMAD BIN ABDULAZIZ- SA,1145,318,24.553422,39.705061
25594099999,PROVIDENIYA BAY- RS,1543,1494,64.378139,186.756694
72063900225,HORSESHOE BAY RESORT AIRPORT- TX US,1205,2093,30.533,261.633
01241099999,ORLAND- NO,1536,77,63.698908,9.604003
97372099999,EL TARI- ID,798,989,-10.171583,123.671136
71395099999,HALIFAX INTERNATIONAL- CA,1348,2372,44.880833,296.49139
72061100202,SUMTER AIRPORT- SC US,1239,2237,34.0,279.633
71477099999,ROSE SPIT AUT BC- CA,1441,1827,54.15,228.35
71161099999,BROCKVILLE CLIMATE- CA,1346,2274,44.6333333,284.2666667
72476824051,GREELEY WELD CO AIRPORT- CO US,1304,2043,40.43556,255.36806
72035613999,CLINTON REGIONAL AIRPORT- OK US,1255,2089,35.53827,261.06722
99801699999,WEEKS BAY RESERVE- AL US,1204,2177,30.4166666,272.1666667
35394099999,KARAGANDA- KZ,1396,587,49.670833,73.334444
94998099999,MACQUARIE ISLAND- AS,355,1271,-54.4994,158.9369
82107099999,SAO GABRIEL DA CACHOEIRA AERO- BR,898,2344,-0.1166666,293.0333334
83716099999,PRESIDENTE PRUDENTE- BR,678,2469,-22.175056,308.575361
72093200317,BROOKHAVEN LINCOLN CO AIRPORT- MS US,1216,2157,31.606,269.591
07588099999,ST AUBAN SUR DURANC- FR,1340,48,44.0666667,6.0
93515099999,WESTPORT AERODROME- NZ,482,1373,-41.7333333,171.5666666
29846099999,NOVOKUZNETSK- RS,1437,697,53.7333333,87.1833333
76775099999,OAXACA OAX.- MX,1070,2106,17.05,263.2833334
71960099999,LIVERPOOL BAY- CA,1595,1833,69.6,229.1
30838099999,PETROVSKIJ ZAVOD- RS,1413,871,51.3166666,108.8666666
99725899999,9014098 FORT GRATIOT MI- US,1330,2221,43.01,277.58
70174026533,BETTLES AIRPORT- AK US,1569,1668,66.91764,208.48108
72511354786,DOYLESTOWN AIRPORT- PA US,1303,2279,40.33015,284.87716
99999904143,PROVO 22 E- UT US,1302,1990,40.2816,248.7602
71043099999,NORMAN WELLS- CA,1552,1866,65.28132,233.20143000000002
01192099999,STRAUMSNES- NO,1584,141,68.4166666,17.65
47767099999,FUKUYAMA- JA,1244,1066,34.45,133.25
85488099999,LA FLORIDA- CI,600,2310,-29.916233,288.800478
76845099999,SN. CRISTOBAL LAS CASAS CHIS.- MX,1067,2139,16.75,267.3666667
03160099999,EDINBURGH- UK,1459,2853,55.95,356.6275
99726599999,9099004 POINT IROQUOIS MI- US,1364,2203,46.49,275.37
48477099999,SATTAHIP- TH,1026,808,12.6833333,100.9833333
94977099999,HARTZ MOUNTAINS- AS,467,1174,-43.2,146.7666666
03062099999,TAIN RANGE SAWS- UK,1478,2848,57.8166667,356.0333333
47135099999,CHUPUNGNYEONG- KS,1262,1024,36.2166666,127.9833333
72303493747,FORT BRAGG MACKALL ARMY AIR FIELD- NC US,1250,2244,35.03333,280.5
89564099999,MAWSON- AY,224,503,-67.6,62.8666666
02737099999,TOHOLAMPI LAITALA- FI,1538,193,63.8166666,24.1666666
72504614707,GROTON NEW LONDON AIRPORT- CT US,1313,2304,41.32792,287.95107
06679099999,AADORF TAENIKON- SZ,1374,71,47.4833333,8.9
96421099999,SIBU- MY,922,896,2.261603,111.985322
71738699999,CORNER BROOK- CA,1389,2417,48.9333333,302.0833334
95527099999,MOREE AERO- AS,605,1199,-29.4914,149.8458
10616499999,COCHSTEDT- GM,1418,91,51.854992,11.418889
71321099999,IQALUIT CLIMATE NU- CA,1537,2332,63.75,291.45
71555099999,STAVELY AAFC- CA,1401,1969,50.1833333,246.1166667
71557099999,MERRITT- CA,1400,1914,50.1,239.2333334
72658014922,MINNEAPOLIS ST. PAUL INTERNATIONAL AIRPORT- MN US,1348,2134,44.88523,266.76867
71427099999,POINTE DES MONTS QUE- CA,1393,2341,49.3166666,292.6188889
72622794790,WATERTOWN INTERNATIONAL AIRPORT- NY US,1339,2272,43.98872,283.97391
68264099999,WATERKLOOF AFB- SF,641,226,-25.83,28.2225
72330753893,GOLDEN TRIANGLE- MS US,1234,2171,33.45,271.41667
65134099999,YAKUBU GOWON- NI,996,71,9.639828,8.86905
72202412882,MIAMI OPA LOCKA AIRPORT- FL US,1159,2238,25.91017,279.71717
71354099999,MUNDARE AGDM ALTA- CA,1435,1982,53.5666666,247.7
11355099999,WINDISCHGARSTEN- AU,1377,115,47.7333333,14.3333333
71138099999,YORKTON MUNICIPAL- CA,1412,2060,51.264721,257.53833299999997
37001099999,VITYAZEVO- RS,1350,299,45.002097,37.347272
72671024164,BIG PINEY MARBLETON AIRPORT- WY US,1325,1999,42.57802,249.89024
52112099999,NAOMAOHU- CH,1335,761,43.6,95.1333333
06619099999,BULLET LA FRETAZ- SZ,1368,53,46.8333333,6.5833333
65319099999,NATITINGOU- BN,1003,11,10.3166667,1.3833333
47768099999,OKAYAMA- JA,1246,1071,34.6833333,133.9166666
07180099999,ESSEY- FR,1386,50,48.692069,6.230458
47490099999,OBIHIRO- JA,1327,1146,42.733333,143.217222
94926099999,CANBERRA- AS,546,1194,-35.306944,149.195
31960099999,VLADIVOSTOK- RS,1331,1055,43.1166666,131.9333333
06212099999,HOORN A HELIPAD OIL PLATFORM- NL,1429,33,52.9166666,4.15
72033900121,RYAN FIELD AIRPORT- AZ US,1221,1991,32.15,248.833
70340025506,ILIAMNA AIRPORT- AK US,1497,1641,59.74922,205.09098
60459199999,HASSI R MEL- AG,1229,26,32.917,3.3
42398099999,BAGDOGRA- IN,1166,707,26.681206,88.328567
60518099999,BENI SAF- AG,1252,2869,35.3,358.65
71789099999,FORT MACLEOD AGCM- CA,1397,1973,49.7833333,246.6166667
96751099999,BOGOR CITEKO- ID,832,855,-6.7,106.9333333
72451803968,HAYS MUNICIPAL AIRPORT- KS US,1288,2086,38.85,260.73333
10334099999,WUNSTORF- GM,1424,75,52.457333,9.427167
01323099999,BRINGELAND- NO,1513,46,61.392503,5.764167
72586694178,TWIN FALLS SUN VALLEY REGIONAL AIRPORT- ID US,1324,1964,42.47849,245.52256
99800799999,PADILLA BAY RESERVE- WA US,1384,1900,48.4666666,237.5333334
84401099999,CAPITAN FAP GUILLERMO CONCHA IBERICO- PE,847,2235,-5.20575,279.383556
42328099999,JAISALMER- IN,1168,567,26.9,70.9166666
41341099999,ABBS- YM,1060,345,16.0833333,43.1666666
71191099999,FUNDY PARK CS- CA,1355,2360,45.6,295.05
72212404998,HEBRON MUNICIPAL AIRPORT- NE US,1301,2099,40.14917,262.41333
72646754909,RICE LAKE REGIONAL AIRPORT CARLS FIELD- WI US,1354,2146,45.41861,268.22667
78514011603,BORINQUEN AIRPORT- PR US,1084,2343,18.494861,292.87055599999997
08562099999,BEJA- PO,1280,2817,38.078903,352.067603
57832099999,SANSUI- CH,1169,869,26.9666666,108.6666666
72622564776,PLATTSBURGH INTERNATIONAL AIRPORT- NY US,1346,2292,44.63923,286.53688
93909099999,SOUTH WEST CAPE AWS- NZ,427,1340,-47.2666666,167.45
99440099999,THOMAS POINT MD- US,1288,2268,38.9,283.56
82640099999,JACAREACANGA- BR,837,2418,-6.233156,302.223131
40568099999,BUBYAN ISLAND- KU,1197,387,29.7666666,48.3666666
95962099999,WARRA- AS,469,1174,-43.0666666,146.7
03776099999,GATWICK- UK,1411,2878,51.148056,359.809722
94306099999,MARDIE- AS,688,928,-21.1833333,115.9666666
59948099999,SANYA- CH,1082,877,18.2166666,109.5833333
68240099999,SIR SERETSE KHAMA INTERNATIONAL- BC,654,207,-24.555225,25.918208
02811099999,KUUSAMO KIUTAKONGAS- FI,1563,235,66.3666666,29.3166666
71634099999,RED PINES- CA,1374,2355,47.4333333,294.4166667
72029553972,HILLSBORO MUNICIPAL AIRPORT- TX US,1220,2103,32.08361,262.90278
03003099999,SUMBURGH- UK,1498,2870,59.878889,358.704444
94930099999,MOUNT NOWA NOWA- AS,522,1185,-37.7,148.0833333
48875099999,BANMETHUOT- VM,1026,865,12.6833333,108.0833333
11280099999,MURAU- AU,1371,113,47.1166666,14.1833333
72537494889,ANN ARBOR MUNICIPAL AIRPORT- MI US,1322,2210,42.22393,276.26017
72053700163,HOLYOKE AIRPORT- CO US,1305,2062,40.567,257.733
40809099999,BIRJAND- IR,1228,474,32.898056,59.266111
71109099999,PORT HARDY- CA,1406,1861,50.680556,232.633333
06120099999,ODENSE- DA,1454,83,55.476664,10.330933
72094599999,QUINCY MUNICIPAL AIRPORT- FL US,1205,2204,30.6,275.45
13622099999,VLORE- AL,1304,156,40.4666666,19.4833333
98233099999,TUGUEGARAO- RP,1076,974,17.638311,121.730614
70249026526,PUNTILLA- AK US,1520,1658,62.0911,207.2651
71045599999,TESLIN- CA,1501,1818,60.172779,227.257222
02803099999,SIIKAJOKI REVONLAHTI- FI,1546,201,64.6833333,25.0833333
70333025508,PORT HEIDEN AIRPORT- AK US,1469,1611,56.95917,201.36833
83583099999,PAMPULHA CARLOS DRUMMOND DE ANDRADE- BR,701,2528,-19.851181,316.049372
72479723176,MILFORD MUNICIPAL AIRPORT- UT US,1284,1976,38.42251,246.98910999999998
26242099999,TARTU- EN,1483,214,58.307461,26.690428
72512704726,JOHNSTOWN CAMBRIA CO AIRPORT- PA US,1303,2249,40.31488,281.16925000000003
37054099999,MINERALNYYE VODY- RS,1342,345,44.225072,43.081889
02515099999,TORPABRON- SW,1481,97,58.2,12.15
48463099999,LAEM CHABANG- TH,1030,807,13.0833333,100.8833333
72227953852,DECATUR PRYOR FIELD- AL US,1246,2184,34.65798,273.05656999999997
71965099999,MAYO- CA,1536,1793,63.616389,224.131667
16239099999,CIAMPINO- IT,1317,101,41.799361,12.594936
72233812994,HEBBRONVILLE JIM HOGG CO AIRPORT- TX US,1173,2090,27.34944,261.26306
47069099999,HAEJU- KN,1280,1006,38.0333333,125.7
94186099999,LOCKHART RIVER AIRPORT- AS,772,1146,-12.7833333,143.3
70246026512,MINCHUMINA AIRPORT- AK US,1538,1662,63.88611,207.69806
72767624013,MINOT INTERNATIONAL AIRPORT- ND US,1382,2070,48.25203,258.73109
67323099999,INHAMBANE- MZ,661,283,-23.8666666,35.3833333
89504099999,TROLL IN ANTARKTIS- AY,179,20,-72.0166666,2.5333333
11136099999,KRIMML- AU,1372,97,47.2333333,12.1833333
16597099999,LUQA- MT,1258,116,35.857497,14.4775
71883099999,BLUE RIVER- CA,1421,1926,52.116667,240.716667
72656804961,OWATONNA DEGNER REGIONAL AIRPORT- MN US,1341,2134,44.12333,266.73944
02191099999,STORON- SW,1556,185,65.7,23.1
72026153976,BRIDGEPORT MUNICIPAL AIRPORT- TX US,1231,2097,33.17528,262.17167
40743099999,SABZEVAR- IR,1261,461,36.168411,57.595072
95448099999,LEINSTER AERO- AS,621,966,-27.85,120.7
40780799999,PAYAM- IR,1257,407,35.776094,50.826686
22563099999,PINEGA- RS,1546,347,64.7,43.3833333
72655454906,ST JAMES MUNICIPAL AIRPORT- MN US,1339,2124,43.98611,265.44222
22695099999,KOSLAN- RS,1534,391,63.45,48.9
01442099999,BYGLANDSFJORD- NO,1486,62,58.6666666,7.8
89002099999,NEUMAYER- AY,193,2814,-70.6666666,351.75
94595599999,GOVE- AS,777,1095,-12.269444,136.818333
02967099999,KOTKA HAAPASAARI- FI,1502,217,60.2833333,27.1833333
71815099999,STEPHENVILLE A- CA,1385,2412,48.5333333,301.45
72323163883,REDSTONE ARSENAL ARMY AIRFIELD- AL US,1246,2187,34.67861,273.31528000000003
94905099999,MOUNT HOTHAM AIRPORT- AS,529,1179,-37.05,147.3333333
40938099999,HERAT- AF,1242,498,34.210017,62.2283
83671099999,CAMPO FONTENELLE- BR,680,2501,-21.984561,312.665236
47588099999,YAMAGATA- JA,1282,1123,38.25,140.35
76539099999,PONCIANO ARRIAGA INTERNATIONAL- MX,1122,2073,22.254303,259.069194
71380099999,CRESTOMERE AGCM- CA,1427,1969,52.7166666,246.1
60560099999,AIN SEFRA- AG,1227,2875,32.7666666,359.4
41922099999,HAZRAT SHAHJALAL INTERNATIONAL- BG,1138,723,23.843333,90.397781
72234503866,MERIDIAN NAAS- MS US,1225,2171,32.55,271.43333
71211099999,HOWE SOUND PAM ROC- CA,1394,1894,49.483,236.7
72261823091,FORT STOCKTON PECOS CO AIRPORT- TX US,1209,2057,30.91193,257.08286
55299099999,NAGQU- CH,1214,737,31.4833333,92.0666666
72295603167,HAWTHORNE MUNICIPAL AIRPORT- CA US,1239,1933,33.92353,241.66709
99426099999,SABINE TX- US,1196,2128,29.67,265.95
54161099999,LONGJIA- CH,1339,1005,43.996419,125.680786
06794099999,POSCHIAVO ROBBIA- SZ,1363,81,46.35,10.0666666
72502594741,TETERBORO AIRPORT- NJ US,1308,2288,40.85898,285.94384
48416099999,THA TUM- TH,1053,829,15.3166666,103.6833333
71269099999,SCHULER AGDM ALTA- CA,1402,1999,50.3,249.9166667
68737099999,GRAAFF REINET- SF,577,196,-32.2,24.55
76311099999,CHOIX SIN.- MX,1167,2014,26.7333333,251.71666670000002
99999904140,LEWISTOWN 42 WSW- MT US,1368,1998,46.8847,249.7105
72423093821,LOUISVILLE INTERNATIONAL AIRPORT- KY US,1281,2194,38.17738,274.26923
02413099999,BRATTMON- SW,1507,102,60.75,12.7666666
02545099999,AXSTAL- SW,1485,117,58.5666666,14.5666666
41523599999,SAIDU SHARIF- PK,1248,579,34.817,72.35
33902099999,KHERSON- UP,1366,261,46.6333333,32.5666666
56778099999,WUJIABA- CH,1149,822,24.992364,102.743536
99723699999,MARSH ISLAND LA CSI03- US,1194,2144,29.44,267.94
52836099999,DOULAN- CH,1262,785,36.3,98.1
96655099999,PALANGKA RAYA TJILIK RIWUT- ID,877,912,-2.2333333,113.95
72424013807,FORT KNOX GODMAN ARMY AIR FIELD- KY US,1278,2192,37.9,274.03333
72654704931,GLENWOOD MUNICIPAL AIRPORT- MN US,1356,2117,45.64389,264.67972
07022099999,VIGITE DU HAUMET- FR,1396,2868,49.65,358.5
85862099999,PUERTO AYSAN- CI,446,2298,-45.4,287.3
78947000405,GEORGE F L CHARLES AIRPORT- ST,1040,2392,14.017,299.0
71388099999,LA BAIE- CA,1382,2313,48.3,289.0833334
62650099999,DONGOLA- SU,1091,243,19.153867,30.430094
72255353928,BRENHAM MUNICIPAL AIRPORT- TX US,1202,2109,30.21889,263.62583
72666024029,SHERIDAN AIRPORT- WY US,1347,2024,44.76031,253.02587
97028099999,TOLI TOLI LALOS- ID,910,966,1.0166667,120.8
15562099999,KALIAKPA- BU,1333,228,43.3666666,28.4666666
11819099999,JASLOVSKE BOHUNICE- LO,1384,141,48.4833333,17.6666666
98447099999,CATANDUANES RADAR- RP,1036,995,13.6544444,124.3408333
15421599999,CAMPIA TURZII- RO,1365,191,46.502281,23.885914
30741099999,ZAMAKTA- RS,1427,880,52.7666666,109.9666666
86268099999,CAAZAPA- PA,638,2429,-26.1833333,303.63333339999997
95835099999,LONGERENONG- AS,533,1138,-36.6666666,142.3
99999953878,ASHEVILLE 13 S- NC US,1254,2220,35.4185,277.4433
01230099999,BJORLI- NO,1522,66,62.2666666,8.2
27333099999,KOSTROMA- RS,1477,326,57.7333333,40.7833333
97270099999,MUHAMMAD SALAHUDDIN- ID,814,949,-8.539647,118.687322
51076099999,ALTAY- CH,1377,705,47.7333333,88.0833333
99999953150,YOSEMITE VILLAGE 12 W- CA US,1277,1921,37.7592,240.17919999999998
48900099999,TANSONNHAT INTERNATIONAL- VM,1008,853,10.818797,106.651856
03022099999,BENBECULA- UK,1474,2821,57.481111,352.637222
43284099999,MANGALORE- IN,1029,599,12.961267,74.890069
06428099999,SEMMERZAKE- BE,1409,29,50.9333333,3.6666666
99403199999,PORT ORFORD- OR US,1327,1884,42.74,235.503
99999993245,BODEGA 6 WSW- CA US,1283,1895,38.3208,236.9253
94568099999,BAMAGA INJINOO- AS,790,1140,-10.950833,142.459444
54273099999,HUADIAN- CH,1329,1014,42.9833333,126.75
71473099999,SATURNA ISLAND CS- CA,1387,1896,48.7833333,236.96666670000002
72085800285,CANDO MUNICIPAL AIRPORT- ND US,1384,2086,48.48,260.764
97690099999,SENTANI- ID,874,1124,-2.576953,140.516372
40952099999,LAGHMAN- AF,1246,562,34.65,70.2166667
44454099999,TRIBHUVAN INTERNATIONAL- NP,1176,683,27.696592,85.359192
71849099999,WINNIPEG A CS MAN- CA,1399,2102,49.9166666,262.7666667
72605654791,ROCHESTER SKYHAVEN AIRPORT- NH US,1332,2313,43.27938,289.07573
71861099999,BROADVIEW SASK- CA,1403,2059,50.3680556,257.429167
99999921515,HILO 5 S- HI US,1096,1639,19.645,204.9173
02804099999,TAIVALKOSKI KK URHEILUTIE- FI,1555,226,65.5833333,28.2166666
40101099999,HOUCHE AL OUMARA- LE,1238,287,33.8166666,35.85
06630499999,SAMEDAN- SZ,1365,79,46.534075,9.884106
11231099999,KLAGENFURT CIV MIL- AU,1366,115,46.65,14.3333333
33027099999,ZHITCKOVICHI- BO,1422,223,52.2166666,27.8666666
71415099999,CARIBOU POINT AUT NS- CA,1357,2379,45.7666666,297.3166667
62393099999,ASYUT INTERNATIONAL- EG,1170,248,27.046508,31.011983
34247099999,KALAC- RS,1404,328,50.4166666,41.05
47182099999,JEJU INTERNATIONAL- KS,1235,1012,33.511306,126.493028
48863099999,QUANG NGAI- VM,1051,870,15.1333333,108.7833333
71106094234,TOFINO- BC CA,1390,1874,49.08333,234.23333
95625099999,CUNDERDIN AIRFIELD- AS,583,938,-31.6166666,117.2166666
31959099999,RUDNAJA PRISTAN- RS,1343,1087,44.3666666,135.85
83883099999,CHAPECO- BR,628,2459,-27.1166666,307.38333339999997
99418099999,SMITH ISLAND WA- US,1383,1897,48.32,237.16
15350099999,BUZAU- RO,1351,215,45.15,26.8166666
72555694975,AINSWORTH MUNICIPAL AIRPORT- NE US,1325,2080,42.57694,259.99944
72563524044,ALLIANCE MUNICIPAL AIRPORT ASOS- NE US,1320,2058,42.05732,257.19831
07645099999,NIMES COURBESSAC- FR,1338,35,43.8666667,4.4
12870099999,EGER- HU,1378,163,47.9,20.3833333
06159099999,ROESNAES- DA,1457,87,55.75,10.8666666
06700099999,GENEVA COINTRIN- SZ,1362,49,46.238064,6.10895
94384099999,SEVENTEEN SEVENTY- AS,658,1215,-24.15,151.8833333
24382099999,UST MOMA- RS,1564,1146,66.45,143.2333333
78325099999,CASA BLANCA LA HABANA- CU,1131,2221,23.1666666,277.65
94859099999,REDESDALE- AS,529,1156,-37.0166666,144.5333333
56985099999,MENGZI- CH,1134,827,23.45,103.3333333
06606099999,CRESSIER- SZ,1370,57,47.05,7.0666666
38220099999,MANAS- KG,1330,596,43.067,74.483
35416099999,UIL- KZ,1390,437,49.0666666,54.6833333
71171099999,VINELAND STATION RCS ONT- CA,1331,2245,43.1833333,280.6
94338099999,TREPELL AIRPORT- AS,681,1127,-21.8333333,140.8833333
22892099999,VYBORG- RS,1507,230,60.7166666,28.7333333
16726399999,MIKONOS- GR,1274,203,37.435128,25.348103
91502099999,TARO ISLAND- BP,832,1251,-6.7,156.3833333
40586099999,JAHRA- KU,1193,381,29.3166666,47.6666666
72226813839,DOTHAN REGIONAL AIRPORT- AL US,1213,2196,31.31767,274.55676
02095099999,PAJALA- SW,1571,187,67.2,23.3833333
47604099999,NIIGATA- JA,1278,1112,37.9,139.0166666
06079099999,ANHOLT- DA,1467,92,56.7166666,11.5166666
63710099999,KERICHO- KE,896,283,-0.3666667,35.35
03243399999,NEWCASTLE- UK,1450,2866,55.0375,358.308333
17175099999,AYVALIK- TU,1292,214,39.3,26.7
72463523067,LA JUNTA MUNICIPAL AIRPORT- CO US,1280,2052,38.04948,256.48665
41240099999,KHASAB PORT- MU,1162,450,26.2166666,56.25
72257793984,TEMPLE DRAUGHTON MIL- TX US,1211,2101,31.15,262.58333
08015099999,OVIEDO- SP,1333,2833,43.35,354.1333334
63962099999,SONGEA- TZ,793,285,-10.6833333,35.5833333
72443093989,QUINCY REGIONAL AIRPORT- IL US,1299,2150,39.93709,268.80339
29759099999,KOMMUNAR- RS,1443,714,54.3333333,89.2833333
41600099999,SIALKOT CITY- PK,1224,596,32.5,74.5333333
72218853985,SEARCY MUNICIPAL AIRPORT- AR US,1252,2146,35.21194,268.26306
72226903850,CAIRNS FIELD FORT RUCKER- AL US,1212,2194,31.26667,274.28333
58338099999,WUHUXIAN- CH,1211,949,31.15,118.5833333
07017099999,EPINOY- FR,1402,25,50.221814,3.154236
94153099999,GROOTE EYLANDT- AS,760,1092,-13.975,136.46
72367723054,LAS VEGAS MUNICIPAL AIRPORT- NM US,1256,2039,35.65582,254.86147
83437099999,MARIO RIBEIRO- BR,732,2529,-16.706925,316.1811
95572099999,NAMBOUR DPI HILLSIDE- AS,633,1223,-26.65,152.9333333
01245099999,OPPDAL SETER- NO,1525,77,62.6,9.6666666
72231953943,NATCHITOCHES REGIONAL AIRPORT- LA US,1217,2135,31.73583,266.90083
64610099999,BOSSANGOA- CT,964,139,6.4833333,17.4333333
86350099999,PRESIDENTE GENERAL DON OSCAR D GESTIDO- UY,590,2436,-30.974569,304.523811
76075499999,GENERAL DIV P A ANGEL H CORZO MOLINA- MX,1067,2135,16.739919,266.826703
12136099999,LEBUNIA- PL,1444,142,54.4166667,17.7666667
74776003818,MARIANNA MUNICIPAL AIRPORT- FL US,1208,2199,30.83696,274.81648
71142099999,SWIFT CURRENT AIRPORT- CA,1402,2019,50.3,252.31666669999998
72656504948,MORRIS MUNICIPAL AIRPORT- MN US,1355,2112,45.56639,264.0325
38932099999,GANDZHINA- TI,1279,549,37.95,68.5666666
02770099999,JUUPAJOKI HYYTIALA- FI,1518,194,61.85,24.2833333
78255099999,IGNACIO AGRAMONTE INTERNATIONAL- CU,1114,2257,21.420278,282.15250000000003
10775099999,HOHENFELS ARMY AIR FIELD- GM,1392,95,49.218056,11.836111
72375854928,LADYSMITH RUSK CO AIRPORT- WI US,1354,2152,45.49694,268.99944
62357099999,WADI EL NATROON- EG,1203,243,30.4,30.35
76632099999,PACHUCA HGO.- MX,1101,2090,20.1333333,261.25
71633099999,WIARTON A- CA,1347,2231,44.75,278.9
76373099999,TEPEHUANES DGO.- MX,1153,2034,25.35,254.25
10860099999,INGOLSTADT MANCHING- GM,1387,92,48.715667,11.534
48855099999,DANANG INTERNATIONAL- VM,1060,866,16.043917,108.19937
11438099999,TUSIMICE- EZ,1403,107,50.3833333,13.3333333
97096099999,KASIGUNCU- ID,885,965,-1.416753,120.657669
52436099999,YUMENZHEN- CH,1302,776,40.2666666,97.0333333
60590099999,EL GOLEA- AG,1205,23,30.571294,2.859586
94337099999,JULIA CREEK- AS,693,1134,-20.6666666,141.7333333
99999903048,SOCORRO 20 N- NM US,1243,2025,34.3557,253.1141
71714099999,QUEBEC JEAN LESAGE INTERNATIONAL QUE- CA,1367,2309,46.7833333,288.6166667
40665099999,KUT AL HAI- IZ,1221,368,32.1333333,46.0333333
06659099999,PILATUS- SZ,1369,66,46.9833333,8.25
72515754757,WELLSVILLE MUNICIPAL AIRPORT- NY US,1321,2256,42.10775,282.01576
A0001163848,CANTON CHEROKEE CO AIRPORT- GA US,1243,2205,34.31056,275.57610999999997
70414045715,SHEMYA AFB- AK US,1427,1393,52.71667,174.1
72713594623,WISCASSET AIRPORT- ME US,1339,2322,43.96387,290.28861
95566099999,BEERBURRUM FOREST STATION- AS,630,1224,-26.95,152.9666666
02072099999,PARKALOMPOLO- SW,1577,183,67.7333333,22.8333333
72504094702,IGOR I SIKORSKY MEMORIAL AIRPORT- CT US,1311,2295,41.16424,286.87336
95867099999,SCORESBY RESEARCH INSTITUTE- AS,521,1162,-37.8666666,145.25
74543093978,PRATT INDUSTRIAL AIRPORT- KS US,1277,2090,37.70167,261.25306
72429613841,WILMINGTON AIR PARK- OH US,1294,2210,39.43084,276.223
33041099999,GOMEL- BO,1425,248,52.527022,31.016692
04250099999,NUUK GODTHAAB- GL,1541,2466,64.1666666,308.25
07288099999,BESANCON THISE AUT- FR,1372,48,47.25,5.9833333
71453099999,MAPLE CREEK SASK- CA,1398,2004,49.9,250.5333334
08390599999,SEVILLA HELIPORT- SP,1273,2832,37.3166666,354.0
72094300431,HARRISON CO AIRPORT- TX US,1225,2126,32.5205,265.6923
03148099999,GLEN OGLE- UK,1464,2845,56.4166666,355.6833334
91643080705,FUNAFUTI NF- TV,814,1434,-8.516667,179.216667
71135099999,ROCKGLEN AUT SASK- CA,1391,2032,49.1666666,254.0166667
16008099999,S. VALENTINO ALLA MUTA- IT,1367,84,46.75,10.5333333
29605099999,TATARSK- RS,1451,608,55.2,76.0188889
72320093801,ROME R B RUSSELL AIRPORT- GA US,1243,2199,34.34833,274.83844999999997
72244453902,CONROE MONTGOMERY CO AIRPORT- TX US,1203,2117,30.36109,264.58243
07374099999,CHARMEIL- FR,1361,27,46.169689,3.403736
41528199999,LANDIKOTAL- PK,1240,569,34.1,71.133
17244099999,KONYA- TU,1279,260,37.979,32.561861
72575024126,OGDEN HINKLEY AIRPORT- UT US,1311,1984,41.19406,247.98318
72087100296,MANDAN MUNICIPAL AIRPORT- ND US,1367,2073,46.768,259.106
72544014923,MOLINE QUAD CITY INTERNATIONAL AIRPORT- IL US,1314,2156,41.44816,269.47635
71097099999,BREVOORT ISLAND- CA,1533,2367,63.33,295.85
03346499999,PENZANCE HELIPORT- UK,1401,2836,50.12,354.48
72334703809,DYERSBURG MUNICIPAL AIRPORT- TN US,1260,2165,36.0002,270.5906
72422093820,LEXINGTON BLUEGRASS AIRPORT- KY US,1280,2203,38.03391,275.38862
72344403978,BENTONVILLE MUNICIPAL AIRPORT- AR US,1263,2126,36.35,265.78333
48400099999,NAKHON SAWAN- TH,1056,801,15.672997,100.136794
58345099999,LIYANG- CH,1214,956,31.4333333,119.4833333
06041099999,SKAGEN- DA,1477,85,57.7333333,10.6333333
72210492806,ST PETERSBURG ALBERT WHITTED AIRPORT- FL US,1177,2219,27.76847,277.37432
76726099999,GENERAL MARIANO MATAMOROS- MX,1088,2086,18.835082,260.737842
57279099999,ZAOYANG- CH,1221,901,32.15,112.6666666
95647099999,NORTH WALPOLE- AS,550,934,-34.95,116.7166666
17078099999,KARABUK- TU,1311,261,41.2,32.6333333
87896099999,PUERTO DESEADO- AR,422,2353,-47.735292,294.095903
71265099999,TORONTO CITY CENTRE- CA,1336,2245,43.6166666,280.6166667
55279099999,BAINGOIN- CH,1213,720,31.3666666,90.0166666
40780499999,ILAM- IR,1235,371,33.583,46.4
98526099999,CORON- RP,1022,962,12.2166666,120.2
80091099999,YARIGUIES- CO,970,2290,7.024331,286.1932
72535404806,ELKHART MUNICIPAL AIRPORT- IN US,1317,2192,41.71667,274.01667
40984599999,SHARANA- AF,1231,551,33.1258333,68.8386111
25378099999,EGVEKINOT- RS,1563,1447,66.35,180.8833334
95293099999,WOOLSHED- AS,705,1172,-19.4166666,146.5333333
94339099999,WINTON POST OFFICE- AS,676,1144,-22.3833333,143.0333333
56748099999,BAOSHAN- CH,1151,793,25.1166666,99.1833333
72538354827,STURGIS KIRSCH MUNICIPAL AIRPORT- MI US,1318,2197,41.81667,274.56667
37985099999,LANKARAN- AJ,1287,391,38.7333333,48.8333333
29807099999,ERTIS- KZ,1433,604,53.35,75.45
87217099999,LA RIOJA- AR,606,2346,-29.381636,293.204161
99773499999,TIBURON PIER- CA US,1279,1900,37.92,237.55
48109099999,COCO ISLAND- BM,1041,747,14.1166666,93.3666666
78526011641,SAN JUAN L M MARIN INTERNATIONAL AIRPORT- PR US,1084,2352,18.43261,293.98935
10708099999,SAARBRUCKEN- GM,1392,57,49.214553,7.109508
38111099999,SEVCENKO- KZ,1335,409,43.5833333,51.0833333
61627099999,LINGUERE- SG,1053,2759,15.3833333,344.8833333
80438099999,ALBERTO CARNEVALLI- VE,985,2311,8.582294,288.838814
41678099999,BAHAWALNAGAR- PK,1199,586,29.95,73.25
71712099999,ST ANICET 1 QUE- CA,1351,2286,45.1166666,285.7166667
72382023182,PALMDALE AIRPORT- CA US,1246,1935,34.62944,241.91691
68291099999,HOEDSPRUIT- SF,656,248,-24.35,31.05
47662099999,TOKYO- JA,1256,1118,35.6833333,139.7666667
36911099999,TOKMAK- KG,1328,602,42.8333333,75.2833333
03605099999,PEMBRY SANDS- UK,1417,2845,51.7166667,355.6333333
25503099999,KORKODON- RS,1547,1232,64.75,153.9666666
99999912884,BOOTHVILLE ASOS- LA US,1193,2165,29.333,270.5925
58141099999,HUAIYIN- CH,1236,951,33.6333333,118.9333333
34186099999,ERSHOV- RS,1413,386,51.3666666,48.3
72077100276,COLEMAN MUNICIPAL AIRPORT- TX US,1218,2085,31.841,260.596
71306099999,INUKJUAK AIRPORT- CA,1484,2255,58.4666666,281.9166667
99822999999,CHRISTIANSTED HARBOR- VQ,1077,2362,17.75,295.3
94684099999,YUNTA AIRSTRIP- AS,574,1117,-32.5666666,139.5666666
60710099999,TABARKA 7 NOVEMBRE- TS,1269,71,36.98,8.876944
68116099999,GOBABIS- WA,674,152,-22.5,18.9666666
01087699999,NORNE OIL PLATFORM- NO,1560,65,66.0166666,8.0833333
71842099999,SIOUX LOOKOUT AIRPORT- CA,1401,2145,50.1166666,268.1
72235893919,MCCOMB AIRPORT- MS US,1211,2156,31.18228,269.52792999999997
11075099999,LANGENOIS AUT- AU,1384,126,48.4666667,15.7
61695099999,ZIGUINCHOR- SG,1025,2750,12.555617,343.718217
01221099999,TAGDALEN- NO,1530,73,63.05,9.0833333
12756099999,SZECSENY- HU,1381,156,48.1166666,19.5166666
95770099999,NORAH HEAD LIGHTHOUSE- AS,567,1213,-33.2666666,151.5666666
48699099999,SELETAR- SN,914,831,1.41695,103.867653
72698824219,DALLESPORT AIRPORT- WA US,1356,1911,45.61901,238.83429
72658994968,ALBERT LEA MUNICIPAL AIRPORT- MN US,1336,2133,43.68333,266.63333
87121099999,TENIENTE BENJAMIN MATIENZO- AR,631,2359,-26.840861,294.895056
72063700223,HOUSTON SOUTHWEST AIRPORT- TX US,1194,2116,29.5,264.523
47837099999,TANEGASHIMA- JA,1207,1048,30.7166666,130.9833333
71709099999,ILES DE LA MADELEINE A- CA,1374,2386,47.4166666,298.2166667
48830099999,LANG SON- VM,1118,854,21.8333333,106.7666666
59023099999,HECHI- CH,1146,864,24.7,108.05
43279099999,CHENNAI INTERNATIONAL- IN,1029,641,12.994414,80.180517
47106099999,DONGHAE RADAR- KS,1274,1033,37.5,129.1333333
42675099999,JABALPUR- IN,1131,640,23.177817,80.052047
72645204826,WISCONSIN RAPIDS ALEXANDER FIELD- WI US,1343,2161,44.35904,270.16305
40835499999,MINAB- IR,1171,457,27.12,57.1
68524099999,VANWYKSVLEI- SF,596,175,-30.35,21.8166666
72554104993,NEBRASKA CITY MUNICIPAL AIRPORT- NE US,1306,2113,40.60639,264.13639
07667099999,LE PALYVESTRE- FR,1330,49,43.097344,6.146028
07563099999,AVIGNON- FR,1338,39,43.9,4.9
99401499999,SEATTLE- WA US,1376,1901,47.605,237.662
62333099999,PORT SAID- EG,1212,258,31.2666667,32.3
72597694285,LAKEVIEW LAKE CO AIRPORT- OR US,1321,1917,42.16667,239.6
47683099999,CHOFU AIRPORT- JA,1256,1116,35.6666667,139.5333333
99800499999,NARRAGANSETT BAY RESERVE- RI US,1316,2309,41.6333333,288.6666667
27679099999,ALATYR- RS,1448,373,54.8166666,46.5833333
30627099999,BAJANDAJ- RS,1430,844,53.1,105.5333333
48019099999,BHAMO- BM,1142,778,24.2666666,97.2
72757594925,GRAND FORKS AF- ND US,1379,2101,47.96667,262.6
28506099999,ELABUGA- RS,1457,417,55.7666666,52.0666666
72381023114,EDWARDS AFB- CA US,1248,1937,34.9,242.13333
44286099999,BAT OLDZIY BUND- MG,1369,830,46.9666667,103.8
72278903192,SCOTTSDALE MUNICIPAL AIRPORT- AZ US,1236,1985,33.61234,248.07683
40879099999,IRAN SHAHR- IR,1172,486,27.236169,60.720033
15310099999,GALATI- RO,1354,224,45.4833333,28.0333333
34123099999,VORONEZ- RS,1416,314,51.7,39.2166666
96739099999,TANGERANG BUDIARTO AIRPORT- ID,836,853,-6.3,106.5666666
72616654781,BENNINGTON MORSE STATE AIRPORT- VT US,1328,2294,42.8935,286.75125
02123099999,JAKKVIK- SW,1563,137,66.3166666,17.1
95642099999,NORSEMAN AERO- AS,577,974,-32.2166666,121.75
71553099999,ROBLIN MAN- CA,1411,2069,51.1833333,258.63333339999997
16716199999,ELEFTHERIOS VENIZELOS INTERNATIONAL- GR,1279,192,37.936358,23.944467
01278099999,VERDAL REPPE- NO,1537,93,63.7833333,11.6833333
74570013840,DAYTON WRIGHT PATTERSON AFB- OH US,1298,2208,39.83333,275.95
87129099999,SANTIAGO DEL ESTERO- AR,622,2366,-27.765617,295.689878
06170099999,ROSKILDE- DA,1455,97,55.585567,12.131428
71505099999,HAINES JUNCTION- CA,1507,1779,60.7666666,222.4166667
29654099999,CENTRAL NYJ RUDNIK- RS,1452,701,55.2166666,87.65
72410013733,LYNCHBURG REGIONAL AIRPORT- VA US,1273,2246,37.32126,280.79350999999997
13629099999,KORCA- AL,1305,166,40.6,20.7666666
99999953968,PALESTINE 6 WNW- TX US,1217,2114,31.7796,264.2768
72468903026,BURLINGTON CARSON AIRPORT- CO US,1292,2062,39.24148,257.71808
11384099999,HIRSCHENKOGEL- AU,1376,127,47.6166666,15.8333333
71576099999,POND INLET CLIMO- CA,1626,2256,72.7,282.05
17150099999,BALIKESIR- TU,1296,223,39.619258,27.925958
60580099999,OUARGLA- AG,1219,43,31.917223,5.412778
02628099999,HANO- SW,1460,119,56.0166666,14.85
99727999999,FALL RIVER- MA US,1316,2312,41.7,289.0
06432599999,CASTEAU HELI MET- BE,1404,32,50.5,3.98
03301099999,MONA- UK,1432,2845,53.2666666,355.6333334
78256199999,JARDINES DEL REY- CU,1124,2253,22.460986,281.671578
72545804907,CLARION MUNICIPAL AIRPORT- IA US,1327,2130,42.74167,266.24111
60402099999,SOUMMAM- AG,1267,41,36.711997,5.069922
99736699999,MALAQUITE BEACH- TX US,1175,2102,27.58,262.78
40650699999,BALAD AB- IZ,1239,355,33.940194,44.361583
99419099999,DEVILS ISLAND WI- WI US,1370,2154,47.08,269.27
38683099999,BUHARA- UZ,1297,517,39.7166666,64.6166666
83748099999,CAMPO DELIO JARDIM DE MATTOS- BR,671,2533,-22.875083,316.615292
27459099999,STRIGINO- RS,1462,350,56.230119,43.784042
28418099999,SARAPUL- RS,1464,430,56.4666666,53.7333333
99729499999,POTTER COVE PRUDENCE ISLAND- RI US,1316,2309,41.637,288.661
07257099999,AVORD- FR,1370,21,47.05,2.65
68267199999,GRAND CENTRAL- SF,640,225,-25.986267,28.140061
70063125715,ATKA AIRPORT- AK US,1422,1486,52.22028,185.79389
98836099999,ZAMBOANGA INTERNATIONAL- RP,969,976,6.922419,122.059633
52267099999,EJIN QI- CH,1319,809,41.95,101.0666666
87344099999,AMBROSIO L V TARAVELLA- AR,586,2366,-31.323619,295.792047
99730599999,MONEY POINT VA- VA US,1267,2270,36.77,283.7
95959099999,LIAWENEE AWS- AS,481,1173,-41.9,146.6666666
62387099999,MINYA- EG,1180,246,28.0833333,30.7333333
27665099999,LUKOJANOV- RS,1450,356,55.0333333,44.5
71671099999,KENTVILLE CDA- CA,1350,2364,45.07,295.52
02817099999,SAARISELKA KAUNISPAA- FI,1584,220,68.4333333,27.45
72505394728,NY CITY CENTRAL PARK- NY US,1307,2288,40.77898,286.03075
72207303727,CLINTON SAMPSON CO AIRPORT- NC US,1249,2253,34.97556,281.63556
72753014914,FARGO HECTOR INTERNATIONAL AIRPORT- ND US,1369,2106,46.92424,263.18814
62640099999,ABU HAMED- SU,1095,267,19.5333333,33.3166666
42591099999,GAYA- IN,1147,680,24.744308,84.951175
07554099999,MENDE- FR,1345,28,44.5333333,3.45
01088799999,TROLL C OIL PLATFORM- NO,1508,29,60.8858,3.6097
02763099999,TAMPERE HARMALA- FI,1514,190,61.4666666,23.75
99999953164,PAGE 9 WSW- AZ US,1268,1987,36.8637,248.3988
78711099999,PUERTO LEMPIRA- HO,1052,2210,15.260778,276.218528
07165099999,VATRY- FR,1387,33,48.776072,4.184492
03768099999,FARNBOROUGH- UK,1412,2874,51.275833,359.223667
72226013895,MONTGOMERY AIRPORT- AL US,1222,2189,32.2997,273.59255
71103099999,QUESNEL- CA,1430,1900,53.026112,237.489722
85459099999,CANAL BAJO CARLOS HOTT SIEBERT- CI,493,2296,-40.611208,286.938958
54916099999,YANZHOU- CH,1255,935,35.5666666,116.85
23226099999,VORKUTA- RS,1574,512,67.4833333,64.0166666
54337099999,JINZHOU- CH,1311,969,41.1333333,121.1166666
03226099999,WARCOP RANGE- UK,1445,2861,54.5666666,357.5833334
81401099999,ST LAURENT DU MARON- FG,954,2448,5.5,305.9666667
26389099999,OSTASKOV- RS,1471,265,57.1333333,33.1166666
71158099999,BERENS RIVER CS MAN- CA,1423,2104,52.35,262.9666667
99999963869,FAIRHOPE 3 NE- AL US,1205,2177,30.5485,272.1243
76675099999,TOLUCA MEX.- MX,1092,2083,19.2833333,260.3166667
72266693943,BROWNWOOD MUNICIPAL AIRPORT- TX US,1217,2088,31.8,261.05
68912099999,SLANGKOP- SF,558,147,-34.15,18.3166666
94886099999,POUND CREEK- AS,513,1166,-38.6333333,145.8108333
72649994971,ESTHERVILLE MUNICIPAL AIRPORT- IA US,1334,2122,43.40085,265.25235
51053099999,KABA HE- CH,1380,691,48.05,86.35
58968099999,TAIBEI- CH,1150,972,25.0333333,121.5166666
93678099999,KAIKOURA- NZ,475,1390,-42.4166666,173.7
72354503965,STILLWATER REGIONAL AIRPORT- OK US,1261,2103,36.16238,262.91069
30844099999,HILOK- RS,1413,884,51.35,110.4666666
91376000492,MARSHALL ISLANDS INTERNATIONAL AIRPORT- MH RM,970,1370,7.06472,171.27194
72611554740,SPRINGFIELD HARTNESS STATE AIRPORT- VT US,1333,2300,43.34211,287.47869000000003
80398099999,ALFREDO VASQUEZ COBO- CO,858,2320,-4.193175,290.057342
76750399999,CABO SAN LUCAS- MX,1129,2000,22.94845,250.061267
65019099999,KADUNA- NI,1006,59,10.696025,7.320114
14248099999,KRIZEVCI- HR,1360,132,46.0333333,16.55
40016099999,HASSAKAH- SY,1264,326,36.5,40.75
72746804928,BIG FORK MUNICIPAL AIRPORT- MN US,1377,2131,47.78278,266.35
76665599999,GENERAL FRANCISCO J MUJICA INTERNATIONAL- MX,1098,2072,19.849944,258.97450000000003
71825099999,WABUSH- CA,1429,2345,52.921944,293.135556
04156099999,HVERAVELLIR- IC,1548,2723,64.8666666,340.4333334
71147099999,CARMAN U OF M CS MAN- CA,1394,2096,49.5,261.9666667
53502099999,JARTAI- CH,1297,846,39.7833333,105.75
72233053865,SLIDELL AIRPORT- LA US,1203,2161,30.34355,270.17763
42895099999,BALASORE- IN,1115,695,21.5166666,86.9333333
72040800136,CHESTER CO GO CARLSON AIRPORT- PA US,1299,2273,39.983,284.133
94207099999,ROWLEY SHOALS- AS,724,952,-17.5333333,118.95
43413099999,MANNAR- CE,989,639,8.9833333,79.9166666
71447099999,MELITA MAN- CA,1392,2072,49.2833333,259.0166667
85892099999,COCHRANE- CI,427,2299,-47.243847,287.411583
26403099999,PAVILOSTA- LG,1468,169,56.8833333,21.1833333
71475099999,PORT ALBERNI AUT BC- CA,1393,1881,49.3166666,235.08333340000001
71035899999,DELINE- CA,1552,1893,65.210556,236.564167
72349513987,JOPLIN REGIONAL AIRPORT- MO US,1271,2124,37.15222,265.50476000000003
71237099999,DRUMHELLER EAST ALTA- CA,1414,1979,51.4333333,247.33333340000001
04005099999,BOLUNGAVIK- IC,1561,2694,66.15,336.75
99822199999,ALITAK- AK US,1468,1646,56.9,205.75
71197099999,PORT AUX BASQUES- CA,1375,2407,47.5666666,300.85
02944099999,TAMPERE PIRKKALA- FI,1514,189,61.414147,23.604392
89063099999,VERNADSKY- AY,247,2366,-65.25,295.7333334
47028099999,SUPUNG- KN,1304,999,40.45,124.9333333
94217099999,ARGYLE AERODROME- AS,733,1028,-16.6333333,128.45
40414099999,PRINCE SALMAN BIN ABDULAZIZ- SA,1144,353,24.449867,44.121175
72342500373,HARRELL FIELD AIRPORT- AR US,1236,2138,33.617,267.233
17118099999,YENISEHIR- TU,1302,237,40.255208,29.562569
72446713930,WHITEMAN AFB- MO US,1287,2132,38.71667,266.45
71200099999,VICTORIA GONZALES CS BC- CA,1383,1893,48.4,236.68333339999998
65562099999,DIMBOKRO CITY- IV,966,2842,6.65,355.3
72310453867,COLUMBIA OWENS DOWNTOWN AIRPORT- SC US,1239,2232,33.97198,279.00617
72297603166,FULLERTON MUNICIPAL AIRPORT- CA US,1238,1936,33.87154,242.01439
02317099999,DRAVAGEN- SW,1520,109,62.1,13.6166666
72655304951,MONTEVIDEO CHIPPEWA CO AIRPORT- MN US,1349,2114,44.96889,264.29
34363099999,KAMYSIN- RS,1400,363,50.0666666,45.3666666
41480099999,ADEN- YM,1028,360,12.8333333,45.0333333
43086099999,RAMGUNDAM- IN,1087,635,18.7666666,79.4333333
99799799999,ELKHORN SLOUGH RESERVE- CA US,1268,1906,36.8166666,238.2666667
68479099999,LADYSMITH- SF,614,238,-28.5666666,29.7666666
72522404852,NEW PHILADELPHIA CLEVER FIELD- OH US,1304,2229,40.47031,278.57824
02174099999,LAKATRASK- SW,1562,169,66.2833333,21.1333333
60444099999,BORDJ BOU ARRERIDJ- AG,1260,37,36.0666666,4.6666666
94711099999,COBAR MO- AS,585,1167,-31.4833333,145.8333333
72677624036,LEWISTOWN AIRPORT- MT US,1370,2004,47.05443,250.54345999999998
32389099999,KLJUCHI- RS,1463,1287,56.3166666,160.8333333
16726099999,KALAMATA- GR,1270,176,37.068319,22.025525
07040099999,DIEPPE- FR,1399,9,49.9333333,1.1
37279099999,ZUGDIDI- GG,1325,335,42.5166666,41.8833333
71554099999,POINTE AU PERE INRS- CA,1385,2332,48.5166666,291.5333334
93713099999,SOUTH ISLAND- NZ,420,1349,-47.98,168.62
72639404874,NEWBERRY LUCE CO AIRPORT- MI US,1363,2196,46.31111,274.54278
33506099999,POLTAVA- UP,1395,276,49.6,34.55
95671099999,ROSEWORTHY AG COLLEGE- AS,554,1109,-34.5166666,138.6833333
72745394967,PARK RAPIDS MUNICIPAL AIRPORT- MN US,1368,2119,46.89967,264.93318
94515099999,ROMA AIRPORT- AS,634,1190,-26.55,148.7833333
14474099999,DUBROVNIK- HR,1325,146,42.561353,18.268244
99999903062,LOS ALAMOS 13 W- NM US,1258,2028,35.8584,253.4786
47794099999,TOTTORI- JA,1255,1073,35.530069,134.166553
93781099999,CHRISTCHURCH AERO AWS- NZ,465,1380,-43.4833333,172.5166666
91944099999,HAO- FP,719,1752,-18.074814,219.054114
72209003875,FORT STEWART WRIGHT- GA US,1218,2227,31.88333,278.43333
78734099999,JINOTEGA- NU,1030,2192,13.0833333,274.0166667
40883099999,BANDAR LENGEH- IR,1165,439,26.532,54.824847
87784099999,SAN ANTONIO OESTE AERO- AR,492,2360,-40.75716,294.96907
72215114794,WESTERLY STATE AIRPORT- RI US,1313,2306,41.35092,288.19445
72638414817,CADILLAC WEXFORD CO AIRPORT- MI US,1342,2197,44.28333,274.58333
04220099999,AASIAAT EGEDESMINDE- GL,1586,2457,68.7,307.15
47098099999,DONGDUCHEON- KS,1278,1017,37.9,127.0666666
71137099999,VAL MARIE SOUTHEAST- CA,1390,2019,49.0666666,252.4166667
74788012810,MACDILL AFB- FL US,1178,2220,27.85,277.48333
02233099999,SAXNAS- SW,1549,123,64.9666666,15.3833333
07480099999,BRON- FR,1357,40,45.727172,4.944275
03916099999,BALLYPATRICK FOREST- UK,1451,2831,55.1833333,353.8333334
94802099999,ALBANY AIRPORT- AS,550,942,-34.9414,117.8022
02648099999,VAXJO- SW,1468,119,56.85,14.8333333
33008099999,BREST- BO,1421,191,52.108334,23.898056
74790013849,SUMTER SHAW AFB- SC US,1239,2236,33.96667,279.53333
48602199999,MERSING- MY,924,831,2.45,103.8333333
07491099999,AIX LES BAINS- FR,1356,47,45.63805,5.880225
70264546403,MCKINLEY NATIONAL PARK AIRPORT- AK US,1537,1689,63.73333,211.08333
93404099999,PALMERSTON NORTH AWS- NZ,496,1405,-40.3166666,175.6
57328099999,DA XIAN- CH,1211,860,31.2,107.5
80259099999,ALFONSO BONILLA ARAGON INTERNATIONAL- CO,935,2269,3.543222,283.618417
38178099999,AK BAJTAL- UZ,1331,515,43.15,64.3333333
02992099999,LOVIISA ORRENGRUND- FI,1502,212,60.2833333,26.45
89332099999,ELIZABETH- AY,73,1783,-82.6166666,222.9166667
99999953014,MEXICAN HAT 10 NW- UT US,1272,2000,37.2507,250.01229999999998
95146099999,NGAYAWILI- AS,779,1085,-12.0,135.5666666
72450003928,WICHITA DWIGHT D. EISENHOWER NATIONAL AIRPORT- KS US,1276,2101,37.64753,262.57001
01364099999,FILEFJELL- NO,1511,65,61.1833333,8.1166666
03348099999,WOODFORD- UK,1433,2863,53.3333333,357.85
43245099999,NELLORE- IN,1044,640,14.45,79.9833333
14542099999,BANJA LUKA- BK,1347,138,44.7833333,17.2166666
56357099999,DAOCHENG- CH,1190,802,29.05,100.3
71877099999,CALGARY INTERNATIONAL- CA,1411,1968,51.113888,245.97972199999998
29405099999,KYSTOVKA- RS,1465,613,56.6,76.5666666
72216903058,PECOS MUNICIPAL AIRPORT- TX US,1213,2052,31.3825,256.48917
71601099999,SHEARWATER- CA,1346,2372,44.639721,296.500556
56586099999,ZHAOTONG- CH,1173,830,27.3333333,103.75
31974199999,KNEVICHI- RS,1333,1057,43.398953,132.148017
76350399999,GENERAL LUCIO BLANCO INTERNATIONAL- MX,1160,2094,26.008908,261.771487
74791013717,MYRTLE BEACH AFB- SC US,1236,2249,33.68333,281.06667
80035099999,ALMIRANTE PADILLA- CO,1015,2297,11.526222,287.074042
03658499999,COLERNE- UK,1414,2862,51.439083,357.713611
03261099999,DISHFORTH- UK,1441,2869,54.137186,358.579747
82599099999,AUGUSTO SEVERO- BR,840,2598,-5.911417,324.752283
03354099999,NOTTINGHAM WATNALL- UK,1429,2870,53.0,358.75
02184099999,PAHAROVA- SW,1568,179,66.8166666,22.3333333
78655099999,SANTA ANA EL PALMAR- ES,1039,2164,13.97,270.47
71777599999,PEMBERTON AIRPORT WIND PEMBERTON AIRPORT WIND- CA,1402,1898,50.3,237.26666699999998
12385099999,SIEDLCE- PL,1421,178,52.1811111,22.25
72043600142,ATKINSON MUNICIPAL AIRPORT- KS US,1274,2122,37.45,265.267
95612099999,GINGIN AERO- AS,585,927,-31.4666666,115.8666666
47909099999,NAZE FUNCHATOGE- JA,1183,1036,28.3941667,129.5527778
12105599999,LUBLINEK- PL,1417,155,51.717,19.4
71123099999,EDMONTON INTERNATIONAL- CA,1433,1971,53.309723,246.420278
72794504205,ARLINGTON MUNICIPAL AIRPORT- WA US,1381,1903,48.16056,237.84111000000001
99770399999,PILOT STATION EAST- LA US,1189,2165,28.92,270.6
40153099999,HAR KNAAN ZEFAT- IS,1229,284,32.9666666,35.5
07641099999,SETE- FR,1333,30,43.4,3.7
10246099999,FASSBERG- GM,1429,82,52.919406,10.197528
83525099999,UBERLANDIA AERO- BR,711,2494,-18.8833333,311.78
60185099999,SAFI- MO,1222,2806,32.2833333,350.7666667
12585099999,SANDOMIERZ- PL,1406,174,50.7,21.7166666
03377099999,WADDINGTON- UK,1431,2876,53.166167,359.476189
72506314756,NANTUCKET MEMORIAL AIRPORT- MA US,1312,2320,41.25407,289.94106999999997
16076099999,BERGAMO ORIO AL SERIO- IT,1356,78,45.673889,9.704166
72365023050,ALBUQUERQUE INTERNATIONAL AIRPORT- NM US,1250,2027,35.04189,253.38455
01001099999,JAN MAYEN NOR NAVY- NO,1609,2811,70.9333333,351.3333333
22939099999,BELOZERSK- RS,1500,302,60.0166666,37.75
17140099999,YOZGAT- TU,1298,278,39.8166666,34.8
99730099999,CHEASAPEAKE CITY- MD US,1295,2274,39.52,284.2
72272523078,DEMING MUNICIPAL AIRPORT- NM US,1222,2018,32.25923,252.27944
30230099999,KIRENSK- RS,1477,865,57.7666667,108.0666667
91348099999,POHNPEI INTERNATIONAL- FM,969,1266,6.9851,158.208989
40835999999,RAFSANJAN- IR,1202,448,30.297714,56.051139
13279099999,SMEDEREVSKA PALANKA- RI,1343,168,44.3666666,20.95
06660099999,ZUERICH FLUNTERN- SZ,1373,69,47.3833333,8.5666666
08224099999,GETAFE- SP,1302,2850,40.294139,356.276167
42667099999,BHOPAL- IN,1132,619,23.287467,77.337375
61401099999,BIR MOGHREIN- MR,1152,2787,25.236697,348.411303
17115099999,BANDIRMA- TU,1303,224,40.317972,27.977694
89020099999,BRUNT AWS- AY,144,2671,-75.58,333.83
94854099999,AVALON AIRPORT- AS,519,1156,-38.0333333,144.4666666
40835799999,KERMANSHAH- IR,1242,377,34.28,47.12
68668099999,MTHATHA- SF,584,229,-31.547903,28.674289
72763024012,DICKINSON THEODORE ROOSEVELT REGIONAL AIRPORT- ND US,1367,2058,46.79968,257.20285
85152099999,SAN BORJA CAPT GERM- BL,751,2346,-14.8666667,293.25
60650099999,AMGUID- AG,1164,43,26.4166666,5.3666666
03693099999,SHOEBURYNESS LANDWICK- UK,1415,7,51.55,0.8333333
70259526559,SOLDOTNA AIRPORT- AK US,1504,1672,60.47583,208.96583
70262500104,NIKOLAI AIRPORT- AK US,1530,1645,63.017,205.633
71600099999,SABLE ISLAND NS- CA,1339,2400,43.9166666,300.0
10018099999,WESTERLAND SYLT- GM,1449,67,54.91325,8.340472
72503614757,POUGHKEEPSIE AIRPORT- NY US,1316,2289,41.62574,286.11845
72248803996,TALLULAH VICKSBURG REGIONAL AIRPORT- LA US,1223,2152,32.34808,268.97006
72688424148,LA GRANDE MUNICIPAL AIRPORT- OR US,1352,1936,45.28333,242.0
47635099999,NAGOYA- JA,1252,1095,35.255,136.924444
63820099999,MOMBASA MOI INTERNATIONAL- KE,859,317,-4.034833,39.59425
16350099999,CROTONE- IT,1289,137,38.997225,17.080169
71005099999,ALBERT HALL AGCM- CA,1430,1991,53.1,248.83333340000001
71105099999,ROLLING HILLS AGCM- CA,1402,1986,50.25,248.3
71886499999,PRINCETON- CA,1394,1916,49.468056,239.488611
48004099999,HKAMTI- BM,1159,766,26.0,95.7
71459099999,LEADER AIRPORT SASK- CA,1408,2004,50.9,250.5
85921199999,EL LOA- CI,675,2329,-22.498175,291.096425
07146099999,TOUSSUS LE NOBLE- FR,1387,17,48.751922,2.106189
40700099999,PARS ABAD MOGHAN- IR,1296,383,39.65,47.9166666
71733499999,ELLIOT LAKE MUNICIPAL- CA,1363,2220,46.351389,277.438611
01291099999,GARTLAND- NO,1545,99,64.5333333,12.3833333
28791099999,SERBAKUL- RS,1446,579,54.6333333,72.4333333
11652099999,PARDUBICE- EZ,1400,126,50.013419,15.738647
71220099999,LUCY ISLAND LIGHTSTATION- CA,1442,1835,54.2958333,229.391112
72233154941,IOWA FALLS MUNICIPAL AIRPORT- IA US,1324,2134,42.47138,266.79293
54226099999,BUGT- CH,1323,966,42.3333333,120.7
11730099999,SERAK- EZ,1401,137,50.1833333,17.1166666
01467099999,LYNGOR FYR- NO,1486,73,58.6333333,9.15
48025099999,KALEWA- BM,1131,754,23.2,94.3
41084099999,BISHA- SA,1099,341,19.98435,42.620881
16224099999,VIGNA DI VALLE MIL- IT,1320,98,42.0833333,12.2166667
58527099999,JINGDEZHEN- CH,1192,938,29.3,117.2
11748099999,PREROV- EZ,1394,139,49.425833,17.404722
02567099999,LANDSORT- SW,1487,143,58.75,17.8666666
01287099999,SOLENDET- NO,1526,95,62.6833333,11.8166666
94102099999,TROUGHTON ISLAND- AS,762,1009,-13.75,126.15
02972099999,TURKU- FI,1505,178,60.514142,22.262808
67012099999,FASCENE- MA,766,387,-13.312067,48.314822
68488099999,BABANANGO- SF,616,250,-28.3666666,31.2166666
03924099999,CITY- UK,1446,2833,54.618056,354.1275
72278523111,PHOENIX LUKE AFB- AZ US,1235,1981,33.55,247.63333
40913399999,FOB KUNDUZ- AF,1266,551,36.6666667,68.9
71021099999,DEADMEN VALLEY NWT- CA,1512,1884,61.25,235.5333334
80410099999,BARQUISIMETO INTERNATIONAL- VE,1000,2325,10.042747,290.641381
08536099999,LISBOA- PO,1287,2807,38.781311,350.864081
06720599999,SION- SZ,1362,59,46.22,7.32
71295099999,EAR FALLS AUT- CA,1406,2134,50.6333333,266.7833334
72401493714,PETERSBURG DINWIDDIE CO AIRPORT- VA US,1271,2260,37.18333,282.5
28573099999,ISHIM- RS,1460,555,56.1,69.4333333
48376099999,TAK- TH,1068,794,16.895989,99.25335
72201292817,THE VILLAGES- FL US,1189,2224,28.95,278.03333
07785099999,CAP CORSE- FR,1329,75,43.0,9.3666666
72505464710,NORTH CENTRAL STATE AIRPORT- RI US,1319,2308,41.92056,288.50889
94938099999,ULLADULLA AWS- AS,546,1204,-35.35,150.4833333
44358099999,ZAMYN UUD- MG,1337,895,43.7333333,111.9
06753099999,PIOTTA- SZ,1365,69,46.5166666,8.6833333
71229099999,MANNING AGDM ALTA- CA,1469,1940,56.9666666,242.55
85799099999,EL TEPUAL INTERNATIONAL- CI,485,2295,-41.438886,286.906047
02739099999,SOTKAMO KUOLANIEMI- FI,1541,227,64.1166666,28.3333333
72658804956,WINONA MUNICIPAL MAX CONRAD FIELD AIRPORT- MN US,1340,2146,44.07694,268.29194
72031153962,MOUNT PLEASANT AIRPORT- TX US,1230,2120,33.09556,265.03861
72378853135,LAUGHLIN BULLHEAD INTERNATIONAL AIRPORT- AZ US,1251,1964,35.15722,245.44056
94451099999,CARNEGIE CARNEGIE- AS,642,984,-25.7833333,122.9666666
97014099999,SAM RATULANGI- ID,915,999,1.549256,124.926419
07028099999,OCTEVILLE- FR,1395,1,49.533889,0.088056
71807099999,ARGENTIA AUT- CA,1372,2448,47.283,306.0166667
86360099999,NUEVA HESPERIDES INTERNATIONAL- UY,585,2416,-31.4333333,302.0166667
26774099999,GORKI- BO,1442,247,54.3,30.9333333
01340099999,FET I EIDFJORD- NO,1504,58,60.42,7.28
11952099999,POPRAD GANOVCE- LO,1390,163,49.0333333,20.3166666
63793099999,VOI- KE,865,309,-3.4,38.5666667
72549404966,RED OAK MUNICIPAL AIRPORT- IA US,1310,2118,41.01028,264.74028
99999953004,BLUFF 32 NW- UT US,1276,2000,37.601,250.01139999999998
95204099999,WEST ROEBUCK- AS,720,979,-17.9,122.3166666
99999953131,TUCSON 11 W- AZ US,1222,1991,32.2395,248.8304
57902099999,XINGREN- CH,1154,841,25.4333333,105.1833333
42705699999,BANGALURU INTERNATIONAL AIRPORT- IN,1031,622,13.2,77.7
94953099999,SMITHTON AERODROME- AS,491,1161,-40.8333333,145.0833333
06672099999,ALTDORF- SZ,1368,69,46.8666666,8.6333333
07675099999,LE CANNET- FR,1333,51,43.384672,6.387139
31655099999,TROICKOE- RS,1394,1093,49.45,136.5666667
72030553964,DECATUR MUNICIPAL AIRPORT- TX US,1232,2099,33.25444,262.41944
01028099999,BJORNOYA ISLAND- NO,1645,152,74.5166667,19.0166667
31088099999,OHOTSK- RS,1493,1146,59.3666666,143.2
72236700363,SKYHAVEN AIRPORT- MO US,1287,2130,38.783,266.2
70261526498,FAIRBANKS WAINWRIGHT ARMY AIR FIELD AIRPORT- AK US,1548,1699,64.8375,212.38556
03066099999,KINLOSS- UK,1476,2852,57.649386,356.439364
03355099999,CHURCH FENTON- UK,1438,2870,53.834333,358.8045
11248099999,BAD RADKERSBURG- AU,1366,128,46.6833333,15.9833333
47115099999,ULLEUNGDO- KS,1274,1047,37.4833333,130.9
72063100217,MARLBORO CO JETPPORT H E AVENT FIELD- SC US,1246,2242,34.617,280.267
71213099999,EARLTON CLIMATE- CA,1376,2241,47.6833333,280.1666667
72429563888,SPRINGFIELD BECKLEY MUNICIPAL AIRPORT- OH US,1298,2209,39.84028,276.15999999999997
72645704825,APPLETON OUTAGAMIE CO AIRPORT- WI US,1342,2172,44.26667,271.48333
11232099999,FEISTRITZ OB BLEIBURG- AU,1365,118,46.5666666,14.7666666
42724099999,AGARTALA- IN,1138,730,23.886978,91.24045
01114099999,REIPA- NO,1568,109,66.9,13.6333333
82861099999,CONCEICAO DO ARAGUAIA- BR,816,2486,-8.348347,310.698472
72316563821,WILKES CO AIRPORT- NC US,1262,2231,36.22278,278.90166999999997
72584523225,BLUE CANYON NYACK AIRPORT- CA US,1292,1914,39.27617,239.29073
47624099999,MAEBASHI- JA,1263,1113,36.4,139.0666666
94647099999,EUCLA- AS,583,1031,-31.6797,128.8792
72210312895,FORT PIERCE ST LUCIE CO INTERNATIONAL AIRPORT- FL US,1174,2237,27.49816,279.62374
86586099999,LAGUNA DEL SAUCE- UY,551,2439,-34.8666666,304.9
43181099999,VIJAYAWADA- IN,1065,646,16.530433,80.796847
33088099999,SARNY- UP,1412,213,51.2833333,26.6166666
02154099999,VIDSEL- SW,1558,161,65.875325,20.149917
48580099999,PATTANI- TH,967,809,6.785458,101.153569
78717099999,SANTA ROSA DE COPAN- HO,1047,2170,14.7833333,271.2166667
99735499999,TRIDENT PIER- FL US,1184,2235,28.42,279.42
02514099999,ARVIDSJAUR- SW,1555,154,65.590278,19.281944
43237099999,PBO ANANTAPUR- IN,1045,621,14.5833333,77.6333333
72038163885,GULF SHORES JACK EDWARDS AIRPORT- AL US,1202,2179,30.29056,272.32833
78970011634,PIARCO INTERNATIONAL AIRPORT- TD,1005,2389,10.58333,298.65
14462099999,PLOCE- HR,1330,140,43.05,17.45
71843699999,DE WEMINDJI- CA,1430,2249,53.0166667,281.1666667
40719099999,RASHT- IR,1273,397,37.325431,49.605708
94578099999,BRISBANE AIRPORT- AS,625,1225,-27.4166666,153.0666666
80421499999,DEL CARIBE INTERNATIONAL GEN SANTIAGO MARINO- VE,1009,2368,10.912603,296.03340000000003
99999903076,GRAND JUNCTION 9 W- CO US,1291,2010,39.1018,251.2647
99406099999,MOUNT DESERT ROCK ME- ME US,1339,2335,43.97,291.87
14544099999,BUGOJNO- BK,1340,140,44.0666666,17.4666666
82317099999,TEFE- BR,866,2362,-3.382944,295.275944
47141043219,KUNSAN- KS,1259,1013,35.903756,126.615906
94712099999,YOUNG AIRPORT- AS,557,1186,-34.25,148.25
56751099999,DALI- CH,1156,801,25.7,100.1833333
13348099999,MOSTAR- BK,1332,143,43.2829,17.845878
71493099999,PARRSBORO- CA,1354,2365,45.41667,295.65
30965099999,BORZYA- RS,1403,932,50.4,116.5166666
17260099999,OGUZELI- TU,1269,300,36.947183,37.478683
06280099999,EELDE- NL,1431,53,53.11972,6.579444
71950099999,SMITHERS- CA,1448,1863,54.824722,232.81722200000002
54497099999,DANDONG- CH,1300,995,40.05,124.3333333
72287493134,LOS ANGELES DOWNTOWN USC- CA US,1240,1934,34.0236,241.7089
76775599999,XOXOCOTLAN INTERNATIONAL- MX,1069,2106,17.0,263.2666667
94119099999,PIRLANGIMPI- AS,785,1043,-11.4,130.4166666
41700099999,BAHAWALPUR CITY- PK,1193,574,29.4,71.7833333
71565099999,LEEDALE AGDM- CA,1425,1964,52.55,245.53
99768999999,BRANDYWINE SHOAL LGT- DE US,1289,2279,38.98,284.9
96001099999,MAIMUN SALEH- ID,958,763,5.874131,95.339672
01300099999,GULLFAKS C- NO,1511,18,61.2,2.2666666
17530099999,GECITKALE- CY,1252,270,35.2333333,33.7333333
12400099999,ZIELONA GORA- PL,1419,124,51.9333333,15.5333333
72658794927,WORTHINGTON 2 NNE- MN US,1336,2115,43.6449,264.4198
13461599999,OHRID AERODROME- MK,1310,167,41.1,20.8166666
47489099999,KUSHIRO- JA,1330,1154,43.040967,144.192986
89013099999,BALDRICK AWS- AY,72,2776,-82.7666666,346.95
02889099999,SUOMUSSALMI PESIO- FI,1549,230,64.9333333,28.75
72372323184,PRESCOTT LOVE FIELD- AZ US,1246,1981,34.64915,247.57765999999998
71408099999,SAGONA ISLAND NFLD- CA,1373,2434,47.3666666,304.2166667
33838799999,CHISINAU INTERNATIONAL- MD,1369,231,46.927744,28.930978
76762099999,CHILPANCINGO RO.- MX,1075,2084,17.55,260.5
72204992805,POMPANO BEACH AIRPARK- FL US,1162,2239,26.24636,279.88895
71603099999,YARMOUTH- CA,1338,2351,43.826944,293.911944
13389099999,LESKOVAC- RI,1329,176,42.9833333,21.95
07125099999,PLEURTUIT- FR,1385,2863,48.587778,357.92
91178022551,EWA KALAELOA AIRPORT- HI US,1113,1615,21.30555,201.93418
60285099999,PLAGE BLANCHE- MO,1184,2791,28.448194,348.838653
72745014913,DULUTH INTERNATIONAL AIRPORT- MN US,1368,2143,46.8436,267.81342
07552099999,MARCILLAC- FR,1344,20,44.407869,2.482672
44232099999,HUTAG- MG,1393,822,49.3833333,102.7
38611099999,NAMANGAN- UZ,1309,573,40.9833333,71.5833333
72028753967,GRAYSON CO AIRPORT SHERMAN DENISON- TX US,1237,2107,33.71417,263.32639
78948000406,HEWANORRA INTERNATIONAL AIRPORT- ST,1037,2392,13.75,299.05
03080099999,ABOYNE NUMBER 2- UK,1470,2857,57.0833333,357.1666667
72757394928,DEVILS LAKE MUNICIPAL AIRPORT- ND US,1381,2089,48.11667,261.1
78631199999,MUNDO MAYA INTERNATIONAL- GT,1069,2161,16.913819,270.133617
40672099999,DIWANIYA- IZ,1219,360,31.95,44.95
07486099999,SAINT GEOIRS- FR,1353,43,45.362944,5.329375
12860099999,SZOLNOK- HU,1371,162,47.122861,20.2355
71914599999,TALOYOAK- CA,1595,2131,69.546667,266.423333
16422099999,REGGIO CALABRIA- IT,1280,125,38.071206,15.651556
59209099999,NAPO- CH,1132,848,23.3,105.95
15600099999,MOURGASH- BU,1328,189,42.8333333,23.6666666
72306513783,GREENVILLE PITT GREENVILLE AIRPORT- NC US,1256,2261,35.63333,282.61667
03144099999,STRATHALLEN AIRFIELD- UK,1463,2850,56.3166666,356.2666667
72206953853,DESTIN FORT WALTON BEACH AIRPORT- FL US,1203,2188,30.39333,273.53262
07503099999,BISCAROSSE PARENTIS- FR,1344,2870,44.4333333,358.75
47643099999,IRUMA- JA,1258,1115,35.841944,139.410556
28009099999,KIRS- RS,1493,418,59.35,52.25
72313993729,CAPE HATTERAS BILLY MITCHELL FIELD- NC US,1252,2275,35.23238,284.37777
22520099999,KEM PORT- RS,1549,278,64.9833333,34.8
13493099999,KRIVA PALANKA- MK,1321,179,42.2,22.3333333
07292099999,SAINT SAUVEUR- FR,1377,51,47.783131,6.364056
26629599999,KAUNAS INTERNATIONAL- LH,1449,193,54.963919,24.084778
72583024128,WINNEMUCCA AIRPORT- NV US,1309,1938,40.90178,242.19188
60403099999,GUELMA- AG,1264,60,36.4666666,7.4666666
65560099999,DALOA- IV,967,2828,6.792808,353.526811
94821099999,MOUNT GAMBIER AERO- AS,522,1126,-37.7333333,140.7833333
94826099999,CAPE NELSON LIGHTHOUSE- AS,515,1132,-38.4333333,141.55
94225099999,DELAMERE WEAPONS RANGE- AS,742,1055,-15.75,131.9166666
68449099999,FICKSBURG- SF,611,223,-28.8166666,27.9
08221099999,BARAJAS- SP,1304,2851,40.493556,356.433236
40716099999,MEYANEH- IR,1274,382,37.45,47.7
53593099999,YU XIAN- CH,1298,917,39.8333333,114.5666666
28825099999,STERLITAMAK- RS,1435,447,53.5833333,55.9336111
48926099999,HOUEI SAI- LA,1102,803,20.25,100.4333333
99819199999,HILO- HI US,1097,1640,19.7166666,204.95
32618099999,OSTROV BERINGA- RS,1451,1328,55.2,165.9833333
54377099999,JI AN- CH,1311,1010,41.15,126.2166666
11180099999,RAX SEILBAHN BERGSTATION- AU,1377,126,47.7166666,15.7833333
72393093214,VANDENBERG AFB- CA US,1247,1915,34.71667,239.43333
72036904135,DRIGGS REED MEMORIAL AIRPORT- ID US,1337,1991,43.7425,248.9025
07296099999,DORANS- FR,1375,55,47.5916667,6.8333333
99999963856,BRUNSWICK 23 S- GA US,1208,2228,30.8078,278.5404
72037800122,NEW CASTLE MUNICIPAL AIRPORT- PA US,1310,2237,41.033,279.58299999999997
72427653859,DAYTON WRIGHT BROTHERS AIRPORT- OH US,1295,2206,39.5918,275.7737
40670099999,NAJAF- IZ,1219,355,31.95,44.3166666
71551099999,OUTLOOK PFRA SASK- CA,1414,2024,51.4833333,252.95
11229099999,ST. ANDRAE I.L.- AU,1367,119,46.7666666,14.8333333
16206099999,GROSSETO- IT,1327,89,42.759722,11.071944
28704099999,CULPANOVO- RS,1444,403,54.5,50.4166666
40738099999,GORGAN- IR,1269,435,36.909381,54.401339
94141099999,CENTRAL ARNHEM PLATEAU- AS,766,1065,-13.3333333,133.0833333
99400899999,FRED HOWARD PARK- FL US,1181,2218,28.12,277.2
07690099999,COTE D AZUR- FR,1336,58,43.658411,7.215872
60557099999,NAAMA- AG,1232,2878,33.2666666,359.7
47765099999,HIROSHIMA- JA,1243,1060,34.4,132.4666666
94954099999,CAPE GRIM BAPS- AS,493,1157,-40.6666666,144.6833333
95937099999,MORUYA AIRPORT- AS,541,1201,-35.9,150.15
57476099999,JIANGLING- CH,1203,897,30.3333333,112.1833333
71139099999,CYPRESS HILLS PARK SASK- CA,1396,2004,49.65,250.4833334
58208099999,GUSHI- CH,1221,925,32.1666666,115.6166666
72586594161,HAILEY FRIEDMAN MEMORIAL AIRPORT- ID US,1334,1966,43.5,245.7
72660500386,BLACK HILLS AIRPORT CLYDE ICE FIELD- SD US,1344,2050,44.483,256.217
26666099999,VITEBSK- BO,1451,243,55.1265,30.349639
52681099999,MINQIN- CH,1286,825,38.6333333,103.0833333
17210099999,SIIRT- TU,1279,336,37.9166666,41.95
01480099999,DRAMMEN BERSKOG- NO,1497,81,59.75,10.1333333
40800099999,ESFAHAN SHAHID BEHESHTI INTERNATIONAL- IR,1227,415,32.750721,51.861694
28807099999,SAMARA SNYSLJAEVKA- RS,1432,404,53.25,50.45
40769099999,ARAK- IR,1241,399,34.138069,49.847297
71642099999,CHAPLEAU- CA,1378,2213,47.82,276.653333
53772099999,WUSU- CH,1277,901,37.746897,112.628428
74917100479,TEHACHAPI MUNICIPAL AIRPORT- CA US,1251,1932,35.1349,241.5607
38222099999,TOLE BI- KZ,1336,590,43.7,73.7833333
68341099999,LICHTENBURG- SF,638,209,-26.175672,26.184575
72366303012,TAOS MUNICIPAL AIRPORT- NM US,1264,2035,36.45,254.33333
71350099999,HARRINGTON CDA CS PEI- CA,1363,2375,46.35,296.8333334
41630099999,FAISALABAD- PK,1214,585,31.4333333,73.1
25282099999,MYS VANKAREM- RS,1578,1473,67.8333333,184.166667
41715099999,SHAHBAZ AB- PK,1182,548,28.284167,68.449711
72094600326,FERNANDINA BEACH MUNICIPAL AIRPORT- FL US,1206,2228,30.617,278.533
06069099999,FOULUM- DA,1464,77,56.5,9.5666666
72236423903,TUNICA MUNICIPAL AIRPORT- MS US,1246,2157,34.68111,269.65333
11976099999,STROPKOV TISINEC- LO,1392,173,49.2166666,21.65
64560099999,LASTOURSVILLE- GB,891,102,-0.8333333,12.7166667
99843499999,VERACURZ HARBOR- MX,1092,2111,19.202,263.887
71398099999,MOOSONEE- CA,1412,2235,51.2833333,279.4
11927699999,ZILINA- LO,1392,149,49.231528,18.6135
96749099999,SOEKARNO HATTA INTERNATIONAL- ID,838,853,-6.125567,106.655897
68512099999,SPRINGBOK- SF,603,144,-29.689333,17.939611
48112099999,VICTORIA POINT- BM,999,789,9.9666666,98.5833333
99999953154,YUMA 27 ENE- AZ US,1228,1966,32.835,245.8116
01317099999,BERGEN FLORIDA- NO,1503,43,60.3833333,5.3333333
99497599999,BEAUFORT NC- NC US,1241,2267,34.2,283.33
72059400188,HOUSTON DUNN HELISTOP- TX US,1197,2117,29.717,264.617
06756099999,ACQUAROSSA COMPROVASCO- SZ,1364,71,46.4666666,8.9333333
99408299999,APK ARIPEKA FL- US,1184,2219,28.43,277.34000000000003
72450403974,WICHITA COLONEL JAMES JABARA AIRPORT- KS US,1277,2102,37.74965,262.78093
17200599999,TOPEL- TU,1307,241,40.735028,30.083336
72281023199,EL CENTRO NAF- CA US,1228,1955,32.83241,244.33623
40655999999,FOB KALSU- IZ,1227,356,32.8,44.45
06616099999,FAHY BONCOURT- SZ,1374,56,47.4333333,6.95
71259099999,POLLOCKVILLE AGDM ALTA- CA,1411,1986,51.1166666,248.3
71242099999,LACOMBE CDA 2 ALTA- CA,1424,1970,52.45,246.25
80022099999,RAFAEL NUNEZ- CO,1004,2276,10.442381,284.487039
30054099999,VITIM- RS,1494,901,59.45,112.5833333
78458099999,PUERTO PLATA- DR,1097,2316,19.75,289.45
71695099999,THE PAS CLIMATE- CA,1439,2071,53.9666667,258.9
99999923904,BATESVILLE 8 WNW- AR US,1258,2146,35.8201,268.2188
29612099999,BARABINSK- RS,1453,626,55.3333333,78.3083333
45011099999,MACAU INTERNATIONAL- MC,1121,909,22.149556,113.591558
96465099999,LABUAN- MY,953,922,5.300683,115.250181
08055099999,LEON- SP,1325,2835,42.589,354.344444
87480099999,ROSARIO- AR,570,2394,-32.903611,299.21500000000003
29814099999,KARASUK- RS,1437,624,53.7333333,78.0166666
26115099999,RISTNA- EN,1489,177,58.9166666,22.0666666
95621099999,COLLIE EAST- AS,566,929,-33.3666666,116.1666666
72567024032,VALENTINE MILLER FIELD AIRPORT- NE US,1328,2076,42.85855,259.44858999999997
83741099999,SANTA CRUZ- BR,670,2530,-22.93235,316.280908
94206099999,FITZROY CROSSING AERO- AS,718,1005,-18.1833333,125.5666666
40691099999,AL FAO- IZ,1199,388,29.9833333,48.5
71915099999,CORAL HARBOUR- CA,1541,2213,64.193333,276.640556
72656604965,PIPESTONE MUNICIPAL AIRPORT- MN US,1339,2110,43.98306,263.69972
71335099999,SAGLEK BAY- CA,1483,2379,58.3333333,297.4166667
72521014895,AKRON CANTON AIRPORT- OH US,1309,2228,40.91811,278.55658
06990099999,VADUZ- LS,1371,76,47.1333333,9.5166666
71672099999,PETERBOROUGH TRENT U- CA,1343,2254,44.35,281.7
72451523064,GARDEN CITY REGIONAL AIRPORT- KS US,1279,2074,37.92208,259.27572
34152099999,BALASHOV- RS,1415,345,51.55,43.15
72212853899,LINCOLNTON LINCOLN CO REGIONAL AIRPORT- NC US,1254,2231,35.48306,278.83889
02814099999,KEMIJARVI AIRFIELD- FI,1567,217,66.7166666,27.1666666
72211512871,SARASOTA BRADENTON AIRPORT- FL US,1174,2220,27.40146,277.44137
72445953931,KAISER LAKE OZARKS LEE C FINE MEMORIAL AIRPORT- MO US,1280,2140,38.09639,267.44694
24266099999,VERHOJANSK- RS,1575,1067,67.5666666,133.4
72476023066,GRAND JUNCTION WALKER FIELD- CO US,1291,2012,39.13437,251.45919
71582099999,BELLA BELLA CAMPBELL- CA,1421,1855,52.1833333,231.85
28493599999,YEMELYANOVO- RS,1461,740,56.172947,92.493278
41006099999,MUWAIH- SA,1124,334,22.4333333,41.75
72212904939,MOORHEAD MUNICIPAL AIRPORT- MN US,1368,2107,46.83917,263.33694
71964099999,WHITEHORSE INTERNATIONAL- CA,1507,1799,60.709553,224.932731
35849099999,KAZALY- KZ,1357,497,45.7666666,62.1166666
95753099999,RICHMOND RAAF- AS,563,1206,-33.6,150.7833333
16650099999,LIMNOS- GR,1299,202,39.917072,25.236308
99442099999,DAUPHIN ISLAND AL- US,1202,2175,30.25,271.93
72207504871,DE KALB TAYLOR MUNICIPAL AIRPORT- IL US,1319,2170,41.93167,271.29194
48938099999,SAYABOURY- LA,1092,814,19.2333333,101.7333333
14657099999,NEUM- BK,1329,141,42.9166666,17.6
40373099999,QAISUMAH- SA,1183,369,28.335192,46.125069
91221041419,ROTA AIRPORT- MP CQ,1041,1162,14.1717,145.2428
80444099999,CIUDAD BOLIVAR- VE,981,2372,8.122161,296.462575
06664099999,ZUERICH AFFOLTERN- SZ,1374,68,47.4333333,8.5166666
67775099999,ROBERT GABRIEL MUGABE INTERNATIONAL HARARE- ZI,720,249,-17.930219,31.094329
95322099999,RABBIT FLAT- AS,698,1040,-20.1833333,130.0166666
02750099999,HANKO TVARMINNE- FI,1498,186,59.85,23.25
94820099999,NARACOORTE AERODROME- AS,530,1126,-36.9833333,140.7333333
72420014891,MANSFIELD LAHM REGIONAL AIRPORT- OH US,1308,2220,40.8204,277.48231
72064700229,LAMPASAS AIRPORT- TX US,1211,2094,31.106,261.804
56886099999,LUXI- CH,1145,830,24.5333333,103.7666666
72030464752,WINGS FIELD- PA US,1300,2278,40.1,284.73333
71775099999,PITT MEADOWS CAMPBELL SCIENTIFIC BC- CA,1391,1899,49.2,237.31666669999998
38616099999,KARA SUU- KG,1306,583,40.7,72.9
72429453844,LANCASTER FAIRFIELD CO AIRPORT- OH US,1297,2219,39.75725,277.33667
61499099999,AIOUN EL ATROUSS- MR,1067,2803,16.711294,350.362117
71402099999,TWILLINGATE AUT NFLD- CA,1396,2442,49.6833333,305.2
89329099999,HARRY- AY,69,1909,-83.0,238.6166667
71273099999,LOON LAKE- CA,1440,2007,54.0166666,250.8666667
72526604751,BRADFORD REGIONAL AIRPORT- PA US,1317,2251,41.79835,281.36457
76654699999,LICENCIADO Y GEN IGNACIO LOPEZ RAYON- MX,1093,2064,19.396692,257.960944
72438453842,INDIANAPOLIS EAGLE CREEK AIRPORT- IN US,1298,2190,39.82483,273.70417
06207099999,L9 FF 1- NL,1436,40,53.6166666,4.9666666
57687099999,CHANGSHA- CH,1181,902,28.1166666,112.7833333
99999963893,GREENSBORO 2 WNW- AL US,1227,2179,32.7169,272.37739999999997
03740099999,LYNEHAM- UK,1415,2864,51.505144,358.006572
08202099999,SALAMANCA- SP,1309,2836,40.952117,354.498014
72216703718,ORANGE CO AIRPORT- VA US,1282,2256,38.24694,281.95444
71537099999,ROSEMARY AGDM- CA,1408,1984,50.82,247.95
85245099999,EL TROMPILLO- BL,721,2375,-17.811581,296.82851900000003
61701099999,BANJUL INTERNATIONAL- GA,1033,2747,13.337961,343.347794
13272099999,BEOGRAD- RI,1348,162,44.818444,20.309139
06022099999,TYRA OST- DA,1457,38,55.72,4.8
72040700462,OCEAN CO AIRPORT- NJ US,1299,2286,39.9275,285.7077
37126099999,SHADZHATMAZ- RS,1337,341,43.7333333,42.6666666
99402399999,PORT SAN LUIS- CA US,1251,1914,35.177,239.24
72750854915,PINE RIVER REGIONAL AIRPORT- MN US,1367,2125,46.72472,265.61833
82930099999,CACHIMBO- BR,806,2440,-9.333936,305.034578
72514014778,WILLIAMSPORT REGIONAL AIRPORT- PA US,1312,2265,41.24295,283.07827
03673399999,LUTON- UK,1418,2877,51.874722,359.631667
99727099999,ATLANTIC CITY- NJ US,1293,2285,39.35,285.58
70171826551,AMBLER AIRPORT- AK US,1570,1617,67.1,202.15
02827099999,INARI VAYLA- FI,1590,220,69.0666666,27.5
72036754927,PAYNESVILLE MUNICIPAL AIRPORT- MN US,1353,2122,45.37222,265.25389
40030099999,HAMA- SY,1251,294,35.1166666,36.75
02516099999,VINGA- SW,1476,93,57.6333333,11.6166666
48952099999,SARAVANE- LA,1056,851,15.6833333,106.4166667
72035154919,OSKALOOSA MUNICIPAL AIRPORT- IA US,1312,2140,41.22611,267.50917
71679099999,OOTSA LAKESKINS LAKE- CA,1437,1872,53.77,234.01999999999998
03222099999,CARLISLE- UK,1449,2858,54.9375,357.190833
58752099999,RUIAN- CH,1177,965,27.7833333,120.65
71444099999,WASAGAMING MAN- CA,1406,2081,50.65,260.0666667
38911099999,KERKI- TX,1278,522,37.8333333,65.2
61687099999,TAMBACOUNDA- SG,1037,2771,13.736817,346.346878
94608099999,PERTH METRO- AS,580,927,-31.9166666,115.8666666
61612099999,PODOR- SG,1066,2760,16.65,345.0333333
01141099999,LEKNES- NO,1581,109,68.15,13.6166667
47101099999,CHUNCHEON- KS,1278,1022,37.9,127.7333333
44348099999,BAYAN DOBO SUMA- MG,1345,857,44.5666667,107.1833333
71035499999,GOLDEN- CA,1412,1944,51.299167,243.01777800000002
71001099999,BURWASH- CA,1513,1768,61.371111,220.959444
71372099999,L ACADIE QUE- CA,1352,2293,45.2833333,286.6666667
71347099999,FAIRVIEW AGDM ALTA- CA,1460,1933,56.0666666,241.56666669999998
47682099999,CHIBA- JA,1255,1121,35.6,140.1
76390099999,SALTILLO COAH.- MX,1153,2072,25.3666666,258.9833334
53959099999,YUNCHENG- CH,1251,889,35.1166666,111.0666666
94183099999,COEN AIRPORT- AS,762,1145,-13.7666666,143.1166666
07600099999,SOCOA- FR,1333,2867,43.4,358.3166667
76243099999,PIEDRAS NEGRAS INTERNATIONAL- MX,1186,2076,28.627394,259.464789
44385099999,HANBOGD- MG,1331,857,43.2,107.1666667
06458099999,BEAUVECHAIN- BE,1407,38,50.75861,4.768333
01384099999,GARDERMOEN- NO,1501,89,60.193917,11.100361
47672099999,TATEYAMA- JA,1249,1119,34.9833333,139.8666666
03010099999,SULE SKERRY- UK,1490,2845,59.0833333,355.6
72494523293,SAN JOSE- CA US,1273,1905,37.35938,238.07556
38062099999,KZYL ORDA- KZ,1347,524,44.7666667,65.5333333
70133700103,WALES AIRPORT- AK US,1556,1535,65.617,191.9
74693603712,ERWIN HARNETT CO AIRPORT- NC US,1253,2250,35.37861,281.26639
78873000400,F D ROOSEVELT AIRPORT- NL,1074,2376,17.49833,297.01972
01304099999,YTTEROYANE FYR- NO,1515,37,61.5666666,4.6833333
72429093815,DAYTON INTERNATIONAL AIRPORT- OH US,1299,2206,39.90638,275.78147
99773199999,GRAND TRAVERSE LIGHT- MI US,1351,2196,45.2,274.45
76075399999,ABRAHAM GONZALEZ INTERNATIONAL- MX,1216,2029,31.636133,253.57133299999998
07024099999,MAUPERTUS- FR,1396,2868,49.650106,358.529719
72214093805,TALLAHASSEE REGIONAL AIRPORT- FL US,1203,2205,30.39354,275.64864
72092299999,ST GEORGE MUNICIPAL- UT US,1270,1972,37.0363889,246.48969499999998
50548099999,XIAO ERGOU- CH,1391,990,49.2,123.7166666
65404099999,WA- GH,1000,2860,10.082664,357.492306
72062800215,CLARENCE E PAGE MUNICIPAL AIRPORT- OK US,1254,2097,35.483,262.183
17099099999,AGRI- TU,1296,344,39.65,43.0333333
72208013880,CHARLESTON INTL. AIRPORT- SC US,1228,2240,32.89945,279.9593
68403099999,ALEXANDER BAY- SF,614,132,-28.575001,16.533333
68835099999,PATENSIE- SF,562,199,-33.7666666,24.8166666
94816099999,KEITH- AS,538,1123,-36.1,140.35
26059099999,KINGISEPP- RS,1493,229,59.3666666,28.6
13619099999,PESHKOPI- AL,1316,163,41.6833333,20.4333333
17042099999,HOPA- TU,1313,331,41.4,41.4333333
99843799999,LA MANCHA BEACH- MX,1095,2109,19.6,263.6166667
01098099999,VARDO- NO,1603,249,70.3666666,31.1
44225099999,TOSONTSENGEL- MG,1387,786,48.7333333,98.2
64400099999,POINTE NOIRE- CF,851,95,-4.816028,11.886597
98428099999,SANGLEY POINT AB- RP,1044,967,14.495364,120.904075
29602099999,CHANY- RS,1452,614,55.3,76.75
94592099999,GOLD COAST- AS,618,1228,-28.164444,153.504722
38696099999,SAMARKAND- UZ,1297,536,39.700547,66.983829
02984099999,INKOO BAGASKAR- FI,1499,192,59.9333333,24.0166666
71707099999,SYDNEY A- CA,1361,2400,46.1666666,299.95
99734099999,KENOSHA- WI US,1325,2178,42.58,272.2
40812099999,SHAHID ASYAEE- IR,1220,394,32.002304,49.270668
01431099999,SIRDAL SINNES- NO,1489,55,58.9333333,6.9166666
71631099999,MOUNT FOREST AUT ONT- CA,1339,2234,43.9833333,279.25
02540099999,KROPPEFJALL GRANAN- SW,1485,98,58.6,12.2
03768399999,CITY- UK,1415,0,51.505278,0.055278
30157099999,MAMA- RS,1483,903,58.3166666,112.8666666
99729999999,CHEASAPEAKE BRIDGE- VA US,1269,2271,36.97,283.88
48563099999,KRABI- TH,980,792,8.1,98.9833333
99999925630,SAND POINT 1 ENE- AK US,1453,1596,55.3473,199.534
72017253996,MENA INTERMOUNTAIN MUNICIPAL AIRPORT- AR US,1245,2126,34.54528,265.7975
99999994996,LINCOLN 11 SW- NE US,1306,2105,40.6954,263.1459
99999963895,RUSSELLVILLE 4 SSE- AL US,1244,2178,34.4535,272.2896
17111099999,BOZCAADA- TU,1298,209,39.8333333,26.0666666
71234099999,CLARESHOLM- CA,1399,1971,50.0,246.3666667
17535099999,ISKELE- CY,1252,271,35.2833333,33.8833333
99799199999,HUDSON RIVER RESERVE- NY US,1320,2289,42.0166666,286.0833334
72248613942,MONROE REGIONAL AIRPORT- LA US,1225,2144,32.51552,267.97005
71843799999,RAE LAKES- CA,1541,1941,64.1166667,242.6333333
78950599999,MUSTIQUE- VC,1028,2391,12.887947,298.819839
72034354852,WAUPACA MUNICIPAL AIRPORT- WI US,1343,2168,44.33333,270.98028
76382099999,TORREON INTERNATIONAL- MX,1155,2053,25.568278,256.589417
47882099999,MATSUYAMA- JA,1238,1062,33.827222,132.699722
11138099999,ALPINZENTRUM RUDOLFSHUETTE- AU,1371,101,47.1333333,12.6333333
03214099999,WALNEY ISLAND- UK,1441,2854,54.131167,356.736333
94686099999,FOWLERS GAP AWS- AS,589,1134,-31.0833333,141.7
59058099999,MENGSHAN- CH,1141,884,24.2,110.5166666
10469099999,LEIPZIG HALLE- GM,1414,98,51.423992,12.236383
60367099999,EL KALA- AG,1268,68,36.9,8.45
99437099999,MATINICUS ROCK ME- US,1337,2329,43.78,291.14
51644099999,KUQA- CH,1317,664,41.7166666,82.95
71909499999,KIMMIRUT A NWT- CA,1528,2321,62.85,290.1166667
40103099999,TRIPOLI- LE,1244,286,34.45,35.8
72508854733,BEVERLY MUNICIPAL AIRPORT- MA US,1325,2313,42.5841,289.0847
72206603853,MAYPORT PILOT STATION- FL US,1203,2229,30.4,278.58333
68320099999,WERDA- BC,647,186,-25.2666666,23.25
71546099999,RYCROFT AGCM- CA,1457,1931,55.7666666,241.33333340000001
01327099999,KVAMSKOGEN JONSHOGDI- NO,1503,48,60.3833333,5.9666666
71532099999,MUSKOKA AWOS ONT- CA,1349,2246,44.9666666,280.7
72221800356,CAMBRIDGE DORCHESTER AIRPORT- MD US,1285,2272,38.533,283.967
47154099999,GUMI- KS,1261,1027,36.1166666,128.3166666
63756099999,MWANZA- TZ,875,263,-2.444486,32.932667
30781099999,URJUPINO- RS,1427,960,52.75,120.0333333
98440099999,DAET- RP,1041,984,14.129167,122.980181
94294099999,TOWNSVILLE- AS,707,1174,-19.2525,146.765278
02349099999,SILLRE- SW,1527,134,62.7666666,16.7333333
72222453862,PERRY FOLEY AIRPORT- FL US,1200,2211,30.07194,276.42638999999997
78363099999,CONTRAMAESTRE SANTIAGO DE CUBA- CU,1102,2270,20.2833333,283.75
07201099999,PLUGUFFAN- FR,1379,2847,47.974981,355.832214
37756099999,MARAZA- AJ,1305,391,40.5333333,48.9333333
71968099999,SHINGLE POINT- CA,1589,1782,68.95,222.78
99999926494,FAIRBANKS 11 NE- AK US,1549,1700,64.9735,212.49
47819099999,KUMAMOTO- JA,1228,1046,32.8166666,130.7
06459099999,ERNAGE- BE,1405,37,50.5833333,4.6833333
68300599999,LUDERITZ- WA,633,122,-26.687369,15.242861
60467099999,M SILA- AG,1256,36,35.6666666,4.5
71519099999,BOW ISLAND IRRIGATION AGDM- CA,1398,1989,49.8666667,248.616667
68478099999,ESTCOURT- SF,609,239,-29.0,29.8833333
11423299999,KBELY- EZ,1401,116,50.121367,14.543642
71917099999,EUREKA- CA,1699,2193,79.9833333,274.0666667
04301099999,KAP MORRIS JESUP- GL,1736,2613,83.65,326.63333339999997
02472099999,SKEPPMORA- SW,1501,121,60.1166666,15.1166666
03915099999,PORTGLENONE- UK,1448,2828,54.8666666,353.55
72595724215,MOUNT SHASTA- CA US,1313,1901,41.314893,237.682873
71130099999,NIPAWIN AIRPORT- CA,1433,2048,53.3333333,256.0
68925099999,ELGIN EXPERIMENTAL FARM- SF,558,152,-34.1394444,19.0227778
43295099999,BANGALORE- IN,1029,621,12.9666666,77.5833333
27995099999,SAMARA BEZENCHUK- RS,1429,395,52.9833333,49.4333333
56959099999,JINGHONG- CH,1119,806,22.0,100.7833333
72086100287,CROSBY MUNICIPAL AIRPORT- ND US,1389,2054,48.929,256.703
76255599999,GENERAL JOSE MARIA YANEZ INTERNATIONAL- MX,1179,1993,27.968983,249.07483100000002
72462023061,ALAMOSA BERGMAN FIELD- CO US,1274,2033,37.43931,254.13819999999998
25325099999,UST OLOJ- RS,1565,1275,66.55,159.4166666
26045099999,KUNDA- EN,1495,212,59.5166666,26.55
10416099999,DORTMUND- GM,1415,61,51.518314,7.612242
71418099999,ST PAUL ISLAND AUT NS- CA,1372,2399,47.216667,299.866667
11448099999,PLZEN LINE- EZ,1396,106,49.675172,13.274617
61265099999,AMBODEDJO- ML,1045,2847,14.512803,355.920439
40932399999,PANJSHIR- AF,1252,556,35.267,69.467
17234099999,AYDIN- TU,1278,223,37.85,27.85
87582099999,AEROPARQUE JORGE NEWBERY- AR,554,2413,-34.559175,301.584394
96075099999,BINAKA- ID,911,782,1.166381,97.704681
64550099999,MOUILLA VILLE- GB,881,88,-1.845142,11.056656
37018099999,TUAPSE- RS,1340,312,44.1,39.0333333
99843699999,BARCELONA HARBOR- NY US,1323,2243,42.346,280.404
72353013967,OKLAHOMA CITY WILL ROGERS WORLD AIRPORT- OK US,1253,2099,35.38843,262.39965
72458593997,RUSSELL MUNICIPAL AIRPORT- KS US,1288,2090,38.87251,261.19072
07235099999,ARNAGE- FR,1379,2,47.948611,0.201667
99999964757,EGBERT 1 W- ON CA,1342,2242,44.2326,280.219
99731499999,WASHINGTON- DC US,1288,2264,38.87,282.98
78700099999,AMAPALA LOS PELONAS- HO,1032,2179,13.2833333,272.3333333
84691099999,PISCO INTERNATIONAL- PE,762,2270,-13.744864,283.779716
08360099999,ALICANTE- SP,1282,2876,38.282169,359.441844
59278099999,GAOYAO- CH,1130,900,23.05,112.4666666
61986099999,ST. BRANDON ST. RAPHAEL- MP,735,477,-16.45,59.6166666
11567099999,PRAHA KBELY- EZ,1401,116,50.1166666,14.5333333
94316099999,PARABURDOO AERO- AS,668,942,-23.1666666,117.75
68355099999,KROONSTAD- SF,623,219,-27.6663889,27.3136111
72371003162,PAGE MUNICIPAL AIRPORT- AZ US,1269,1988,36.92112,248.55126
08531099999,CABO CARVOEIRO- PO,1293,2805,39.35,350.6
02020099999,KATTERJAKK- SW,1584,145,68.4166666,18.1666666
01368099999,LEIRIN- NO,1510,74,61.015556,9.288056
08014399999,VALENCIA- SP,1295,2876,39.5833333,359.55
72310613744,FLORENCE REGIONAL AIRPORT- SC US,1241,2242,34.18773,280.26921
72210703056,GAINES CO AIRPORT- TX US,1226,2059,32.67528,257.34556
02711099999,VAASA KESKUSTA- FI,1530,173,63.1,21.6166666
03482099999,MARHAM- UK,1426,4,52.648353,0.550692
72506694724,VINEYARD HAVEN MARTHAS VINEYARD AIRPORT- MA US,1313,2315,41.39296,289.38408
01470399999,NOTODDEN- NO,1495,74,59.565683,9.212222
44298099999,CHOIR- MG,1364,866,46.45,108.2166666
65046099999,MALLAM AMINU INTERNATIONAL- NI,1020,68,12.047589,8.524622
97126099999,MASAMBA ANDI JEMMA- ID,874,963,-2.55,120.3666666
72541754822,MASON JEWETT FIELD AIRPORT- MI US,1325,2205,42.56583,275.56694
98546099999,CATARMAN- RP,1025,997,12.502417,124.635778
71938099999,KUGLUKTUK- CA,1578,1959,67.816667,244.856111
12822099999,GYOR- HU,1377,141,47.7166667,17.6833333
71209099999,SANDHEADS CS- CA,1390,1894,49.1,236.7
71700099999,FREDERICTON- CA,1358,2348,45.8666666,293.4666667
91366040604,KWAJALEIN- MH RM,987,1342,8.73333,167.73333
72034594086,PINEDALE RALPH WENZ FIELD AIRPORT- WY US,1327,2002,42.79556,250.19306
02728099999,TAIPALSAARI KYLANIEMI- FI,1512,225,61.3,28.1833333
71577099999,GIMLI HARBOUR CS MAN- CA,1406,2104,50.6166666,263.0333334
47674099999,KATSUURA- JA,1251,1123,35.15,140.3166666
70174726554,MERRILL PASS WEST- AK US,1512,1650,61.26667,206.2
71899025343,LANGARA- BC CA,1442,1816,54.25,226.95
93292099999,GISBORNE- NZ,513,1424,-38.663333,177.978333
11030099999,TULLN- AU,1383,129,48.321083,16.11186
72755604905,SILVER BAY MUNICIPAL AIRPORT- MN US,1372,2149,47.24889,268.58444
06320099999,LE GOEREE- NL,1419,29,51.9333333,3.6666666
83344099999,VITORIA DA CONQUISTA- BR,751,2553,-14.862761,319.136894
41573099999,MURREE- PK,1239,587,33.9166666,73.3833333
71906099999,KUUJJUAQ A- CA,1480,2333,58.1,291.5833334
02618099999,TORUP- SW,1469,105,56.95,13.0666666
48094099999,PATHEIN- BM,1067,758,16.7666666,94.7666666
72227454939,CENTERVILLE MUNICIPAL AIRPORT- IA US,1306,2137,40.684,267.099
26114899999,MINSK 2- BO,1438,224,53.882469,28.030731
85629099999,CURICO GEN FREIRE- CI,550,2310,-34.9666667,288.7833333
99999953149,TORREY 7 E- UT US,1283,1990,38.3028,248.7065
78958000409,MAURICE BISHOP INTERNATIONAL AIRPORT- GJ,1019,2386,12.0,298.217
95726099999,ORANGE AIRPORT- AS,566,1193,-33.3833333,149.1333333
99770699999,GARIBALDI TILLAMOOK- OR US,1355,1889,45.55,236.1
74692903702,KENANSVILLE DUPLIN CO AIRPORT- NC US,1249,2256,35.0,282.01833
98548099999,CATBALOGAN- RP,1017,999,11.7833333,124.8833333
02623099999,HORBY- SW,1458,109,55.8666666,13.6666666
71979099999,HENDRICKSON CREEK- CA,1437,1932,53.8,241.55
60663099999,MOULAY LACHEN- AG,1147,37,24.7166666,4.65
38933099999,KURGAN TYUBE- TI,1278,550,37.8166666,68.7833333
38403099999,BUZAUBAJ- UZ,1317,500,41.75,62.4666666
70392699999,AKHIOK- AK US,1469,1647,56.9333333,205.8166667
72206103038,RED CLIFF PASS- CO US,1294,2031,39.46667,253.85
71028099999,TATLAYOKO LAKE RCS BC- CA,1416,1885,51.6666666,235.6
72253712961,KERRVILLE MUNICIPAL AIRPORT- TX US,1199,2087,29.98333,260.91667
94140099999,MILINGIMBI AWS- AS,778,1079,-12.1166666,134.9
95214099999,WYNDHAM AERO- AS,744,1025,-15.5,128.15
48433099999,SURIN AGROMET- TH,1048,828,14.8833333,103.45
38915099999,CARSANGA- TX,1275,528,37.5166666,66.0166666
94775099999,TOCAL AWS- AS,573,1213,-32.6333333,151.5833333
02563099999,HARSTENA- SW,1482,136,58.25,17.0166666
72303013714,FAYETTEVILLE POPE AFB- NC US,1251,2248,35.17389,280.99111
83780099999,CONGONHAS- BR,663,2507,-23.626692,313.344625
57259099999,FANGXIAN- CH,1220,886,32.0333333,110.7666666
06643099999,WYNAU- SZ,1372,62,47.25,7.7833333
48451099999,NAKHONPATHOM- TH,1040,800,14.0166666,99.9666666
58633099999,QU XIAN- CH,1189,951,28.9666666,118.8666666
54527099999,TIANJIN- CH,1290,937,39.1,117.1666666
28214099999,GLAZOV- RS,1481,421,58.1333333,52.5833333
60351099999,FERHAT ABBAS AIRPORT- AG,1267,47,36.795136,5.873608
78264099999,ANTONIO MACEO INTERNATIONAL- CU,1099,2273,19.969769,284.164586
02589099999,GOTSKA SANDON- SW,1483,154,58.4,19.2
60535099999,DJELFA TLETSI- AG,1246,26,34.6833333,3.25
72410593760,STAUNTON- VA US,1282,2249,38.26361,281.10361
06110099999,SKRYDSTRUP- DA,1452,74,55.225553,9.263931
70371025333,SITKA AIRPORT- AK US,1470,1797,57.04746,224.63297
71970099999,MEADOW LAKE SK- CA,1441,2012,54.1234,251.481098
61984099999,ST PIERRE PIERREFONDS- RE,686,443,-21.320903,55.424956
72248953911,TERRELL MUNICIPAL AIRPORT- TX US,1227,2110,32.71311,263.73122
74466653944,JACKSONVILLE MUNICIPAL AIRPORT- IL US,1297,2158,39.77972,269.76167
72263023034,SAN ANGELO MATHIS FIELD AIRPORT- TX US,1213,2076,31.35172,259.5052
43192099999,GOA PANJIM- IN,1054,591,15.4833333,73.8166666
71481099999,EVANSBURG2 AGCM AB- CA,1435,1959,53.5730556,244.87638900000002
02821099999,MUONIO SAMMALTUNTURI- FI,1579,193,67.9666666,24.1166666
72440013995,SPRINGFIELD WEATHER SERVICE OFFICE AIRPORT- MO US,1272,2133,37.23983,266.61005
71540099999,HESPERO AGCM- CA,1422,1964,52.3,245.5166667
71972099999,RESOLUTION ISLAND- CA,1515,2363,61.58,295.35
59082099999,SHAOGUAN- CH,1146,909,24.6666666,113.6
71691099999,BAIE COMEAU- CA,1391,2334,49.1333333,291.8
99729799999,CAMBRIDGE MD- MD US,1285,2271,38.57,283.93
60421099999,OUM EL BOUAGHI- AG,1258,57,35.8666666,7.1166666
95806099999,STENHOUSE BAY- AS,547,1095,-35.2833333,136.9333333
02518099999,NIDINGEN- SW,1472,95,57.3,11.9
16146099999,POINT MARINA RAVENN- IT,1344,98,44.45,12.3
12105499999,TOMASZOW- PL,1415,160,51.5333333,20.0166667
80442099999,CALABOZO- VE,989,2341,8.924656,292.582906
24343099999,ZHIGANSK- RS,1567,987,66.7666666,123.4
03225099999,SHAP- UK,1444,2859,54.5,357.3166667
72508554756,ORANGE MUNICIPAL AIRPORT- MA US,1325,2302,42.56998,287.71304
99999954794,DURHAM 2 N- NH US,1331,2313,43.1716,289.0723
99999954810,CHATHAM 1 SE- MI US,1363,2185,46.3345,273.08
72091300303,SALSA- LA US,1178,2144,27.833,268.017
57083099999,XINZHENG- CH,1245,911,34.519672,113.840889
40835099999,GACHSARAN- IR,1203,407,30.337567,50.827964
71113099999,AGASSIZ CS- CA,1392,1906,49.25,238.2333334
03132099999,WEST FREUGH AUT- UK,1448,2840,54.85,355.05
71625099999,PETAWAWA- CA,1359,2261,45.952221,282.680832
72375953990,IDABEL MCCURTAIN CO REGIONAL AIRPORT- OK US,1239,2121,33.90944,265.14056
71666099999,BUCTOUCHE CDA CS- CA,1364,2362,46.42,295.23
80097099999,CAMILO DAZA- CO,979,2300,7.927567,287.488453
99999903055,GOODWELL 2 E- OK US,1265,2067,36.5993,258.405
40710099999,SARAB- IR,1279,380,37.9333333,47.5333333
72224303738,ROCKINGHAM HAMLET AIRPORT- NC US,1248,2242,34.89111,280.24083
72216563808,OLIVE BRANCH AIRPORT- MS US,1249,2162,34.97861,270.21333
72542014931,BURLINGTON MUNICIPAL AIRPORT- IA US,1307,2151,40.77291,268.87454
10162499999,SCHWERIN PARCHIM- GM,1434,94,53.426997,11.783436
99823999999,RANGE A REAR PASCAGOULA- MS US,1203,2172,30.3333333,271.4833334
71894099999,ESTEVAN POINT CS BC- CA,1393,1868,49.3833333,233.45
72086400290,TARBORO EDGECOMBE AIRPORT- NC US,1259,2260,35.937,282.453
08000199999,MADEIRA- PO,1226,2746,32.697889,343.225547
83755099999,SANTOS DUMONT- BR,670,2535,-22.910461,316.836867
03230099999,REDESDALE CAMP- UK,1452,2862,55.2833333,357.7166667
16140099999,BOLOGNA- IT,1345,90,44.535444,11.288667
02729099999,JAMSA HIMOS- FI,1518,203,61.8833333,25.3333333
70383525628,ST GEORGE ISLAND AIRPORT- AK US,1465,1523,56.57484,190.33735
96295099999,RADIN INTEN II- ID,847,841,-5.24704,105.18294
15247099999,TRAIAN VUIA- RO,1358,171,45.809861,21.337861
72436553896,HUNTINGBURG AIRPORT- IN US,1282,2184,38.24889,273.04639
48403099999,CHAIYAPHUM- TH,1057,816,15.8,102.0333333
33000499999,DNIPROPETROVSK INTERNATIONAL- UP,1383,281,48.357222,35.100556
96633099999,SEPINGGAN- ID,887,935,-1.268272,116.894478
44313099999,KHALKH GOL- MG,1376,949,47.6166666,118.6166666
48078099999,TOUNGOO- BM,1089,772,18.9166666,96.4666666
94950099999,MARRAWAH- AS,490,1158,-40.9166666,144.7
94691099999,BROKEN HILL AIRPORT AWS- AS,579,1132,-32.0,141.4666666
86255099999,PILAR- PA,631,2413,-26.85,301.6833334
08449013025,ROTA NAS- SP,1266,2829,36.65,353.65
68030099999,PANDAMATENGA- BC,714,205,-18.5333333,25.6333333
72214753817,MOULTRIE AIRPORT- GA US,1210,2210,31.08333,276.2
72467393009,LEADVILLE LAKE CO AIRPORT- CO US,1292,2029,39.22803,253.68375
72403513773,QUANTICO MCAS- VA US,1285,2262,38.50362,282.69497
87155099999,RESISTENCIA- AR,625,2408,-27.449986,300.943875
71096499999,QIKIQTARJUAQ- CA,1575,2368,67.545833,295.968611
48574099999,SA DAO- TH,967,803,6.8,100.3833333
57237099999,WANYUAN- CH,1220,864,32.0666666,108.0333333
06147099999,VINDEBAEK KYST- DA,1448,97,54.8833333,12.1833333
99999953010,MONTICELLO 24 NW- UT US,1281,2003,38.1402,250.3835
71132099999,STONY RAPIDS AIRPORT- CA,1492,2033,59.25,254.1666667
02982099999,HANKO RUSSARO- FI,1497,184,59.7666666,22.95
07317099999,BISCAROSSE PARENTIS- FR,1344,2870,44.4333333,358.75
99824899999,MAYAGUEZ- RQ,1082,2343,18.2166666,292.85
61085099999,DIFFA- NG,1033,101,13.372894,12.626686
72232200361,GLASGOW MUNICIPAL AIRPORT- KY US,1270,2192,37.033,274.05
07249099999,BRICY- FR,1379,14,47.987778,1.760556
40762099999,TORBAT HEYDARIEH- IR,1252,474,35.2666666,59.2166666
26135099999,TURI- EN,1488,203,58.8166666,25.4166666
24507099999,TURA- RS,1542,802,64.2666666,100.2333333
94753099999,RICHMOND- AS,563,1206,-33.600556,150.780833
71225099999,FOREMOST AGDM ALTA- CA,1394,1988,49.4833333,248.5166667
99092099999,FIXED- US,991,811,9.2,101.4
44203099999,RINCHINLHUMBE- MG,1411,797,51.1166666,99.6666666
02587099999,FAROSUND AR- SW,1479,152,57.9166666,18.95
74671013806,FORT CAMPBELL ARMY AIR FIELD- KY US,1266,2180,36.66667,272.51667
72655614992,REDWOOD FALLS MUNICIPAL AIRPORT- MN US,1345,2119,44.54827,264.91958
25248099999,ILIRNEJ- RS,1572,1344,67.25,167.9666666
24671099999,TOMPO- RS,1539,1087,63.95,135.8666666
72077299999,MORIARTY AIRPORT- NM US,1249,2032,34.985606,253.990533
02646099999,OLANDSBRON LAG- SW,1466,132,56.6666666,16.4666666
54808099999,XINXIAN- CH,1262,925,36.2333333,115.6666666
61437099999,AKJOUJT- MR,1097,2765,19.75,345.6333333
38328099999,SHYMKENT- KZ,1323,556,42.364167,69.478889
65563099999,YAMOUSSOUKRO- IV,969,2837,6.903167,354.634419
71836099999,MOOSONEE AWOS- CA,1412,2235,51.2833333,279.4
15090099999,IASI- RO,1371,221,47.178492,27.620631
72455013947,FORT RILEY MARSHALL ARMY AIR FIELD- KS US,1290,2106,39.05,263.23333
87828099999,ALMIRANTE ZAR- AR,467,2358,-43.2105,294.729681
35969099999,ZLIKHA- KZ,1352,537,45.25,67.0666666
71893699999,CAMPBELL RIVER- CA,1399,1878,49.950832,234.72916700000002
72037392824,PLANT CITY MUNICIPAL AIRPORT- FL US,1180,2223,28.00028,277.83583
71184099999,VARENNES QUE- CA,1357,2293,45.7166666,286.6166667
43344099999,TIRUCHIRAPPALLI- IN,1007,630,10.765364,78.709722
61230099999,NIORO DU SAHEL- ML,1052,2805,15.2333333,350.65
72458013984,CONCORDIA ASOS- KS US,1295,2099,39.55127,262.34923000000003
33393099999,LVIV INTERNATIONAL- UP,1398,192,49.8125,23.956111
60607099999,TIMIMOUN- AG,1192,2,29.237119,0.276033
70117026634,TIN CITY- AK US,1555,1537,65.56306,192.07861
99825599999,MACKINAW CITY- MI US,1357,2202,45.7833333,275.2833334
72221013858,VALPARAISO EGLIN AFB- FL US,1204,2188,30.48333,273.48333
02221099999,KORSVATTNET- SW,1538,108,63.8333333,13.5
99736899999,SABINE PASS NORTH- TX US,1197,2129,29.73,266.13
94766099999,CANTERBURY RACECOURSE- AS,561,1209,-33.9,151.1166666
26853099999,BEREZINO- BO,1438,232,53.8333333,28.9833333
63471099999,DIRE DAWA INTERNATIONAL- ET,996,335,9.6247,41.854203
43110099999,RATNAGIRI- IN,1069,587,16.9833333,73.3333333
68155099999,LEPHALALE ELLISRAS AIRFIELD- SF,662,222,-23.726046,27.687597
47441099999,WAKKANAI- JA,1354,1134,45.404167,141.800833
68002099999,EROS- WA,673,137,-22.612239,17.080442
26227099999,RUHNU- EN,1477,186,57.7833333,23.25
11001099999,WOLFSEGG- AU,1380,109,48.1,13.6666666
02242099999,HOTING- SW,1540,130,64.0833333,16.2333333
71592599999,ARTIC BAY- CA,1629,2200,73.0,274.9666667
41571099999,CHAKLALA- PK,1236,585,33.616653,73.099233
71467099999,SACHS HARBOUR CLIMATE NWT- CA,1619,1878,72.0,234.7333334
71122099999,BANFF CS- CA,1411,1956,51.2,244.45
51542099999,BAYANBULAK- CH,1330,673,43.0333333,84.15
70362625323,HAINES AIRPORT- AK US,1492,1796,59.24287,224.48861
57957099999,LIANGJIANG- CH,1152,880,25.218106,110.039197
72085300281,ROLLA MUNICIPAL AIRPORT- ND US,1388,2083,48.884,260.379
71370099999,SHAWINIGAN CS QUE- CA,1365,2298,46.55,287.2666667
74594493784,MARYLAND SCIENCE CENTER- MD US,1292,2267,39.2814,283.38890000000004
74003503145,YUMA MCAS- AZ US,1226,1963,32.65,245.38333
02769099999,KAUHAJOKI KUJA KOKKO- FI,1524,177,62.4166666,22.1833333
03535099999,COLESHILL- UK,1424,2867,52.4833333,358.3166667
99999903085,BOWIE 23 SSE- AZ US,1220,2005,32.0095,250.61090000000002
16105099999,VENEZIA TESSERA- IT,1355,99,45.505142,12.351883
95740099999,GUNNEDAH AIRPORT AWS- AS,590,1202,-30.95,150.25
07570099999,LANAS SYN- FR,1345,35,44.5333333,4.3666666
72650014972,SPENCER MUNICIPAL AIRPORT- IA US,1331,2118,43.16822,264.78989
99819699999,MOBILE STATE DOCKS- AL US,1206,2176,30.7,271.9666667
95954099999,CAPE GRIM- AS,493,1157,-40.6666666,144.6833333
78724099999,CHOLUTECA- HO,1032,2183,13.3,272.8166667
65003099999,BIRNIN KEBBI- NI,1024,34,12.4666666,4.2166666
38725099999,MADRUSHKAT- TI,1294,557,39.4333333,69.6666666
30695099999,DZALINDA- RS,1434,991,53.4666666,123.9
74467204862,LINCOLN LOGAN CO AIRPORT- IL US,1301,2165,40.15833,270.66528
83588099999,LAGOA SANTA AIRPORT- BR,703,2529,-19.65,316.1166667
93805099999,PUYSEGUR POINT AWS- NZ,438,1333,-46.15,166.6
72035853999,EL RENO REGIONAL AIRPORT- OK US,1254,2096,35.47278,261.99417
48465099999,PHETCHABURI- TH,1029,801,12.9994444,100.0666666
72060800200,MARION CO AIRPORT- SC US,1241,2245,34.181,280.665
16221099999,RIETI- IT,1324,103,42.4166667,12.85
71887099999,KAMLOOPS- CA,1407,1916,50.702222,239.555556
78741099999,MANAGUA INTERNATIONAL- NU,1021,2191,12.141494,273.831822
94962099999,MAATSUYKER ISLAND LIGHTHOUSE- AS,463,1170,-43.65,146.2666666
99769699999,LA PUSH- WA US,1379,1883,47.92,235.37
72506094728,NY CITY CENTRAL PARK- NY US,1307,2288,40.77898,286.03075
68744099999,CRADOCK- SF,578,205,-32.1666666,25.6166666
72290693112,NORTH ISLAND NAS- CA US,1226,1942,32.69219,242.79017
17038099999,TRABZON- TU,1309,318,40.995108,39.789728
04390099999,PRINS CHRISTIAN- GL,1500,2535,60.0333333,316.8833333
02947099999,MIKKELI- FI,1516,218,61.6866,27.201794
06009099999,AKRABERG- DA,1513,2827,61.4,353.3333334
10320099999,GUTERSLOH- GM,1419,66,51.922833,8.306333
72433003879,SALEM LECKRONE AIRPORT- IL US,1286,2168,38.65,271.03333
72481023203,CASTLE AFB- CA US,1273,1915,37.38333,239.43333
74768013939,GREENVILLE ASOS- MS US,1234,2152,33.49385,269.01941999999997
68411099999,VIOOLSDRIF- SF,612,141,-28.7694444,17.6233333
41405099999,SAADA SADAH- YM,1069,350,16.967,43.733
23219099999,HOSEDA HARD- RS,1570,475,67.0333333,59.4
15502099999,VIDIN- BU,1339,183,43.9833333,22.85
03566199999,ISLAY- UK,1456,2830,55.681944,353.743333
42027099999,SRINAGAR- IN,1240,599,34.0833333,74.8333333
72537514822,DETROIT CITY AIRPORT- MI US,1324,2216,42.40725,276.99101
76423099999,DURANGO DGO.- MX,1140,2043,24.05,255.4
99769299999,CLEVELAND- OH US,1315,2227,41.53,278.37
28588099999,NAZYVOEVSK- RS,1455,571,55.5666666,71.3666666
71911099999,SHEPHERD BAY A- CA,1588,2133,68.8166666,266.5666667
07208099999,QUIBEKON ST JULIEN- FR,1374,2855,47.5,356.8833334
48431099999,KHORAT- TH,1049,817,14.934514,102.078639
02732099999,KUOPIO RITONIEMI- FI,1527,223,62.8,27.9
95913099999,MOUNT MOORNAPA- AS,522,1177,-37.75,147.1333333
02271099999,NORSJO- SW,1549,155,64.9333333,19.3833333
06017099999,HORNS REV B HELIDECK- DA,1456,61,55.60017,7.623806
95640099999,WANDERING- AS,573,933,-32.6666666,116.6666666
03979099999,BALLYHAISE- EI,1440,2822,54.05,352.7
72793894274,TACOMA NARROWS AIRPORT- WA US,1372,1899,47.26744,237.42377
95687099999,RENMARK AERO- AS,557,1125,-34.2,140.6833333
47065099999,SARIWON- KN,1285,1006,38.5166666,125.7666666
17086099999,TOKAT- TU,1302,293,40.3,36.5666667
42779099999,PENDRA ROAD- IN,1127,655,22.7666666,81.9
72793024233,SEATTLE TACOMA AIRPORT- WA US,1374,1901,47.44467,237.68558000000002
48917099999,PHU QUOC- VM,1002,832,10.2166666,103.9666666
65387099999,GNASSINGBE EYADEMA INTERNATIONAL- TO,961,10,6.165611,1.254511
93069099999,MOKOHINAU AWS- NZ,541,1401,-35.9,175.1
65357099999,KARA- TO,995,9,9.55,1.1666666
31632099999,KUR- RS,1399,1077,49.9333333,134.6333333
72545014990,CEDAR RAPIDS MUNICIPAL AIRPORT- IA US,1318,2146,41.882917,268.27540899999997
44374099999,SHINE USA- MG,1328,802,42.9,100.2166667
40979499999,FOB VIPER- AF,1217,531,31.8,66.3333333
83672699999,CASCAVEL- BR,649,2452,-25.000339,306.499236
72578524145,IDAHO FALLS FAA AIRPORT- ID US,1335,1983,43.52044,247.93247
70321025513,DILLINGHAM AIRPORT- AK US,1490,1612,59.05,201.4833
72655014926,ST. CLOUD REGIONAL AIRPORT- MN US,1355,2128,45.54416,265.9484
72773524139,DRUMMOND AVIATION- MT US,1366,1975,46.6383,246.82389999999998
63714099999,NAKURU- KE,897,289,-0.2666667,36.1
72059200186,H L SONNY CALLAHAN AIRPORT- AL US,1204,2177,30.46,272.123
40990599999,FOB PASAB WILSON- AF,1215,523,31.5833333,65.4333333
59997099999,NANSHA DAO- CH,1003,915,10.3833333,114.3666666
06747099999,MONTE ROSA- SZ,1359,63,45.95,7.8166666
72037492825,TAMPA PETER O KNIGHT AIRPORT- FL US,1179,2220,27.91556,277.55083
72506854777,TAUNTON MUNICIPAL AIRPORT- MA US,1318,2312,41.87561,288.97917
47762099999,SHIMONOSEKI- JA,1239,1047,33.95,130.9333333
07038034061,EVREUX FAUVILLE- FR,1390,10,49.028669,1.219864
91779099999,LUPEPAU U- TN,714,1488,-18.5833333,186.0333334
16259299999,LEVALDIGI- IT,1345,61,44.547019,7.623217
99780499999,CAPE SPENCER- AK US,1481,1787,58.2,223.3666667
01293099999,MERAKER EGGE- NO,1534,94,63.4166666,11.7333333
97072099999,PALU MUTIARA- ID,893,958,-0.6833333,119.7333333
47434099999,CHITOSE- JA,1327,1133,42.794475,141.666447
72660304974,SOUTH ST PAUL MUNICIPAL RICHARD E FLEMING FIELD AIRPORT- MN US,1348,2136,44.85694,266.96722
40782699999,SARI DASHT E NAZ- IR,1266,426,36.635833,53.193611
94683099999,KUITPO FOREST RESERVE- AS,548,1109,-35.1666666,138.6666666
72695994281,AURORA STATE AIRPORT- OR US,1352,1898,45.24656,237.22905
37061099999,BUDENNOVSK- RS,1347,353,44.7833333,44.1333333
72317153144,EDWARDS AFB NORTH AUXILIARY AIRFIELD- CA US,1249,1937,34.98833,242.13528
70365526552,HUSLIA AIRPORT- AK US,1556,1629,65.69778,203.64861
24639099999,NJURBA- RS,1532,947,63.2833333,118.3333333
84071099999,MARISCAL SUCRE INTERNATIONAL- EC,898,2252,-0.141144,281.51178600000003
56954099999,LANCANG- CH,1125,799,22.5666666,99.9333333
72293193107,SAN DIEGO MIRAMAR NAS- CA US,1228,1943,32.86667,242.86667
23711099999,TROICKO PECHERSKOE- RS,1526,450,62.7,56.2
72502014734,NEWARK LIBERTY INTERNATIONAL AIRPORT- NJ US,1306,2287,40.68275,285.83073
78951000407,E T JOSHUA AIRPORT- VC,1031,2390,13.133,298.8
12925099999,NAGYKANIZSA- HU,1364,136,46.45,16.9666666
72221699999,NORTH AF AUX- SC US,1236,2231,33.615,278.915556
72259793985,MINERAL WELLS AIRPORT- TX US,1227,2096,32.78155,261.93977
71854099999,RED LAKE- CA,1410,2130,51.066944,266.206944
48550099999,KO SAMUI- TH,994,800,9.4666666,100.05
07110099999,GUIPAVAS- FR,1384,2845,48.447911,355.581461
95839099999,HORSHAM AERODROME- AS,533,1137,-36.6666666,142.1666666
72066600244,SHIP SHOAL OIL PLATFORM- LA US,1185,2150,28.6,268.8
43436099999,BATTICALOA- CE,977,653,7.705756,81.678783
99404799999,PENSACOLA- FL US,1203,2182,30.4,272.78
68024099999,GHANZI- BC,682,173,-21.7,21.65
72240513976,LAFAYETTE REGIONAL AIRPORT- LA US,1201,2144,30.19859,268.01043
89869099999,MARILYN- AY,100,1321,-79.95,165.1166666
99400999999,ANCLOTE GULF PARK- FL US,1181,2218,28.18,277.22
72286699999,SAN BERNARDINO INTERNATIONAL- CA US,1240,1942,34.095353,242.765125
72517213762,FENTRESS NAVAL AUXILIARY FIELD- VA US,1267,2271,36.700723,283.870587
30829099999,NOVOSELENGINSK- RS,1410,853,51.1,106.65
72746704926,FLAG ISLAND AIRPORT- MN US,1393,2121,49.31833,265.09722
72041500140,FREMONT MUNICIPAL AIRPORT- MI US,1334,2192,43.433,274.0
64753099999,FAYA LARGEAU- CD,1079,153,17.917053,19.111078
87320099999,CHAMICAL AERO- AR,596,2350,-30.3666666,293.7166667
06407099999,OOSTENDE- BE,1411,23,51.198889,2.862222
01132099999,MAJAVATN V- NO,1551,107,65.1666666,13.3666666
71253099999,GARDEN RIVER ALTA- CA,1486,1969,58.7,246.1333334
01441099999,HOVDEN LUNDANE- NO,1495,59,59.5833333,7.3833333
71456099999,MELFORT SASK- CA,1428,2043,52.8166666,255.4
94865099999,LAVERTON RAAF- AS,521,1158,-37.8666666,144.75
72053300160,BOULDER MUNICIPAL AIRPORT- CO US,1300,2038,40.033,254.78300000000002
95317099999,MARBLE BAR- AS,688,958,-21.1833333,119.75
72403793728,DAVISON ARMY AIR FIELD- VA US,1287,2263,38.71667,282.81667
16045099999,RIVOLTO- IT,1359,104,45.97875,13.049331
71145099999,ISLAND LAKE AIRPORT- CA,1438,2123,53.85,265.35
76491099999,CIUDAD VICTORIA TAMPS.- MX,1137,2087,23.742372,260.830006
03385099999,DONNA NOOK- UK,1434,1,53.4666666,0.0666666
71283099999,BROWNVALE AGCM- CA,1461,1937,56.1166666,242.1166667
71218099999,SALMON ARM CS BC- CA,1406,1926,50.7,240.71666670000002
82917099999,PRESIDENTE MEDICI- BR,801,2337,-9.869158,292.105928
99999953926,STILLWATER 2 W- OK US,1261,2103,36.1181,262.9086
33317099999,SHEPETIVKA- UP,1401,216,50.1666666,27.0333333
74791593718,NORTH MYRTLE BEACH- SC US,1238,2250,33.81618,281.27957000000004
60155099999,ANFA- MO,1235,2819,33.556981,352.339508
47738099999,HACHIJOJIMA- JA,1231,1118,33.115,139.785833
31137099999,TOKO- RS,1462,1049,56.2833333,131.1333333
38615599999,OSH- KG,1306,582,40.608989,72.793269
72317493783,BURLINGTON ALAMANCE REGIONAL AIRPORT- NC US,1260,2244,36.04751,280.52625
44216099999,HUNHATAOORTOO- MG,1388,745,48.8166666,93.1
72244813972,TYLER POUNDS FIELD- TX US,1223,2117,32.3587,264.596
29524099999,KRESCHENKA- RS,1458,640,55.85,80.0333333
74780663809,THOMASTON UPSON CO AIRPORT- GA US,1229,2206,32.955,275.73583
72645594897,MANITOWOC- WI US,1341,2179,44.13333,272.33333
71601599999,SHEARWATER JETTY- CA,1346,2372,44.63,296.48
12560099999,KATOWICE- PL,1402,152,50.2333333,19.0333333
96925099999,SANGKAPURA BAWEAN IS.- ID,841,901,-5.85,112.6333333
70133526648,NOATAK AIRPORT- AK US,1575,1576,67.56611,197.025
60040099999,LANZAROTE- SP,1189,2771,28.945464,346.394775
94955099999,SHEFFIELD SCHOOL FARM- AS,486,1171,-41.3833333,146.3166666
99778199999,COVE POINT- MD US,1287,2267,38.7166666,283.35
72031493983,PALESTINE MUNICIPAL AIRPORT- TX US,1217,2114,31.77972,264.29361
07420099999,CHAMPNIERS- FR,1357,2,45.7166666,0.2166666
71378099999,LA TUQUE QUE- CA,1373,2298,47.4,287.2166667
63741099999,NAIROBI DAGORETTI- KE,886,294,-1.3,36.75
99778799999,BURNS HARBOR- IN US,1316,2183,41.65,272.85
30758099999,KADALA- RS,1420,906,52.026317,113.305556
71382099999,PARC DES LAURENTIDES QUE- CA,1375,2310,47.55,288.7833334
94907099999,EAST SALE- AS,519,1177,-38.098889,147.149444
37863099999,GYANDZHA- AJ,1307,371,40.733,46.4
26324099999,MERSRAGS- LG,1473,185,57.35,23.1166666
72065900239,OZONA MUNICIPAL AIRPORT- TX US,1207,2070,30.735,258.797
72392523190,SANTA BARBARA MUNICIPAL AIRPORT- CA US,1244,1921,34.4241,240.15751
16754099999,NIKOS KAZANTZAKIS- GR,1253,201,35.339719,25.180297
26832099999,LIDA- BO,1439,203,53.9022222,25.3166666
80423099999,GUIRIA- VE,1005,2381,10.574078,297.687333
28367099999,TYUMEN- RS,1471,523,57.1166666,65.4333333
40361099999,AL JOUF- SA,1197,321,29.785133,40.100006
72212312809,BARTOW MUNICIPAL AIRPORT- FL US,1179,2226,27.95,278.21667
08487099999,ALMERIA- SP,1268,2861,36.843936,357.629903
99821699999,CHAMBERS ISLAND- WI US,1351,2181,45.2,272.65
28785499999,ABAKAN- RS,1437,731,53.74,91.385
26258099999,PSKOV- RS,1477,227,57.783917,28.395614
82798199999,LAURO CARNEIRO DE LOYOLA- BR,637,2490,-26.224453,311.202636
26633099999,UTENA- LH,1455,205,55.5166666,25.5833333
86560099999,LAGUNA DE LOS PATOS INTERNATIONAL- UY,555,2418,-34.456408,302.229383
72586494182,MCCALL AIRPORT- ID US,1348,1951,44.89425,243.90022
03895099999,JERSEY- UK,1392,2862,49.207947,357.804492
02829099999,HYVINKAA HYVINKAANKYLA- FI,1505,198,60.6,24.8
04202399999,QAARSUT MITTARFIA- GL,1607,2458,70.7333333,307.3
93309099999,NEW PLYMOUTH AWS- NZ,509,1393,-39.0166666,174.1833333
38462099999,PSKEM- UZ,1318,563,41.9,70.3666666
99406599999,TAWAS CITY GLOS WEATHER STATION- MI US,1342,2212,44.256,276.557
72073400264,NAMPA MUNICIPAL AIRPORT- ID US,1335,1948,43.581,243.477
12285099999,OSTROLEKA- PL,1430,173,53.0833333,21.5666666
72428513812,COLUMBUS RICKENBACKER- OH US,1298,2217,39.81667,277.06667
04485099999,SADDLE- GL,1559,2524,65.9833333,315.5
70305726653,TOKSOOK BAY AIRPORT- AK US,1505,1559,60.54139,194.91278
47942099999,OKIERABU- JA,1174,1030,27.425522,128.700903
71073099999,QUEENSTOWN- CA,1405,1978,50.6,247.2
99999963899,BREWTON 3 NNE- AL US,1211,2184,31.1449,272.9482
02044099999,KIRUNA- SW,1578,163,67.821986,20.336764
47607099999,TOYAMA- JA,1267,1098,36.7166666,137.2
72093599999,PETALUMA MUNICIPAL- CA US,1282,1899,38.257833,237.394458
76656099999,CIUDAD GUZMAN JAL.- MX,1097,2052,19.7166666,256.5333334
03904099999,CASTLEDERG- UK,1446,2819,54.7,352.4166667
72036163870,FLORALA MUNICIPAL AIRPORT- AL US,1210,2190,31.04474,273.68807
99769199999,CAPE HENRY- VA US,1269,2272,36.93,283.98
72342953920,RUSSELLVILLE MUNICIPAL AIRPORT- AR US,1252,2135,35.25733,266.905
99735399999,ST PETERSBURG- FL US,1177,2219,27.75,277.38
43226099999,HONAVAR- IN,1042,596,14.2833333,74.45
71748099999,GIMLI CLIMATE- CA,1406,2104,50.6333333,262.95
17280099999,DIYARBAKIR- TU,1278,322,37.893897,40.201019
65522099999,GAOUA- UV,1003,2855,10.3333333,356.8166667
07661099999,CAP CEPET- FR,1330,47,43.0833333,5.9333333
97260099999,SUMBAWA BESAR- ID,815,939,-8.489039,117.412119
57348099999,FENGJIE- CH,1210,876,31.0166666,109.5333333
02948099999,SAVONLINNA- FI,1519,232,61.943064,28.945136
72362953998,ORANGE CO AIRPORT- TX US,1200,2130,30.06917,266.19639
94937099999,MORUYA HEADS PILOT STATION- AS,540,1201,-35.9166666,150.15
71683099999,TRAIL VALLEY NWT- CA,1587,1812,68.75,226.5
68353099999,VEREENIGING- SF,634,224,-26.5666666,27.95
03088099999,INVERBERVIE NUMBER 2- UK,1468,2862,56.85,357.7333334
71909099999,IQALUIT- CA,1537,2332,63.75639,291.444168
99727599999,PORTLAND- ME US,1336,2318,43.65,289.75
42754099999,DEVI AHILYABAI HOLKAR- IN,1127,606,22.721786,75.801086
29726099999,ORDYNSKOE- RS,1443,655,54.3666666,81.8833333
89611099999,CASEY- AY,237,884,-66.2833333,110.5333333
16470099999,PANTELLERIA- IT,1268,96,36.816519,11.968864
29570099999,KRASNOJARSK OPYTNOE POLE- RS,1460,742,56.0666666,92.7333333
01089099999,HOYBUKTMOEN- NO,1597,239,69.725611,29.893011
52737099999,DELINGHA- CH,1273,779,37.3666666,97.3666666
10614099999,RAMSTEIN AB- GM,1394,61,49.436911,7.600283
71720099999,POWELL RIVER- CA,1398,1884,49.8333333,235.5166667
71611099999,LENOXVILLE QUE- CA,1353,2305,45.3666666,288.1833334
99734999999,LIME TREE BAY- VQ,1076,2362,17.7,295.25
72688624130,BAKER CITY AIRPORT- OR US,1348,1938,44.84301,242.19013
26124099999,LAANE NIGULA- EN,1489,191,58.95,23.8166666
04089099999,EGILSSTADIR- IC,1552,2765,65.283333,345.598611
74466353950,PITTSFIELD PENSTONE MUNICIPAL AIRPORT- IL US,1296,2154,39.63861,269.22167
68591099999,MARGATE- SF,591,243,-30.85,30.3333333
72643514991,CHIPPEWA VALLEY REGIONAL AIRPORT- WI US,1348,2148,44.86654,268.51191
11020099999,STIFT ZWETTL- AU,1386,122,48.6166666,15.2
07315099999,LA ROCHELLE- FR,1361,2871,46.15,358.85
99999903080,RESERVE 1 W- NM US,1237,2010,33.7149,251.22289999999998
72035503732,CUMBERLAND- MD US,1295,2250,39.6,281.23333
16699099999,TANAGRA- GR,1283,189,38.339847,23.564958
35173099999,ZHALTYR- KZ,1416,558,51.6166666,69.8
72207153935,CHICKASHA MUNICIPAL AIRPORT- OK US,1250,2096,35.09611,262.03389
23330099999,SALEHARD- RS,1565,533,66.5333333,66.6666666
47823099999,AKUNE- JA,1220,1042,32.0333333,130.2
72460493076,ELKHART- KS US,1269,2065,37.0,258.11667
47545099999,AKITA- JA,1296,1122,39.615556,140.218611
17330099999,SILIFKE- TU,1263,271,36.3833333,33.9333333
04165099999,GRIMSEY- IC,1565,2736,66.5333333,341.9833334
72228403892,AUBURN OPELIKA AIRPORT- AL US,1226,2197,32.61611,274.56667
71069099999,SLAVE LAKE- CA,1452,1962,55.293056,245.222778
01259099999,BUHOLMRASA LH- NO,1543,84,64.4,10.45
72205453959,WEST MEMPHIS MUNICIPAL AIRPORT- AR US,1251,2158,35.14013,269.76409
02652099999,KRISTIANSTAD- SW,1460,113,56.0166666,14.1
94594099999,CAPE MORETON LIGHTHOUSE AWS- AS,629,1228,-27.0333333,153.4666666
26668099999,SENNO- BO,1448,237,54.8166666,29.6833333
72530594892,CHICAGO WEST CHICAGO DUPAGE AIRPORT- IL US,1318,2174,41.89641,271.74881
03973099999,CONNAUGHT- EI,1439,2809,53.910297,351.181508
11157099999,AIGEN ENNSTAL MIL- AU,1375,113,47.5333333,14.1333333
47620099999,SUWA- JA,1260,1105,36.05,138.1166666
32509099999,SEMYACHIK- RS,1441,1280,54.1166666,159.9833333
68054099999,P.G. MATANTE INTERNATIONAL AIRPORT- BC,688,220,-21.159136,27.468492
70291346402,NABESNA DEVILS MOUNTAIN LODGE AIRPORT- AK US,1524,1736,62.40167,217.00472
47661043321,KISARAZU- JA,1253,1119,35.398272,139.909936
72252312970,SAN ANTONIO STINSON MUNICIPAL AIRPORT- TX US,1193,2092,29.33896,261.52801999999997
47409099999,ABASHIRI- JA,1340,1154,44.0166666,144.2833333
26229099999,AINAZI- LG,1478,195,57.8666666,24.3666666
07630099999,BLAGNAC- FR,1336,11,43.629075,1.363819
38895099999,BAJRAMALY- TX,1275,497,37.6,62.1833333
47852099999,OITA- JA,1234,1054,33.479444,131.737222
10238099999,BERGEN MIL- GM,1428,79,52.8166667,9.9333333
03808099999,CAMBORNE- UK,1402,2837,50.2166666,354.6833334
99403299999,CHARLESTON- OR US,1333,1885,43.345,235.678
06641099999,MOEHLIN- SZ,1375,63,47.5833333,7.8833333
06693099999,EBNAT KAPPEL- SZ,1372,73,47.2666666,9.1
40552099999,JAL ALIYAH- KU,1196,381,29.6166666,47.5833333
95961099999,LOW ROCKY POINT AWS- AS,470,1164,-42.9833333,145.5
95697099999,IVANHOE AERODROME AWS- AS,571,1155,-32.8833333,144.3166666
85123099999,SANTA ANA DEL YACUMA- BL,762,2357,-13.762208,294.564842
15530099999,VELIKO TARNOVO- BU,1330,205,43.0833333,25.65
91190422552,KAPALUA W. MAUI AIRPORT 462.4- HI US,1109,1627,20.9625,203.3247
03724399999,BRISTOL- UK,1413,2858,51.382669,357.280911
08011099999,ASTURIAS- SP,1335,2832,43.563567,353.965378
71529099999,LUTSELK E CS NWT- CA,1524,1995,62.4166666,249.33333340000001
41685099999,BAR KHAN- PK,1198,558,29.8833333,69.7166666
23220199999,SALEKHARD- RS,1565,533,66.590753,66.611042
04272099999,JULIANEHAAB- GL,1507,2512,60.7166667,313.95
72745994964,ELY MUNICIPAL AIRPORT- MN US,1378,2145,47.81667,268.16667
72564524022,LARAMIE AIRPORT- WY US,1313,2035,41.3165,254.32711999999998
99999903082,CARRIZOZO 1 W- NM US,1236,2033,33.6476,254.1055
94298099999,MARION REEF- AS,709,1219,-19.0833333,152.3833333
72308693741,NEWPORT NEWS INTERNATIONAL AIRPORT- VA US,1271,2268,37.13216,283.50601
95632099999,BRIDGETOWN- AS,560,929,-33.95,116.1333333
72278753126,GLENDALE MUNICIPAL AIRPORT- AZ US,1235,1982,33.52722,247.70499999999998
02149099999,ARVIDSJAUR- SW,1555,154,65.6,19.2666666
47827099999,KAGOSHIMA- JA,1215,1044,31.55,130.55
64950099999,YAOUNDE NSIMALEN- CM,937,92,3.722556,11.553269
40858099999,BUSHEHR- IR,1189,407,28.944811,50.834637
02942099999,KANKAANPAA NIINISALO PUOLVOIM- FI,1518,180,61.8333333,22.4666666
72059800191,BERKELEY CO AIRPORT- SC US,1231,2240,33.183,279.967
48602299999,SULTAN ABDUL HALIM- MY,961,803,6.194142,100.402608
03976099999,BELMULLET- EI,1442,2800,54.2333333,350.0
44272099999,ULIASTAI- MG,1377,775,47.75,96.85
94549099999,KINGAROY AIRPORT- AS,634,1215,-26.5666666,151.8333333
01254099999,KOTSOY- NO,1529,84,62.9833333,10.55
99404199999,REDWOOD CITY- CA US,1275,1902,37.507,237.8
72317013723,GREENSBORO PIEDMONT TRIAD INTERNATIONAL AIRPORT- NC US,1260,2240,36.0969,280.05683999999997
41759099999,PASNI- PK,1152,507,25.290161,63.344425
99999953007,COLORADO SPRINGS 23 NW- CO US,1290,2039,39.0878,254.9121
06286099999,NIEUW BEERTA- NL,1431,57,53.2,7.15
02263099999,FREDRIKA- SW,1540,147,64.0833333,18.3666666
55228099999,SHIQUANHE- CH,1224,641,32.5,80.0833333
47140099999,GUNSAN- KS,1260,1014,36.0023491,126.7634672
56029099999,YUSHU- CH,1230,776,33.0166666,96.95
99999903092,RATON 26 ESE- NM US,1267,2048,36.7779,256.0182
47130099999,ULJIN- KS,1269,1035,37.0,129.4166666
99999953163,SOCORRO 17 WSW- NM US,1239,2023,33.9795,252.81279999999998
58472099999,SHENGSI- CH,1207,980,30.7333333,122.45
72637594817,PONTIAC OAKLAND CO INTERNATIONAL AIRPORT- MI US,1326,2213,42.66314,276.58984
96207099999,KERINCI DEPATI PARB- ID,872,811,-2.7666667,101.3666667
60507099999,GHRISS- AG,1252,1,35.207725,0.147142
94813099999,THE LIMESTONE- AS,530,1118,-36.9666666,139.7166666
86218399999,GUARANI INTERNATIONAL- PA,645,2441,-25.45,305.16700000000003
72038400124,BAY BRIDGE AIRPORT- MD US,1289,2269,38.967,283.66700000000003
85703099999,MARIA DOLORES- CI,525,2301,-37.401731,287.57455600000003
12830099999,VESZPREM SZENTKIRALYSZABADJA- HU,1370,143,47.0666666,17.8333333
42705599999,CALICUT- IN,1011,608,11.136839,75.9553
34740099999,GIGANT- RS,1365,331,46.5166666,41.35
72248013957,SHREVEPORT AIRPORT- LA US,1224,2129,32.4473,266.17560000000003
71035699999,EKATI- CA,1546,1995,64.7,249.3833333
48566099999,KO LANTA- TH,975,792,7.5333333,99.05
99825299999,BAR HARBOR- ME US,1343,2334,44.4,291.8
47488099999,HAKODATE- JA,1317,1127,41.77,140.821944
99774199999,KEWAUNEE- WI US,1344,2180,44.45,272.5166667
34601099999,ZAPORIZHZHIA INTERNATIONAL- UP,1378,283,47.867003,35.315692
99422099999,VENICE FL- FL US,1170,2220,27.07,277.55
38567099999,NAVOI- UZ,1301,523,40.1333333,65.35
72052803064,BUENA VISTA CENTRAL COLORADO REGIONAL AIRPORT- CO US,1286,2031,38.6975,253.93
28440099999,KOLTSOVO- RS,1467,486,56.743108,60.802728
72039200128,HOMERVILLE AIRPORT- GA US,1210,2218,31.056,277.233
72289093136,MOUNT WILSON- CA US,1242,1935,34.23333,241.93333
94595799999,TENNANT CREEK- AS,703,1073,-19.634444,134.183333
72211912883,LAKELAND LINDER REGIONAL AIRPORT- FL US,1179,2224,28.0,277.95
72646454834,WATERTOWN MUNICIPAL AIRPORT- WI US,1331,2170,43.16667,271.28333
47657099999,MISHIMA- JA,1251,1111,35.1166666,138.9333333
06208099999,AWG 1- NL,1434,48,53.5,5.95
02147099999,MALA BRANNAN- SW,1551,149,65.15,18.6
71298099999,HARROW CDA AUTO- CA,1320,2217,42.0333333,277.1
78982000411,QUEEN BEATRIX INTERNATIONAL AIRPORT- AA,1024,2320,12.5,289.983
03966099999,GURTEEN- EI,1430,2816,53.0166666,352.0
02000199999,LJUNGBYHED- SW,1460,106,56.082779,13.2125
78256099999,MANZANILLO ORIENTE- CU,1103,2263,20.3333333,282.88333339999997
47061099999,CHANGJON- KN,1287,1025,38.7333333,128.1833333
29253099999,LOSINOBORSKOE- RS,1484,716,58.45,89.4666666
32287099999,UST HAJRJUZOVO- RS,1470,1254,57.0833333,156.7
72681394195,CALDWELL INDUSTRIAL AIRPORT- ID US,1336,1947,43.65,243.36667
33658099999,CHERNIVTSI- UP,1383,207,48.3666666,25.9
47188099999,SEONGSAN- KS,1233,1015,33.3833333,126.8666666
34519099999,DONETS K- UP,1380,302,48.0666666,37.7666666
72244693987,LUFKIN ANGELINA CO AIRPORT- TX US,1212,2122,31.23593,265.24532
72216013869,ALBANY SW GEORGIA REGIONAL AIRPORT- GA US,1215,2206,31.53642,275.8042
43014099999,AURANGABAD- IN,1098,603,19.863169,75.398206
47891099999,TAKAMATSU- JA,1243,1072,34.3166666,134.05
17607499999,ERCAN- CY,1251,268,35.15,33.5
99999954797,KINGSTON 1 W- RI US,1314,2308,41.4782,288.4583
03266099999,LINTON ON OUSE- UK,1440,2870,54.048911,358.747253
08348099999,CIUDAD REAL- SP,1289,2849,38.9833333,356.0833334
02219099999,GADDEDE A- SW,1544,114,64.5,14.2166666
70291026412,NORTHWAY AIRPORT- AK US,1529,1744,62.96148,218.06166
01158099999,SETSA- NO,1571,124,67.1666666,15.4833333
72540654817,BAD AXE HURON CO MEMORIAL AIRPORT- MI US,1337,2216,43.78028,277.01444
95705099999,YANCO AGRICULTURAL INSTITUTE- AS,553,1171,-34.6166666,146.4333333
11024099999,JAUERLING- AU,1383,123,48.3333333,15.3333333
07497099999,BOURG ST MAURICE- FR,1356,54,45.6166666,6.7666666
37021099999,MAJKOP- RS,1346,321,44.6166666,40.0833333
83703099999,PONTA PORA- BR,674,2434,-22.549639,304.297386
02873099999,HAILUOTO MARJANIEMI- FI,1550,197,65.0333333,24.5666666
23867099999,LAR YAK- RS,1510,642,61.1,80.25
94680099999,EUDUNDA- AS,558,1113,-34.1833333,139.0833333
06323099999,WILHELMINADORP AWS- NL,1415,31,51.5333333,3.8833333
04085099999,SKJALDTHINGSSTADIR- IC,1557,2761,65.75,345.1666667
72654614946,WATERTOWN REGIONAL AIRPORT- SD US,1349,2103,44.90452,262.85043
16259399999,MONTICHIARI- IT,1354,83,45.428889,10.330556
12488099999,KOZIENICE- PL,1415,172,51.5666666,21.55
89606099999,VOSTOK- AY,115,855,-78.45,106.8666666
15450099999,CRAIOVA- RO,1343,191,44.318139,23.888611
94814099999,STRATHALBYN RACECOURSE- AS,547,1111,-35.2833333,138.9
76749399999,CIUDAD DEL CARMEN INTERNATIONAL- MX,1086,2146,18.653739,268.200983
72571094025,HAYDEN YAMPA VALLEY AIRPORT- CO US,1304,2022,40.48111,252.7825
76805699999,GENERAL JUAN N ALVAREZ INTERNATIONAL- MX,1067,2082,16.756892,260.246414
72221513884,CRESTVIEW FAA AP- FL US,1207,2188,30.77715,273.48062
99770799999,WELLS- ME US,1333,2316,43.32,289.45
41437099999,ATAQ- YM,1045,375,14.551322,46.826183
06174099999,TESSEBOELLE- DA,1453,97,55.4,12.15
42623099999,IMPHAL- IN,1147,751,24.75995,93.896697
72310013883,COLUMBIA METROPOLITAN AIRPORT- SC US,1239,2231,33.94225,278.88198
41194599999,AL MAKTOUM INTERNATIONAL AIRPORT- AE,1148,441,24.88611,55.17222
68633099999,NOUPOORT- SF,588,200,-31.1833333,24.95
35925099999,SAM- KZ,1353,449,45.4,56.1166666
34545099999,MOROZOVSK- RS,1383,335,48.35,41.8666666
98223099999,LAOAG INTERNATIONAL- RP,1081,964,18.178092,120.531522
95677099999,ADELAIDE PARAFIELD- AS,552,1109,-34.793333,138.633056
99408399999,NFB NORTHWEST FLORIDA BAY FL- US,1150,2231,25.08,278.90999999999997
41641099999,ALLAMA IQBAL INTERNATIONAL- PK,1215,595,31.521564,74.403594
40835599999,GONABAD- IR,1243,469,34.35,58.68
06712099999,AIGLE- SZ,1363,55,46.3333333,6.9166666
41170099999,DOHA INTERNATIONAL- QA,1152,413,25.261125,51.565056
03379099999,CRANWELL- UK,1430,2876,53.03035,359.516758
72269393097,ALAMOGORDO WHITE SANDS REGIONAL AIRPORT- NM US,1228,2032,32.83972,254.00943999999998
96839099999,AHMAD YANI INTERNATIONAL- ID,830,883,-6.9833333,110.3833333
02327099999,SVEG A- SW,1520,115,62.05,14.4
74693993785,CHAPEL HILL WILLIAMS AIRPORT- NC US,1259,2247,35.93333,280.93583
23914099999,CHERDYN- RS,1503,452,60.4,56.5166666
02510599999,LIDKOPING- SW,1484,105,58.465522,13.174414
11021099999,LITSCHAU- AU,1389,120,48.95,15.0333333
94804099999,NEPTUNE ISLAND- AS,546,1089,-35.3333333,136.1166666
41660099999,QUETTA- PK,1202,536,30.251369,66.937764
10200099999,EMDEN- GM,1433,58,53.391186,7.227408
91659099999,NABOUWALU- FJ,729,1430,-17.0,178.7
78550099999,TERRANCE B LETTSOME INTERNATIONAL- VI,1084,2364,18.444834,295.457025
08506099999,HORTA ACORES- PO,1285,2651,38.5166666,331.3666667
03544099999,CHURCH LAWFORD- UK,1423,2869,52.3666666,358.6666667
30372099999,CHARA- RS,1468,946,56.9,118.2666666
76160099999,GENERAL IGNACIO P GARCIA INTERNATIONAL- MX,1190,1992,29.095858,248.95214199999998
02443099999,ENKOPING- SW,1496,137,59.65,17.1166666
72085200280,MEADOW LAKE AIRPORT- CO US,1289,2043,38.946,255.43
99999903074,LAS CRUCES 20 N- NM US,1226,2026,32.6137,253.2586
47893099999,KOCHI- JA,1235,1068,33.5666666,133.55
78583099999,PHILIP S W GOLDSON INTERNATIONAL- BH,1075,2174,17.539144,271.691797
07075099999,CHARLEVILLE MEZIERES- FR,1397,37,49.783942,4.647078
07540099999,MONTAUBAN- FR,1340,11,44.025694,1.378042
47440099999,HIROO- JA,1322,1147,42.3,143.3166666
72345013971,HARRISON BOONE CO AIRPORT- AR US,1262,2135,36.26727,266.84343
06479099999,KLEINE BROGEL- BE,1411,44,51.168333,5.47
71055099999,COLVILLE LAKE NWT- CA,1570,1871,67.0213889,233.876945
61974099999,AGALEGA- MP,795,453,-10.4333333,56.6
47822099999,NOBEOKA- JA,1225,1053,32.5833333,131.65
40590099999,MANAGISH- KU,1190,380,29.0666666,47.5333333
95351099999,BLACKALL AIRPORT- AS,655,1163,-24.4166666,145.4333333
82965099999,ALTA FLORESTA- BR,801,2431,-9.866092,303.893794
16021099999,ROLLE PASS- IT,1362,94,46.3,11.7833333
99999953012,BLANDING 26 SSW- UT US,1272,2003,37.2667,250.39260000000002
85244099999,VIRU VIRU INTERNATIONAL- BL,723,2375,-17.644756,296.864636
36229099999,UST KOKSA- RS,1402,685,50.2833333,85.6166666
71432099999,PORT WELLER AUT ONT- CA,1332,2246,43.25,280.7833334
48401099999,TAKFA AGROMET- TH,1053,804,15.35,100.5
06681199999,ST GALLEN ALTENRHEIN- SZ,1374,76,47.485033,9.560775
41725099999,ROHRI- PK,1176,551,27.6666666,68.9
06465099999,SCHAFFEN- BE,1409,41,51.0,5.0666667
11457099999,CHURANOV- EZ,1390,109,49.0666666,13.6166666
13615099999,TIRANA RINAS- AL,1314,158,41.414742,19.720561
06621099999,GUETTINGEN- SZ,1375,74,47.6,9.2833333
06633099999,BUCHS AARAU- SZ,1373,65,47.3833333,8.0833333
72540804881,MANISTIQUE SCHOOLCRAFT CO AIRPORT- MI US,1359,2191,45.98333,273.81667
61080099999,MARADI- NG,1035,57,13.502531,7.126753
02793099999,LIPERI TUISKAVANLUOTO- FI,1525,237,62.55,29.6666666
02151099999,JOKKMOKK FPL- SW,1564,161,66.4833333,20.1666666
72032053981,CLEBURNE MUNICIPAL AIRPORT- TX US,1223,2101,32.35389,262.56611
60423099999,SOUK AHRAS- AG,1262,64,36.25,7.95
65376599999,DAPANGO- TO,1007,2,10.8,0.25
71039099999,CARMACKS CS- CA,1521,1790,62.1166666,223.8
02231099999,FOLLINGE- SW,1536,117,63.6833333,14.6
72293453121,OCEANSIDE MUNICIPAL AIRPORT- CA US,1232,1941,33.21946,242.65037999999998
86170099999,GRAL. BRUGUEZ- PA,652,2409,-24.7417,301.1641
89578099999,DOME PLATEAU EAGLE- AY,135,616,-76.42,77.02
01234099999,ORKDAL THAMSHAMN- NO,1533,79,63.3166666,9.85
20891099999,HATANGA- RS,1619,820,71.9833333,102.4666666
72439093822,SPRINGFIELD ABRAHAM LINCOLN CAPITAL AIRPORT- IL US,1298,2163,39.84529,270.31599
71170099999,CARBERRY CS- CA,1398,2085,49.9,260.65
96607099999,TEMINDUNG- ID,895,937,-0.484531,117.157111
83672499999,CARLOS PRATES- BR,700,2528,-19.90925,316.00925
93800099999,SECRETARY ISLAND AWS- NZ,447,1335,-45.2166666,166.8833333
50434099999,TULIHE- CH,1404,974,50.45,121.7
71547099999,SAVANNA AGCM- CA,1460,1925,56.0666666,240.6666667
06330099999,HOEK VAN HOLLAND- NL,1419,33,51.9833333,4.1
02819099999,SALLA VARRIOTUNTURI- FI,1577,237,67.75,29.6166666
48018099999,KATHA- BM,1141,771,24.1666666,96.3333333
72410753895,TWIN CO AIRPORT- VA US,1267,2233,36.76611,279.17667
83652099999,LEITE LOPES- BR,688,2498,-21.134167,312.225811
35394899999,SHIRAK GEORGIA- GG,1307,351,40.75,43.85
94368099999,HAMILTON ISLAND AIRPORT- AS,696,1192,-20.35,148.95
03264399999,TOPCLIFFE- UK,1442,2869,54.205522,358.617906
04266099999,NUNARSUIT- GL,1507,2492,60.75,311.55
15014099999,TAUTII MAGHERAUS- RO,1376,188,47.658389,23.470022
47639099999,FUJISAN- JA,1253,1110,35.3666666,138.7333333
28493099999,TARA- RS,1468,595,56.9,74.3833333
50727099999,ARXAN- CH,1371,959,47.1666666,119.9333333
10738099999,STUTTGART- GM,1386,74,48.689878,9.221964
03520099999,SHOBDON AIRFIELD- UK,1422,2857,52.25,357.1166667
23929099999,SAIM- RS,1503,514,60.3166666,64.2166666
87453099999,RIO CUARTO AREA DE MATERIAL- AR,569,2366,-33.085128,295.73868600000003
13174099999,KIKINDA- RI,1358,164,45.85,20.4666666
71074099999,ISACHSEN AUT NU- CA,1687,2060,78.7833333,257.53333299999997
31754099999,TIVJAKU- RS,1385,1096,48.6,137.05
16289034113,NAPLES- IT,1308,114,40.88603,14.29078
71048099999,ACADIA VALLEY- CA,1410,1997,51.05,249.68333339999998
95667099999,CLARE HIGH SCHOOL- AS,561,1109,-33.8166666,138.6
03967099999,CASEMENT- EI,1433,2828,53.301667,353.548667
40942099999,CHAKHCHARAN- AF,1235,522,33.5333333,65.2666666
06096099999,ROEMOE JUVRE- DA,1451,69,55.1833333,8.5666666
72475593129,CEDAR CITY AIRPORT- UT US,1277,1975,37.70672,246.90302
99800899999,ROOKERY BAY RESERVE- FL US,1160,2226,26.0333333,278.3
99999953173,NAGEEZI 18 SSW- NM US,1260,2017,36.0346,252.09550000000002
89065099999,FOSSIL BLUFF- AY,186,2334,-71.3166666,291.7166667
06193099999,HAMMER ODDE FYR- DA,1452,118,55.3,14.7666666
41268099999,SUR- MU,1125,476,22.5333333,59.4833333
01121099999,SOLVAER III- NO,1563,101,66.3666666,12.6166666
57655099999,YUANLING- CH,1184,883,28.4666666,110.4
47671399999,ICHIGAYA- JA,1256,1118,35.68,139.72
48378099999,PHITSANULOK- TH,1067,802,16.782939,100.279122
99999954783,ROCK SPRINGS- PA US,1307,2257,40.71,282.07
76750199999,CHICHEN ITZA INTERNATIONAL- MX,1106,2172,20.641294,271.553781
99842599999,CORDOVA- AK US,1505,1714,60.557,214.245
47786099999,YAMAGUCHI UBE- JA,1239,1050,33.93,131.278611
48304099999,CHAING RAI ARGOMET- TH,1098,798,19.8666666,99.7666666
72204112993,GALLIANO SOUTH LAFOURCHE AIRPORT- LA US,1194,2158,29.44472,269.73888999999997
72049200151,CALEDONIA CO AIRPORT- VT US,1345,2304,44.567,287.983
17190099999,AFYON- TU,1287,245,38.726425,30.601114
02267099999,ORNSKOLDSVIK- SW,1534,152,63.408339,18.990039
78457599999,SAMANA- DR,1092,2322,19.2666666,290.25
72535014848,SOUTH BEND AIRPORT- IN US,1317,2189,41.70722,273.68372
02510399999,TROLLHATTAN VANERSBORG- SW,1483,99,58.318056,12.345
38687099999,CHARDZHEV- TX,1290,509,39.0833333,63.6
11012099999,KREMSMUENSTER- AU,1380,113,48.05,14.1333333
02721099999,KOKKOLA TANKAR- FI,1539,183,63.95,22.85
22217099999,KANDALAKSHA- RS,1571,259,67.15,32.35
71046099999,KOMAKUK BEACH- CA,1596,1758,69.62,219.8
71810099999,PORT MENIER QUE- CA,1398,2366,49.8333333,295.7166667
72027312981,BAY CITY MUNICIPAL AIRPORT- TX US,1189,2113,28.97306,264.13667
72290023188,SAN DIEGO INTERNATIONAL AIRPORT- CA US,1227,1943,32.7336,242.8169
70398025308,ANNETTE AIRPORT- AK US,1450,1827,55.0389,228.4213
48556099999,PHRASANG- TH,985,794,8.5666666,99.25
17302099999,ANTALYA BOLGE- TU,1268,246,36.8666666,30.7
27208099999,MAKSATIKHA- RS,1477,287,57.8,35.8833333
72517014737,ALLENTOWN LEHIGH VALLEY INTERNATIONAL AIRPORT- PA US,1306,2276,40.64984,284.55227
72027294282,BURLINGTON SKAGIT REGIONAL BAYVIEW AIRPORT- WA US,1384,1901,48.46667,237.58333
40979099999,KALAT- AF,1221,535,32.1166667,66.9
48436099999,NANGRONG- TH,1046,822,14.6308333,102.7211111
91583099999,POINDIMIE NLLE CALEDONIE- NC,690,1323,-20.9333333,165.3166666
71223099999,CONSORT AGDM ALTA- CA,1419,1994,51.9333333,249.3
72038600125,WILLMAR MUNICIPAL AIRPORT JOHN L RICE FIELD- MN US,1351,2119,45.117,264.867
94967099999,CAPE BRUNY LIGHTHOUSE- AS,464,1177,-43.5,147.15
78745099999,BLUEFIELDS- NU,1019,2210,11.990961,276.225914
02834099999,VIEREMA KAARAKKALA- FI,1538,218,63.8333333,27.2166666
99999994081,BUFFALO 13 ESE- SD US,1355,2054,45.516,256.6983
72389693144,VISALIA MUNICIPAL AIRPORT- CA US,1263,1925,36.31667,240.6
76491599999,GENERAL PEDRO JOSE MENDEZ INTERNATIONAL- MX,1137,2088,23.704139,261.043389
40780999999,SARAKHS- IR,1264,489,36.5,61.067
06784099999,DAVOS- SZ,1368,79,46.8166666,9.85
71037699999,FLIN FLON- CA,1446,2067,54.678055,258.318333
72304613766,MANTEO- NC US,1259,2274,35.9172,284.2976
72605014745,CONCORD MUNICIPAL AIRPORT- NH US,1332,2308,43.20488,288.49743
72221194087,THEDFORD THOMAS CO AIRPORT- NE US,1319,2075,41.96444,259.43138999999996
72066400242,INDEPENDENCE OIL PLATFORM- LA US,1180,2176,28.083,272.017
87904099999,EL CALAFATE AERO- AR,397,2304,-50.2666666,287.95
97086099999,BUBUNG- ID,889,982,-1.038919,122.771906
29430099999,TOMSK- RS,1464,679,56.5,84.9166666
01102599999,HEIDRUN- NO,1553,59,65.3333333,7.3166667
47170099999,WANDO- KS,1243,1014,34.4,126.7
56966099999,YUANJIANG- CH,1135,816,23.6,101.9833333
17291099999,MILAS BODRUM- TU,1272,221,37.250611,27.664311
72403093738,WASHINGTON DULLES INTERNATIONAL AIRPORT- VA US,1289,2260,38.93485,282.55272
16332099999,LECCE- IT,1302,145,40.239228,18.133325
17501099999,LEFKE- CY,1258,263,35.8166666,32.85
29939099999,BIJSK ZONAL NAYA- RS,1426,679,52.6666666,84.9166666
99830499999,MONA ISLAND- RQ,1080,2336,18.09,292.06100000000004
44304099999,UNDERKHAAN- MG,1373,885,47.3166666,110.6333333
71513099999,NATASHQUAN A- CA,1401,2386,50.1833333,298.2166667
94461099999,GILES METEOROLOGICAL OFFICE- AS,649,1026,-25.0333333,128.3
71581099999,ALGONQUIN PARK EAST GATE- CA,1355,2254,45.5333333,281.7333334
72093999999,OAKES MUNICIPAL- ND US,1361,2095,46.173019,261.920125
47818099999,UNZENDAKE- JA,1227,1042,32.7333333,130.2666666
10616099999,FRANKFURT HAHN- GM,1399,58,49.948672,7.263892
16665399999,ALEXANDROS PAPADIAMANTIS- GR,1291,188,39.1771,23.503675
72073573805,NORTHWEST FLORIDA BEACHES INTERNATIONAL AIRPORT- FL US,1203,2194,30.34869,274.21165
40183099999,JERUSALEM CENTER- IS,1217,282,31.7666666,35.2166666
16252099999,CAMPOBASSO- IT,1315,117,41.5666667,14.65
03894099999,GUERNSEY- UK,1394,2859,49.434956,357.398031
48940099999,WATTAY INTERNATIONAL- LA,1079,821,17.988322,102.563256
02748099999,VARKAUS- FI,1521,223,62.171111,27.868611
82281099999,MARECHAL CUNHA MACHADO INTERNATIONAL- BR,874,2526,-2.585361,315.765861
72211012842,TAMPA INTERNATIONAL AIRPORT- FL US,1179,2220,27.96331,277.46
72642494818,RACINE BATTEN AIRPORT- WI US,1327,2177,42.75856,272.18219999999997
99497399999,N PIER DEATHS DOOR- WI US,1352,2184,45.28,273.02
71020099999,YOHIN NWT- CA,1512,1890,61.2333333,236.2666667
94969099999,LAUNCESTON TI TREE BEND- AS,485,1177,-41.4166666,147.1166666
48991099999,PHNOM PENH INTERNATIONAL- CB,1015,839,11.546556,104.844139
87548099999,JUNIN- AR,554,2393,-34.545889,299.069444
95929099999,MERIMBULA AIRPORT- AS,530,1199,-36.9166666,149.9
38647099999,GAZANDZHYK- TX,1292,444,39.25,55.5166666
02469099999,TULLINGE- SW,1491,143,59.1833333,17.9166667
68722099999,SUTHERLAND- SF,576,165,-32.3833333,20.6666666
94894099999,MOUNT BULLER AWS- AS,528,1171,-37.15,146.4333333
74793112876,WINTER HAVEN GILBERT AIRPORT- FL US,1180,2226,28.06137,278.24316
72442013997,VICHY ROLLA NATIONAL AIRPORT- MO US,1281,2146,38.13178,268.23532
72218003820,AUGUSTA BUSH FIELD AIRPORT- GA US,1233,2224,33.36517,278.03647
06685099999,GLARUS- SZ,1370,73,47.0333333,9.0666666
95646099999,FORREST- AS,591,1025,-30.8333333,128.1166666
71893099999,COMOX- CA,1397,1881,49.710833,235.113333
03410099999,LAKE VYRNWY NUMBER 2- UK,1427,2852,52.75,356.5333334
72340813814,BLYTHEVILLE AFB- AR US,1259,2160,35.96667,270.05
31416099999,IM POLINY OSIPENKO- RS,1424,1092,52.4166666,136.5
76225399999,GENERAL R FIERRO VILLALOBOS INTERNATIONAL- MX,1187,2032,28.702875,254.035433
10436099999,KASSEL CALDEN- GM,1414,75,51.408394,9.377631
58424099999,ANQING- CH,1206,936,30.6166666,116.9666667
02611099999,HELSINGBORG- SW,1460,102,56.0333333,12.7666666
78733099999,RIVAS- NU,1014,2193,11.4166667,274.1666667
72396593209,PASO ROBLES MUNICIPAL AIRPORT- CA US,1256,1915,35.66936,239.37081999999998
02526099999,LANDVETTER- SW,1476,98,57.662836,12.279819
99734199999,MUSKEGON- MI US,1332,2189,43.23,273.67
02435099999,BORLANGE- SW,1504,124,60.422017,15.515211
28451099999,KAMYSLOV- RS,1468,502,56.85,62.7166666
45032099999,TA KWU LING- CH,1125,913,22.5333333,114.15
96797099999,TEGAL- ID,831,873,-6.85,109.15
16480099999,COZZO SPADARO- IT,1266,121,36.6833333,15.1333333
64108099999,BANDUNDU- CG,866,139,-3.311319,17.381683
48350099999,LOEI AGROMET- TH,1073,814,17.4,101.7333333
72768494051,JORDAN AIRPORT- MT US,1373,2024,47.325928,253.051276
72325003847,CROSSVILLE MEMORIAL AIRPORT- TN US,1259,2199,35.95097,274.91859
16263099999,TREVICO- IT,1310,122,41.05,15.2333333
72272093026,DOUGLAS BISBEE INTERNATIONAL AIRPORT- AZ US,1214,2003,31.4583,250.3939
72423753803,OWENSBORO DAVIESS CO REGIONAL AIRPORT- KY US,1277,2183,37.75,272.83333
12455099999,WIELUN- PL,1412,149,51.2166666,18.5666666
60555099999,SIDI MAHDI- AG,1230,49,33.067803,6.088672
10404099999,KALKAR MIL COMM- GM,1417,50,51.75,6.2833333
59855099999,QIONGHAI- CH,1092,884,19.2333333,110.4666666
61202099999,TESSALIT- ML,1102,8,20.242983,0.977308
63612099999,LODWAR- KE,931,285,3.121967,35.608692
02432099999,OREBRO- SW,1492,120,59.2333333,15.05
71358099999,CLYDE RIVER CLIMATE NU- CA,1604,2332,70.4833333,291.4833334
68832099999,WILLOWMORE- SF,567,188,-33.2833333,23.5
07245099999,LE BREUIL- FR,1376,10,47.678492,1.208844
47917099999,IRIOMOTEJIMA- JA,1144,990,24.4333333,123.7666666
11938099999,TELGART- LO,1388,161,48.85,20.1833333
72463603013,LAMAR MUNICIPAL AIRPORT- CO US,1280,2059,38.07177,257.31253
72362893942,BRADY CURTIS FIELD AIRPORT- TX US,1211,2085,31.17833,260.67556
99999953136,MERCURY 3 SSW- NV US,1266,1952,36.624,243.97750000000002
71445099999,GEORGE ISLAND AUT MAN- CA,1428,2099,52.8166666,262.4
72255293929,GAINESVILLE MUNICIPAL AIRPORT- TX US,1236,2102,33.65139,262.80306
37651099999,DEDOPLISTSKARO- GG,1314,369,41.4666666,46.0833333
07638099999,BEZIERS VIAS- FR,1333,27,43.3166666,3.35
01052099999,HAMMERFEST AIRPORT- NO,1606,189,70.6833333,23.6833333
48310099999,PHAYAO- TH,1091,799,19.1930556,99.9
72787094119,DEER PARK AIRPORT- WA US,1379,1941,47.97416,242.57079
14015099999,LJUBLJANA BEZIGRAD- SI,1360,116,46.0666666,14.5166666
02486099999,ADELSO- SW,1493,140,59.3666666,17.5166666
72026912982,FALFURRIAS BROOKS CO AIRPORT- TX US,1172,2095,27.20667,261.87889
72611454771,MORRISVILLE STOWE STATE AIRPORT- VT US,1345,2299,44.53281,287.38484
80412099999,GENERAL BARTOLOME SALOM INTERNATIONAL- VE,1004,2335,10.4805,291.92697499999997
70000126492,PORTAGE GLACIER VISITOR CENTER- AK US,1507,1689,60.78351,211.15161
72537354819,GROSSE ILE MUNICIPAL AIRPORT- MI US,1320,2215,42.09861,276.83889
13173099999,ZRENJANIN- RI,1353,163,45.3666666,20.4166666
11155099999,FEUERKOGEL- AU,1378,110,47.8166666,13.7166666
99497199999,BOSTON- MA US,1323,2312,42.35,288.95
96695099999,KOTABARU SETAGEN- ID,865,930,-3.4,116.2166667
71881099999,EDSON- CA,1435,1948,53.578888,243.535
72401013740,RICHMOND INTERNATIONAL AIRPORT- VA US,1275,2261,37.51154,282.67662
17128099999,ESENBOGA- TU,1301,264,40.128082,32.995083
99821599999,SALT RIVER BAY ST CROIX- VQ,1077,2362,17.7833333,295.2333334
02789099999,RAUTAVAARA YLA LUOSTA- FI,1533,229,63.3833333,28.6666666
72435003816,PADUCAH BARKLEY REGIONAL AIRPORT- KY US,1270,2170,37.05635,271.22575
71202799999,VICTORIA HARTLAND CS- CA,1385,1892,48.53,236.53
47008099999,CHONGJIN- KN,1317,1039,41.7833333,129.8166666
71673099999,FERINTOSH AGCM- CA,1427,1977,52.75,247.15
28428099999,CERNUSKA- RS,1464,449,56.5,56.1333333
78961300410,ARTHUR NAPOLEON RAYMOND ROBINSON INTERNATIONAL AIRPORT- TD,1011,2393,11.15,299.16700000000003
72606464709,SANFORD REGIONAL AIRPORT- ME US,1333,2314,43.39361,289.29222
40593099999,JULUIAH PORT- KU,1188,386,28.8666666,48.2833333
62432099999,DAKHLA- EG,1154,232,25.5,28.9666666
03263599999,DURHAM TEES VALLEY AIRPORT- UK,1445,2869,54.509189,358.570594
60452099999,ARZEW- AG,1258,2878,35.8166666,359.7333334
50983099999,HULIN- CH,1357,1064,45.7666666,132.9666666
38744099999,LAHSH- TI,1292,575,39.2833333,71.8666666
03373099999,SCAMPTON- UK,1433,2876,53.307778,359.449167
91573099999,ILE ART BELEP- NC,702,1309,-19.7166666,163.65
99999904125,JOHN DAY 35 WNW- OR US,1345,1923,44.556,240.35410000000002
11154099999,GMUNDEN- AU,1378,110,47.9,13.8
72297023129,LONG BEACH DAUGHERTY AIRPORT- CA US,1238,1935,33.81177,241.85282
51747099999,TAZHONG- CH,1289,669,39.0,83.6666666
28978099999,BALKASINO- KZ,1425,550,52.5333333,68.75
71667099999,THUNDER BAY CS- CA,1383,2165,48.37,270.68
72285700368,WALHALLA MUNICIPAL AIRPORT- ND US,1389,2097,48.941,262.097
87148099999,PRESIDENCIA ROQUE SAENZ PENA AERO- AR,632,2396,-26.7333333,299.5166667
17237099999,DENIZLI- TU,1277,233,37.7833333,29.0833333
12690099999,LESKO- PL,1394,179,49.4666666,22.35
60602099999,BENI ABBES- AG,1201,2863,30.1333333,357.8333334
94827099999,NHILL AERODROME- AS,536,1133,-36.3166666,141.6333333
16337099999,BONIFATI CAPE- IT,1295,127,39.5833333,15.8833333
28321099999,OHANSK- RS,1477,443,57.7166666,55.3833333
89034099999,BASE BELGRANO II- AY,121,2603,-77.8666666,325.38333339999997
11348099999,MARIAPFARR- AU,1371,110,47.15,13.75
72523504720,JAMESTOWN- NY US,1321,2246,42.15,280.75
99737999999,SAND ISLAND MIDWAY- US,1181,1941,28.2,242.65
48327099999,CHIANG MAI INTERNATIONAL- TH,1087,792,18.766847,98.962644
38507099999,TURKMENBASHI- TX,1300,424,40.0333333,52.9833333
16245099999,PRATICA DI MARE- IT,1316,100,41.659372,12.445156
37484099999,BATUMI- GG,1316,333,41.610278,41.599694
71162099999,INNER WHALEBACKS NWT- CA,1519,1970,61.9166666,246.2833334
78353099999,NUEVITAS CAMAGUEY- CU,1115,2262,21.5333333,282.75
23472099999,TURUHANSK- RS,1557,704,65.7833333,87.9888889
71365099999,FORT SIMPSON CLIMATE NWT- CA,1517,1910,61.75,238.7666667
15601099999,KUSTENDIL- BU,1322,182,42.2666666,22.7666666
60725099999,JENDOUBA- TS,1264,70,36.4833333,8.8
74614023112,LAS VEGAS NELLIS AFB- NV US,1262,1960,36.25,244.96667
32213099999,MYS LOPATKA- RS,1408,1253,50.8666666,156.6833333
31878099999,KIROVSKIJ- RS,1350,1068,45.1,133.5
06771099999,STABIO- SZ,1358,71,45.85,8.9333333
02736099999,JUVA PARTALA- FI,1518,223,61.9,27.8833333
17220099999,IZMIR GUZELYALI- TU,1284,217,38.4333333,27.1666666
99999903733,ELKINS 21 ENE- WV US,1290,2244,39.013,280.52570000000003
02488099999,ORSKAR- SW,1505,147,60.5333333,18.3833333
08023099999,SANTANDER- SP,1334,2850,43.4833333,356.2
70232526443,WASILLA AIRPORT- AK US,1515,1684,61.57194,210.45944
47755099999,HAMADA- JA,1248,1057,34.9,132.0666666
07790099999,PORETTA- FR,1325,76,42.552664,9.483731
02460099999,ARLANDA- SW,1496,143,59.651944,17.918611
99999953138,BAKER 5 W- NV US,1290,1966,39.0118,245.791
03344099999,BINGLEY NUMBER 2- UK,1438,2865,53.8166666,358.1333334
02746099999,HANKO TULLINIEMI- FI,1498,183,59.8166666,22.9166666
40713099999,MARAGHEH- IR,1273,369,37.35,46.1666667
12336099999,POWIDZ- PL,1423,143,52.379444,17.853889
71527099999,DRYDEN REGIONAL- CA,1398,2138,49.831667,267.255833
95611099999,BUSSELTON AERO- AS,563,923,-33.6833333,115.4
72225664774,MARSHFIELD MUNICIPAL AIRPORT- MA US,1320,2315,42.09833,289.32778
50915099999,ULIASTAI- CH,1355,936,45.5166666,116.9666666
43424099999,PUTTALAM- CE,980,639,8.0333333,79.8333333
68674099999,PORT ST JOHNS- SF,583,236,-31.606027,29.521721
01116099999,STOKKA- NO,1559,100,65.95,12.4666666
72222503855,PENSACOLA FOREST SHERMAN NAS- FL US,1203,2181,30.35,272.68333
60745099999,GAFSA- TS,1244,71,34.422022,8.822503
31489099999,GORIN- RS,1411,1094,51.2,136.8
76342099999,MONCLOVA INTERNATIONAL- MX,1169,2068,26.955733,258.529864
95960099999,DEVONPORT AIRPORT- AS,488,1171,-41.1666666,146.4166666
70305326654,RUSSIAN MISSION AIRPORT- AK US,1517,1589,61.775,198.68056
11841099999,ZILINA HRICOV- LO,1392,149,49.2333333,18.6166666
99999923908,JOPLIN 24 N- MO US,1274,2123,37.4277,265.4171
86891099999,MACAE- BR,676,2546,-22.343031,318.233967
71736099999,PINCHER CREEK CLIMATE- CA,1395,1968,49.5166666,246.0
95952099999,MOUNT READ- AS,481,1164,-41.85,145.5333333
23412099999,UST USA- RS,1559,455,65.9666666,56.9166666
57633099999,YOUYANG- CH,1188,870,28.8333333,108.7666666
56079099999,RUO ERGAI- CH,1235,824,33.5833333,102.9666666
99999964756,MILLBROOK 3 W- NY US,1317,2290,41.7857,286.2578
99999953176,GILA BEND 3 ENE- AZ US,1229,1979,32.9649,247.3303
74795012867,COCOA BEACH PATRICK AFB- FL US,1182,2235,28.23333,279.4
72231553917,NEW ORLEANS LAKEFRONT AIRPORT- LA US,1200,2160,30.04934,269.97101
08533099999,SAGRES- PO,1269,2808,37.0,351.05
42071099999,AMRITSAR- IN,1217,598,31.709594,74.797264
04260599999,FREDICKSHAB PAAMIUT AIRPORT- GL,1519,2482,61.9833333,310.3
02260099999,VASTMARKUM- SW,1531,146,63.1333333,18.25
65215099999,OSHOGBO- NI,977,36,7.7833333,4.4833333
31474099999,UST UMAL TA- RS,1416,1066,51.6333333,133.2666666
72073299999,MUSTANG ISLAND A85A- TX US,1177,2111,27.7333333,263.8166667
31442099999,SIMANOVSK- RS,1419,1021,51.9833333,127.65
71504099999,THORSBY AGCM- CA,1432,1969,53.22,246.1
02411099999,ARVIKA- SW,1496,101,59.675856,12.639442
13183099999,VRSAC- RI,1351,170,45.146889,21.309889
14441099999,KOMIZA- HR,1330,129,43.05,16.1
22113099999,MURMANSK- RS,1587,262,68.781672,32.750822
85874099999,BALMACEDA- CI,440,2306,-45.916058,288.310525
72060700199,LANCASTER CO MC WHIRTER FIELD AIRPORT- SC US,1247,2233,34.717,279.15
99999904133,HEBER CITY MUNICIPAL AIRPORT- UT US,1304,1989,40.48194,248.57111
07103099999,POINTE DU RAZ- FR,1380,2842,48.0333333,355.2666667
26425099999,JELGAVA- LG,1466,190,56.65,23.7333333
83672599999,ARARAQUARA- BR,681,2495,-21.812,311.866972
83768099999,LONDRINA- BR,666,2471,-23.333625,308.869928
71665099999,NAIN- CA,1465,2387,56.55,298.32
26128099999,VIRTSU- EN,1485,188,58.5666666,23.5166666
71542099999,LA CRETE AGCM- CA,1481,1949,58.1666666,243.6666667
72071300251,DARKE CO AIRPORT- OH US,1302,2204,40.204,275.468
71031099999,DISCOVERY ISLAND- CA,1384,1894,48.42,236.76999999999998
57036099999,XIANYANG- CH,1244,870,34.447119,108.751592
28698099999,OMSK- RS,1449,586,54.967042,73.310514
29706099999,KUPINO- RS,1443,618,54.3666666,77.2833333
01183099999,EVENES- NO,1584,133,68.4913,16.678108
03330099999,LEEK THORNCLIFFE- UK,1431,2864,53.1333333,358.0166667
68338099999,VRYBURG- SF,630,198,-26.982408,24.728756
72507914787,NEWPORT STATE AIRPORT- RI US,1315,2310,41.52991,288.71668999999997
72276403029,WINDOW ROCK AIRPORT- AZ US,1256,2008,35.65708,250.93972
42737099999,RAJKOT- IN,1123,566,22.309183,70.779525
02974099999,HELSINKI VANTAA- FI,1503,200,60.317222,24.963333
03014099999,FOULA NUMBER 2- UK,1501,2863,60.1166666,357.9333334
71621099999,TRENTON- CA,1341,2260,44.1166666,282.4666667
17262099999,KILIS- TU,1267,297,36.7166666,37.1166666
72428704848,TOLEDO EXECUTIVE AIRPORT- OH US,1315,2212,41.56327,276.52329
72348453901,WEST PLAINS MUNICIPAL AIRPORT- MO US,1268,2145,36.87913,268.09477
71180099999,WRECKHOUSE- CA,1376,2406,47.7,300.7
23724099999,NJAKSIMVOL- RS,1524,487,62.4333333,60.8666666
80431099999,SAN JUAN DE LOS MORROS- VE,999,2341,9.906953,292.620361
83698099999,BARTOLOMEU LISANDRO- BR,683,2550,-21.698333,318.698331
44336099999,SAIKHAN OVOO- MG,1354,831,45.45,103.9
26335099999,PRIEKULI- LG,1473,203,57.3166666,25.3333333
72064500227,PLACERVILLE AIRPORT- CA US,1287,1914,38.717,239.25
06724099999,MONTANA- SZ,1362,60,46.3,7.4666666
72665094023,GILLETTE CAMPBELL CO AIRPORT- WY US,1343,2036,44.33983,254.45841000000001
67152099999,RANOHIRA- MA,674,363,-22.55,45.4
72428693824,ZANESVILLE MUNICIPAL AIRPORT- OH US,1299,2225,39.94609,278.10685
08184099999,GIRONA- SP,1319,22,41.900969,2.760547
01427099999,LISTA FYR- NO,1481,53,58.1166666,6.5666666
31725099999,SMIDOVICH- RS,1386,1071,48.6166666,133.8333333
71925099999,CAMBRIDGE BAY UA- CA,1591,2040,69.13333,254.95
72452003957,MEDICINE LODGE 1 E- KS US,1272,2092,37.2839,261.4472
03068099999,LOSSIEMOUTH- UK,1477,2853,57.705214,356.660831
68110099999,WINDHOEK EROS SAAF- WA,674,137,-22.5666667,17.1
72212203050,SNYDER WINSTON FIELD AIRPORT- TX US,1226,2072,32.69333,259.04944
99738599999,KWAJALEIN ISLAND- US,987,1342,8.73,167.73
11358099999,BAD MITTERNDORF- AU,1375,111,47.55,13.9333333
99819599999,NAWILIWILI- HI US,1119,1605,21.95,200.65
17052099999,KIRKLARELI- TU,1317,218,41.7333333,27.2333333
72235112953,WHARTON REGIONAL AIRPORT- TX US,1192,2112,29.26611,263.9925
95972099999,CAMPANIA KINKORA- AS,473,1179,-42.6833333,147.4166666
72465023065,GOODLAND RENNER FIELD- KS US,1293,2066,39.36729,258.30678
38439099999,SHARDARA- KZ,1313,544,41.3666666,68.0
65660099999,MONROVIA ROBERTS INTERNATIONAL- LI,962,2797,6.233789,349.637689
72450503923,WICHITA MCCONNELL AFB- KS US,1276,2102,37.61667,262.73333
38763099999,GYZYLARBAT- TX,1289,450,38.9833333,56.2833333
01112099999,BRONNOY- NO,1554,98,65.461111,12.2175
48071099999,KYAUKPYU- BM,1094,748,19.4166666,93.55
03908499999,LONDONDERRY EGLINTON- UK,1450,2823,55.042778,352.838889
15533099999,SVICHTOV- BU,1336,203,43.6166666,25.35
71082399999,ALERT- CA,1725,2382,82.517778,297.719444
82361099999,TUCURUI- BR,862,2482,-3.786008,310.279733
34504099999,DNIPROPETROVS K- UP,1385,280,48.6,34.9666666
06646099999,BEZNAU- SZ,1375,66,47.5666666,8.2333333
94602099999,ROTTNEST ISLAND- AS,579,924,-32.0166666,115.5
02876099999,OULU VIHREASAARI HARBOUR- FI,1549,203,65.0,25.4
72446453916,CHILLICOTHE AGRI SCIENCE CENTER- MO US,1298,2131,39.819848,266.423049
26029099999,PAKRI- EN,1493,192,59.3833333,24.0333333
01214099999,REKDAL- NO,1526,54,62.65,6.7666666
94603099999,BADGINGARRA RESEARCH STATION- AS,596,924,-30.3333333,115.5333333
02556099999,HAGSHULT- SW,1472,113,57.292222,14.137222
38328599999,TARAZ- KZ,1328,570,42.853611,71.303611
72059700190,LAURENS CO AIRPORT- SC US,1244,2224,34.5,278.05
32215099999,SEVERO KURIL SK- RS,1406,1249,50.6833333,156.1333333
04018016201,KEFLAVIK- IC,1539,2699,63.96667,337.4
40155099999,HAIFA- IS,1228,280,32.809444,35.043056
85043099999,RIBERALTA- BL,789,2351,-11.0166667,293.8833333
91938099999,TAHITI FAAA- FP,724,1683,-17.55375,210.392764
31510099999,BLAGOVESCENSK- RS,1402,1020,50.2833333,127.4833333
94685099999,KADINA- AS,560,1101,-33.97,137.67
94878099999,HUNTERS HILL- AS,537,1180,-36.2166666,147.5333333
31054099999,UST JUDOMA- RS,1491,1081,59.1833333,135.15
72548704950,MUSCATINE MUNICIPAL AIRPORT- IA US,1313,2151,41.36667,268.85
25703099999,SEJMCHAN- RS,1529,1219,62.9166666,152.4166666
89056099999,CENTRO MET. ANTARTICO PDTE. EDUARDO FREI- AY,278,2408,-62.1833333,301.0166667
99434099999,SOUTH BASS ISLAND OH- OH US,1316,2217,41.63,277.15999999999997
43346099999,KARAIKAL- IN,1009,639,10.9166666,79.8333333
74777003852,VALPARAISO HURLBURT FIELD- FL US,1204,2187,30.41667,273.31667
99821799999,AMERADA PASS- LA US,1194,2149,29.45,268.6666667
93527099999,FAREWELL SPIT AWS- NZ,494,1384,-40.55,173.0
43497099999,HAMBANTOTA- CE,961,649,6.1166666,81.1333333
68335099999,TAUNG- SF,624,198,-27.55,24.7666666
40723099999,BOJNORD- IR,1274,458,37.493003,57.308389
68387099999,VRYHEID- SF,622,246,-27.7833333,30.8
15015099999,OCNA SUGATAG- RO,1377,192,47.7333333,23.95
60265099999,OUARZAZATE- MO,1209,2825,30.939053,353.090569
26645099999,LYNTUPY- BO,1450,211,55.05,26.3166666
72026563833,ALEXANDER CITY THOMAS C RUSSELL FIELD AIRPORT- AL US,1229,2192,32.91472,274.03722
93614099999,HOKITIKA AERODROME- NZ,472,1368,-42.7166666,170.9833333
48600199999,MANDALAY INTERNATIONAL- BM,1117,768,21.702156,95.977928
06744099999,GRIMSEL HOSPIZ- SZ,1365,67,46.5666666,8.3333333
15260099999,SIBIU- RO,1357,193,45.785597,24.091342
61272099999,SEGOU- ML,1033,2831,13.4,353.85
82591099999,DIX SEPT ROSADO- BR,847,2581,-5.201919,322.635653
24724099999,CHERNISHEVSKIJ- RS,1530,900,63.0333333,112.4833333
29625099999,CULYM- RS,1450,648,55.1,80.9666666
17219099999,ADNAN MENDERES- TU,1282,217,38.292392,27.156953
99999922016,PANTHER JUNCTION 2 N- TX US,1193,2054,29.3483,256.7907
48552099999,CHA IAN- TH,984,800,8.471147,99.955625
97724099999,PATTIMURA- ID,862,1025,-3.710264,128.089136
44210099999,NOGOONNUUR- MG,1395,723,49.6,90.35
71528099999,IRON SPRINGS AGDM ALTA- CA,1398,1978,49.9,247.2666667
71769099999,BALLENAS ISLAND BC- CA,1393,1887,49.35,235.85
44224099999,TSETSEN UUL- MG,1387,768,48.7666666,96.0
31300099999,ZEJA- RS,1436,1018,53.7,127.3
72445703938,WAYNESVILLE REGIONAL AIRPORT FORNEY FIELD- MO US,1277,2143,37.75,267.85
02207099999,STORLIEN VISJOVALEN A- SW,1532,97,63.2833333,12.1166666
A0001953969,VERNON WILBARGER CO AIRPORT- TX US,1242,2086,34.22556,260.71611
80009099999,SIMON BOLIVAR- CO,1011,2286,11.11965,285.769353
03628399999,BRISTOL FILTON- UK,1415,2859,51.519444,357.409167
72797624217,BELLINGHAM INTERNATIONAL AIRPORT- WA US,1387,1900,48.7991,237.45931000000002
95956099999,LUNCHERON HILL FORESTRY- AS,488,1161,-41.15,145.15
60581099999,OUED IRARA- AG,1216,49,31.672972,6.140444
72768794028,SIDNEY RICHLAND MUNICIPAL AIRPORT- MT US,1377,2047,47.71667,255.81667
94570099999,TEWANTIN RSL PARK- AS,636,1224,-26.3833333,153.0333333
99999923803,HOLLY SPRINGS 4 N- MS US,1248,2165,34.8223,270.5652
08571099999,PORTALEGRE- PO,1292,2821,39.2833333,352.5833334
47618099999,MATSUMOTO- JA,1262,1104,36.25,137.9666666
97372599999,EL TARI- ID,798,989,-10.171583,123.671136
13160099999,SOMBOR- RI,1357,153,45.7666666,19.15
10385099999,SCHONEFELD- GM,1423,108,52.380001,13.5225
17054099999,CORLU- TU,1311,223,41.13825,27.919094
78792099999,TOCUMEN INTERNATIONAL- PM,990,2245,9.071364,280.61654699999997
72445803963,JEFFERSON CITY MEMORIAL AIRPORT- MO US,1285,2143,38.59454,267.84328
89345099999,SIPLE DOME- AY,83,1690,-81.65,211.2166667
72030163846,SYLVANIA PLANTATION AIRPARK- GA US,1226,2227,32.64556,278.40361
92044099999,MOMOTE W.O.- PP,879,1179,-2.05,147.4166666
34720099999,TAGANROG- RS,1371,311,47.2,38.9
82986099999,PAULO AFONSO- BR,805,2574,-9.400878,321.749425
11346099999,RAURIS- AU,1372,104,47.2166666,13.0
10613099999,BUCHEL- GM,1401,57,50.173833,7.063333
99999994075,BOULDER 14 W- CO US,1300,2036,40.0354,254.4591
48919099999,HUYEN TRAN- VM,980,885,8.0166666,110.6166666
72307013786,ELIZABETH CITY COAST GUARD AIR STATION- NC US,1262,2271,36.25771,283.8284
72236900365,T P MC CAMPBELL AIRPORT- TX US,1179,2102,27.917,262.8
47162099999,TONGYEONG- KS,1248,1027,34.85,128.4333333
30935099999,KRASNYJ CHIKOJ- RS,1403,870,50.3666666,108.75
08314099999,MENORCA- SP,1298,34,39.862597,4.218647
38401099999,IGARKA- RS,1574,693,67.4333333,86.6166666
71376099999,ST JOVITE QUE- CA,1360,2284,46.0666666,285.45
02605099999,HALLANDS VADERO- SW,1464,100,56.45,12.55
17056099999,TEKIRDAG- TU,1309,220,40.9833333,27.55
99999903099,CRAIG 30 N- CO US,1309,2019,40.948,252.3918
12550099999,CZESTOCHOWA- PL,1408,153,50.8166666,19.1
71035099999,LINDEN AGCM- CA,1416,1971,51.6166666,246.35
71721099999,MANIWAKI AIRPORT- CA,1362,2272,46.2666666,284.0
99999963897,SELMA 6 SSE- AL US,1223,2184,32.3349,273.0213
06655099999,ENGELBERG- SZ,1368,67,46.8166666,8.4166666
17112099999,CANAKKALE- TU,1301,211,40.137722,26.426777
12125099999,LEBORK- PL,1445,142,54.55,17.75
22887099999,KOTLAS- RS,1512,374,61.2333333,46.7166667
06197099999,NEXOE VEST- DA,1450,121,55.05,15.1
03414099999,SHAWBURY- UK,1427,2859,52.798169,357.331958
11385099999,HOHE WAND HOCHKOGELHAUS- AU,1378,128,47.8166666,16.0333333
72026654809,WARSAW MUNICIPAL AIRPORT- IN US,1312,2193,41.27472,274.15999999999997
06490199999,SEMMERZAKE BAFB- BE,1409,29,50.9333333,3.65
03155099999,DRUMALBIN- UK,1456,2850,55.6166666,356.2666667
30393099999,CULMAN NERIUGRI- RS,1468,999,56.8333333,124.8666667
03684099999,ANDREWSFIELD- UK,1418,4,51.8833333,0.45
30745099999,SOSNOVO OZERSKOE- RS,1425,892,52.5333333,111.55
48035099999,LASHIO- BM,1129,782,22.9333333,97.75
40718099999,ANZALI- IR,1274,396,37.4666666,49.4666666
99819299999,COAST GUARD SECTOR- AL US,1206,2176,30.65,271.95
72538794899,COPPER HARBOR- MI US,1374,2177,47.467386,272.12496799999997
11141099999,BISCHOFSHOFEN- AU,1373,106,47.4,13.2166666
08330099999,TALAVERA LA REAL- SP,1288,2825,38.89125,353.178667
11628099999,KOSETICE- EZ,1395,121,49.5666666,15.0833333
03488099999,WEYBOURNE- UK,1429,9,52.95,1.1333333
72657804944,LITTLE FALLS MORRISON CO AIRPORT- MN US,1359,2125,45.94917,265.65306
54471099999,YINGKOU- CH,1306,978,40.6666666,122.2
72635094860,GRAND RAPIDS GERALD R FORD INTERNATIONAL AIRPORT- MI US,1328,2196,42.8821,274.47703
06138099999,LANGOE- DA,1448,88,54.8166666,11.0
60490099999,ES SENIA- AG,1256,2875,35.623858,359.378817
47411099999,OTARU- JA,1331,1128,43.1833333,141.0166666
95840099999,WESTMERE- AS,522,1143,-37.7,142.9333333
57193099999,XIHUA- CH,1237,916,33.7833333,114.5166666
99403699999,RICHMOND- CA US,1279,1901,37.928,237.6
72475023176,MILFORD MUNICIPAL AIRPORT- UT US,1284,1976,38.42251,246.98910999999998
71042099999,DELTA BURNS BOG- CA,1391,1896,49.1333333,237.0
72433813802,BELLEVILLE SCOTT AFB- IL US,1285,2161,38.55,270.15
72255012912,VICTORIA REGIONAL AIRPORT- TX US,1188,2105,28.86245,263.0699
61970099999,ILE JUAN DE NOVA- JU,729,342,-17.05,42.7166666
01403099999,UTSIRA FYR- NO,1492,39,59.3,4.8666666
06319099999,WESTDORPE- NL,1412,31,51.2333333,3.8666666
37470099999,DERBENT- RS,1320,386,42.0666666,48.3
17292099999,MUGLA- TU,1272,227,37.2166666,28.3666666
72651494032,CUSTER CO AIRPORT- SD US,1337,2051,43.7331,256.38487
71793099999,HEMARUKA AGCM- CA,1417,1990,51.7833333,248.7833334
02761099999,RAUMA KYLMAPIHLAJA- FI,1511,170,61.15,21.3
87162099999,FORMOSA- AR,637,2414,-26.212722,301.771889
29813099999,KRASNOOZERSK- RS,1439,634,53.9666666,79.2333333
14648099999,MOSTAR- BK,1333,142,43.35,17.8
72060400196,WILLIAMSBURG REGIONAL AIRPORT- SC US,1237,2241,33.717,280.15
71599099999,KEJIMKUJIK 1 NS- CA,1344,2358,44.4166666,294.8
98434099999,INFANTA- RP,1047,973,14.75,121.65
72314753870,GASTONIA MUNICIPAL AIRPORT- NC US,1251,2231,35.1968,278.84448
71497099999,FORT LIARD NWT- CA,1502,1892,60.2333333,236.5333334
10281099999,NEUBRANDENBURG- GM,1436,106,53.602167,13.306
29636099999,TOGUCHIN- RS,1452,675,55.2333333,84.4
72556404924,FREMONT MUNICIPAL AIRPORT- NE US,1314,2108,41.44889,263.48
40582099999,KUWAIT INTERNATIONAL- KU,1192,384,29.226567,47.968928
94182099999,COCONUT ISLAND- AS,799,1145,-10.05,143.0666666
91165022536,LIHUE WEATHER SERVICE OFFICE AIRPORT 1020.1- HI US,1119,1605,21.98048,200.66137
72745404911,GRAND MARAIS COOK CO AIRPORT- MN US,1378,2157,47.83806,269.61694
60461099999,ORAN PORT- AG,1256,2875,35.7,359.35
72751704932,GLENCOE MUNICIPAL AIRPORT- MN US,1347,2127,44.75583,265.91889000000003
16216099999,VITERBO- IT,1324,97,42.430183,12.064156
89666099999,CAPE ROSS- AY,132,1304,-76.7166666,162.9666666
94776099999,WILLIAMTOWN- AS,572,1215,-32.795,151.834444
17145099999,EDREMIT KORFEZ- TU,1295,216,39.554589,27.013833
95637099999,LAKE GRACE- AS,568,948,-33.1,118.4666666
02124099999,ARJEPLOG- SW,1560,143,66.05,17.8333333
71016099999,BULLHORN HEADWATERS- CA,1391,1972,49.15,246.45
72074200270,FAITH RANCH AIRPORT- TX US,1182,2080,28.209,259.981
02563599999,ANGELHOLM- SW,1462,103,56.2833333,12.8333333
27532099999,VLADIMIR- RS,1461,323,56.1166666,40.35
37212099999,NALCHIK- RS,1335,349,43.512856,43.636583
72539014836,LANSING CAPITAL CITY AIRPORT- MI US,1327,2203,42.77609,275.40028
31369099999,NIKOLAEVSK ON AMUR- RS,1431,1126,53.15,140.7
48620099999,SITIAWAN- MY,942,806,4.2166667,100.7
24125099999,OLENEK- RS,1584,899,68.5,112.4333333
50658099999,KESHAN- CH,1380,1007,48.05,125.8833333
10338099999,HANNOVER- GM,1424,77,52.461056,9.685078
01273099999,SELBU- NO,1532,88,63.2333333,11.0166666
60780099999,EL BORMA- TS,1217,74,31.704281,9.254619
72622394725,MASSENA INTERNATIONAL AIRPORT- NY US,1349,2281,44.93341,285.15164
72201612896,MARATHON AIRPORT- FL US,1147,2232,24.72624,278.9523
47805099999,HIRADO- JA,1233,1036,33.3666666,129.55
72776099999,GREAT FALLS- MT US,1374,1989,47.45,248.6166667
99999963857,GADSDEN 19 N- AL US,1242,2192,34.2851,274.0379
71736799999,NORTHEAST MARGAREE AUT- CA,1363,2392,46.3666666,299.0166667
47675099999,OSHIMA- JA,1247,1115,34.75,139.3666666
72253012921,SAN ANTONIO INTERNATIONAL AIRPORT- TX US,1195,2092,29.54429,261.51605
37661099999,SHAKI- AJ,1312,377,41.2166666,47.1666666
11450099999,PLZEN MIKULKA- EZ,1397,107,49.7666666,13.3833333
72220912986,CALHOUN CO AIRPORT- TX US,1186,2107,28.65417,263.31861000000004
34171099999,GAGARIN- RS,1417,369,51.712631,46.171233
60656099999,TINDOUF- AG,1177,2815,27.700372,351.832897
A0002363890,JACKSONVILLE WHITEHOUSE NAVAL OUTLYING FIELD- FL US,1203,2225,30.35016,278.12375299999997
74505753130,LOS ANGELES WHITEMAN AIRPORT- CA US,1242,1933,34.25917,241.58667
59758099999,HAIKOU- CH,1099,882,20.0,110.25
62771099999,EL OBEID- SU,1031,242,13.153219,30.232675
63630499999,LIRA- UG,922,263,2.25,32.9
41640099999,LAHORE CITY- PK,1215,595,31.55,74.3333333
32061099999,ALEKSANDROVSK SAHALINSKIJ- RS,1408,1137,50.9,142.1666666
71251099999,VAUXHALL CDA CS ALTA- CA,1400,1983,50.05,247.8666667
47598099999,ONAHAMA- JA,1269,1127,36.95,140.9
26116199999,KURESSAARE- EN,1482,180,58.217,22.5
37171099999,SOCHI- RS,1334,320,43.449928,39.956589
72353653986,ENID WOODRING AIRPORT- OK US,1263,2098,36.38333,262.2
71052099999,STORM HILLS- CA,1588,1809,68.9,226.07
72355593940,ARDMORE MUNICIPAL AIRPORT- OK US,1242,2104,34.3,262.98333
83672799999,CRICIUM FORQUILHINHA- BR,612,2485,-28.7333333,310.5833334
71684099999,TIMISKAMING REGIONAL EARLTON- CA,1376,2241,47.7,280.15
71549099999,TAWATINAW AGCM- CA,1442,1972,54.2833333,246.4833334
72362093040,SOCORRO MUNICIPAL AIRPORT- NM US,1240,2025,34.06667,253.1
72651894990,WINNER WILEY FIELD- SD US,1333,2081,43.389044,260.156685
74775013846,TYNDALL AFB- FL US,1200,2195,30.06667,274.41667
70316025624,COLD BAY AIRPORT- AK US,1452,1578,55.22068,197.2677
78774099999,DANIEL ODUBER QUIROS INTERNATIONAL- CS,1005,2196,10.593289,274.455592
72411613868,PULASKI- VA US,1271,2235,37.13333,279.31667
42909099999,VERAVAL- IN,1108,563,20.9,70.3666666
72589594236,KLAMATH FALLS INTERNATIONAL AIRPORT- OR US,1321,1906,42.14702,238.27447
72011053983,LLANO MUNICIPAL AIRPORT- TX US,1207,2091,30.78361,261.33806
71738099999,WAWA- CA,1379,2202,47.966667,275.21333300000003
71632099999,LYNN LAKE RCS- CA,1468,2071,56.85,258.9333334
03956099999,JOHNSTOWN CASTLE- EI,1422,2828,52.2833333,353.5166667
14008099999,KREDARICA- SI,1363,111,46.3833333,13.85
72524504853,CLEVELAND BURKE LAKEFRONT AIRPORT- OH US,1315,2227,41.52568,278.33092
28621099999,BIRSK- RS,1454,444,55.4166666,55.5333333
08014099999,GIJON MUSEL- SP,1335,2834,43.5666666,354.3
37675099999,GUBA- AJ,1313,388,41.3666666,48.5166666
94248099999,CENTRE ISLAND- AS,742,1094,-15.75,136.8
72233254953,TOMAHAWK REGIONAL AIRPORT- WI US,1354,2162,45.46917,270.19444
16734199999,CYCLADES ISLANDS- GR,1270,203,37.0833333,25.3666667
99435099999,WEST POINT WA- US,1376,1900,47.66,237.56
72038353847,WHITING FIELD NAS SOUTH- FL US,1206,2184,30.69729,272.97927
56152099999,SERTAR- CH,1222,803,32.2833333,100.3333333
72091600453,GREEN CANYON 338- LA US,1176,2156,27.63,269.55
47622099999,KARUIZAWA- JA,1263,1108,36.35,138.55
31004099999,ALDAN- RS,1486,1003,58.6166666,125.3666666
71190099999,POINTE DE L ISLET QUE- CA,1381,2322,48.1333333,290.3
02247099999,KRANGEDE- SW,1531,129,63.15,16.1666666
40435099999,AL DAWADAMI- SA,1169,353,26.9833333,44.1166666
11382099999,PUCHBERG- AU,1377,127,47.7833333,15.9
33347099999,BORYSPIL INTERNATIONAL- UP,1403,247,50.345,30.894722
71957599999,AKLAVIK- CA,1582,1800,68.223333,224.994167
56257099999,LITANG- CH,1199,802,30.0,100.2666666
72064600228,HALF MOON BAY AIRPORT- CA US,1275,1900,37.513,237.499
91408140309,KOROR- PW PS,973,1076,7.33674,134.47686
94757099999,CAMBELL TOWN MOUNT ANNAN- AS,559,1206,-34.0666666,150.7666666
72547294989,AMES MUNICIPAL AIRPORT- IA US,1319,2131,41.99045,266.38148
53863099999,JIEXIU- CH,1270,895,37.0333333,111.9166666
26405099999,VENTSPILS- LG,1473,172,57.35,21.533
86580099999,CARRASCO INTERNATIONAL- UY,551,2432,-34.838417,303.969194
78355099999,CAMAGUEY CAMAGUEY- CU,1113,2257,21.4,282.15
95678099999,MOUNT LOFTY- AS,550,1110,-34.9666666,138.7
06476599999,SAINT HUBERT- BE,1400,43,50.0333333,5.4
53845099999,YAN AN- CH,1265,876,36.6,109.5
82332099999,PONTA PELADA- BR,868,2400,-3.146042,300.0137
47401099999,WAKKANAI- JA,1354,1133,45.4166666,141.6833333
06477099999,DIEPENBEEK- BE,1409,44,50.9166666,5.45
71006099999,ALLIANCE AGCM- CA,1422,1986,52.3,248.2333334
71285099999,ABEE AGDM ALTA- CA,1442,1976,54.2833333,247.0333334
07650099999,PROVENCE- FR,1334,42,43.435555,5.213611
01415099999,SOLA- NO,1488,45,58.876667,5.637778
76904399999,TAPACHULA INTERNATIONAL- MX,1047,2141,14.794339,267.629975
07780099999,SUD CORSE- FR,1315,73,41.500557,9.097777
32010099999,OHA- RS,1434,1143,53.5,142.9
94852099999,BALLARAT AERODROME- AS,524,1150,-37.5166666,143.7833333
95662099999,MINNIPA DPI- AS,571,1081,-32.85,135.15
71470099999,LUPIN CS CS- CA,1557,1990,65.75,248.75
94174099999,HORN ISLAND- AS,794,1138,-10.5833333,142.2833333
12942099999,PECS SOUTH- HU,1359,146,45.990928,18.240983
99826899999,TENAKEE SPRINGS- AK US,1477,1798,57.7833333,224.7833334
24661099999,SEGEN KYUEL- RS,1539,1042,64.0,130.3
02755099999,YLIVIESKA AIRFIELD- FI,1540,198,64.05,24.7166666
59287099999,BAIYUN INTERNATIONAL- CH,1133,906,23.392436,113.298786
11653099999,SNEZKA- EZ,1407,126,50.7333333,15.7333333
17069099999,ADAPAZARI- TU,1307,243,40.7833333,30.4166666
43475099999,POTTUVIL- CE,968,655,6.8833333,81.8333333
03866099999,WIGHT ST. CATHERINES POINT- UK,1405,2870,50.5833333,358.7
72222693841,WHITING FIELD NAS- FL US,1207,2184,30.71667,272.98333
94300099999,CARNARVON AIRPORT- AS,651,909,-24.8877777,113.67
06799099999,NALUNS- SZ,1368,82,46.8166666,10.2666666
42479099999,LAL BAHADUR SHASTRI- IN,1154,663,25.45,82.8666666
94541099999,INVERELL RESEARCH CENTRE- AS,602,1209,-29.7833333,151.0833333
30879099999,NERCHINSKIJ ZAVOD- RS,1413,957,51.3166666,119.6166666
06260099999,DE BILT- NL,1420,41,52.1,5.1833333
99400799999,HONOLULU- HI US,1112,1617,21.3,202.13
72529014768,FREDERICK DOUGLASS GREATER ROCHESTER INTERNATIONAL AIRPORT- NY US,1331,2259,43.11723,282.32461
12120099999,LEBA- PL,1447,140,54.75,17.5333333
85223099999,JORGE WILSTERMAN- BL,725,2351,-17.421058,293.822886
07046099999,LE HAVRE OCTEVILLE- FR,1395,1,49.5333333,0.0833333
27066099999,NIKOL SK- RS,1495,364,59.5333333,45.4666666
65599099999,SASSANDRA DREWIN- IV,949,2831,4.95,353.9166667
17600099999,PAFOS INTERNATIONAL- CY,1247,260,34.718039,32.485731
68624099999,FRASERBURG- SF,580,172,-31.9166666,21.5166666
02505099999,MASESKAR- SW,1480,91,58.1,11.3333333
99735599999,VIRGINIA KEY- FL US,1157,2239,25.73,279.85
70026027502,BARROW AIRPORT- AK US,1612,1626,71.28703,203.26062
72508714752,HARTFORD BRAINARD AIRPORT- CT US,1317,2299,41.7352,287.34884999999997
60723099999,BEJA- TS,1267,73,36.7333333,9.1833333
72483893205,MARYSVILLE AIRPORT ASOS- CA US,1291,1907,39.10205,238.43116
08084099999,LOGRONO AGONCILLO- SP,1324,2861,42.45,357.6666667
72784524163,PASCO TRI CITIES AIRPORT- WA US,1362,1927,46.2695,240.88184
47830099999,MIYAZAKI- JA,1219,1051,31.9333333,131.4166666
70308025713,SAINT PAUL ISLAND AIRPORT- AK US,1471,1518,57.15505,189.77728
89799099999,NICO- AY,9,717,-89.0,89.6666666
42647099999,AHMEDABAD- IN,1130,581,23.077242,72.63465
43213099999,KURNOOL- IN,1057,625,15.8,78.0666666
13600099999,SHKODRA- AL,1320,156,42.1,19.5333333
60660099999,ARAK- AG,1152,30,25.2666666,3.7333333
34523099999,LUHANS K- UP,1385,314,48.5666666,39.25
94995099999,LORD HOWE ISLAND AERO- AS,584,1273,-31.54222,159.07861
06066099999,STAUNING- DA,1459,67,55.990122,8.353906
72232403071,MIDLAND AIRPARK- TX US,1220,2063,32.03639,257.89889
22641099999,ONEGA- RS,1538,305,63.9,38.1166666
99999903086,SPRINGFIELD 6 WSW- CO US,1273,2058,37.3813,257.2806
94366099999,BOWEN AIRPORT AWS- AS,699,1186,-20.02,148.21
01006099999,EDGEOYA- NO,1682,183,78.25,22.8166666
10321099999,DIEPHOLZ- GM,1425,67,52.585514,8.341014
47483099999,NAKASHIBETSU- JA,1335,1160,43.5775,144.96
95288099999,BOUGAINVILLE REEF- AS,744,1177,-15.5,147.1166666
74757093874,GULFPORT BILOXI AIRPORT- MS US,1204,2167,30.4121,270.91907000000003
14235099999,PUNTIJARKA- HR,1359,128,45.9166666,15.9666666
06702099999,LA DOLE- SZ,1364,49,46.4333333,6.1
48432099999,SURIN- TH,1048,828,14.8833333,103.5
72062900216,JACK BARSTOW AIRPORT- MI US,1336,2206,43.663,275.73900000000003
40689099999,BASRAH INTERNATIONAL- IZ,1205,381,30.549069,47.662142
72213263801,CONCORD REGIONAL AIRPORT- NC US,1253,2234,35.38963,279.29265
68994099999,MARION ISLAND- SF,431,303,-46.874973,37.8599463
72562594040,MCCOOK MUNICIPAL AIRPORT- NE US,1302,2075,40.204,259.40961
74465653891,FAIRFIELD MUNICIPAL AIRPORT- IL US,1283,2173,38.37861,271.5875
16614099999,ARISTOTELIS- GR,1304,170,40.446294,21.282186
99830599999,PORT EVERGLADES CHANNEL- FL US,1160,2239,26.092,279.891
48407699999,SUKHOTHAI- TH,1072,799,17.237992,99.818183
72205253933,ALVA REGIONAL AIRPORT- OK US,1267,2091,36.77306,261.33028
72656024025,PIERRE REGIONAL AIRPORT- SD US,1343,2078,44.38191,259.71359
95874099999,VIEWBANK ARPNSA- AS,522,1161,-37.7333333,145.1
68102099999,OUTJO- WA,698,129,-20.1136111,16.1536111
47515099999,HACHINOHE- JA,1305,1132,40.556447,141.466325
61293099999,KOUTIALA- ML,1023,2836,12.3833333,354.5333333
01344099999,MJOLFJELL- NO,1506,56,60.7,6.95
17045099999,ARTVIN- TU,1311,335,41.1833333,41.8166666
78488099999,DE LA ROMANA INTNAL- DR,1084,2329,18.45,291.08
71407099999,KUGAARUK CLIMATE- CA,1585,2162,68.5333333,270.2
17131099999,GUVERCINLIK- TU,1299,262,39.93495,32.740775
65229099999,BENIN CITY- NI,963,41,6.3166666,5.1
54026099999,JARUD QI- CH,1345,967,44.5666666,120.9
72292703177,CARLSBAD MCCLELLAN PALOMAR AIRPORT- CA US,1231,1942,33.12993,242.72349
72548604906,BOONE MUNICIPAL AIRPORT- IA US,1320,2129,42.04944,266.15250000000003
40831099999,ABADAN- IR,1203,386,30.371111,48.228333
12212099999,SWIDWIN- PL,1437,127,53.790639,15.82625
99779299999,FAIRPORT- MI US,1356,2187,45.6166666,273.35
99999904139,DENIO 52 WSW- NV US,1318,1923,41.8484,240.36430000000001
94285099999,LOW ISLES LIGHTHOUSE- AS,736,1165,-16.3833333,145.5666666
16682099999,ANDRAVIDA- GR,1279,170,37.920708,21.292583
07530099999,ROUMANIERE- FR,1348,4,44.825279,0.518611
03557399999,CRANFIELD- UK,1420,2875,52.072222,359.383333
28044099999,SEROV- RS,1495,484,59.6,60.5333333
47844099999,FUKUE- JA,1226,1031,32.666269,128.832808
02355099999,KUGGOREN- SW,1516,140,61.7,17.5333333
74331253925,DE QUEEN SEVIER CO AIRPORT- AR US,1240,2125,34.04799,265.59843
72015103049,ALPINE CASPARIS MUNICIPAL AIRPORT- TX US,1203,2051,30.38333,256.31667
99773599999,WAUKEGAN HARBOR- IL US,1323,2177,42.35,272.18
71843899999,SUFFIELD- CA,1402,1991,50.2666667,248.81666669999998
72425003860,HUNTINGTON TRI STATE AIRPORT- WV US,1283,2220,38.36531,277.4452
76692099999,HACIENDA YLANG YLANG VERACRUZ VER.- MX,1091,2111,19.15,263.88333339999997
07490099999,MEYTHET- FR,1359,49,45.929233,6.098764
14256099999,BILOGORA- HR,1358,138,45.8833333,17.2
06434099999,MELLE- BE,1409,31,50.9833333,3.8166666
01361099999,GROTLI III- NO,1520,61,62.0166666,7.6666666
87925099999,RIO GALLEGOS- AR,383,2325,-51.608875,290.687364
76687099999,JALAPA VER.- MX,1095,2105,19.55,263.0833334
72437503893,BLOOMINGTON MONROE CO AIRPORT- IN US,1291,2187,39.14317,273.38324
11016599999,WIENER NEUSTADT- AU,1378,130,47.85,16.25
72477003170,EUREKA AIRPORT- NV US,1296,1952,39.6013,243.99450000000002
71520099999,LAC BENOIT QUE- CA,1415,2311,51.5333333,288.88333339999997
52983099999,YU ZHONG- CH,1258,833,35.8666666,104.15
91958099999,RAPA- FP,623,1725,-27.6166666,215.6666667
02717099999,KITTILA POKKA- FI,1581,206,68.1666666,25.7666666
10632599999,EGELSBACH- GM,1399,69,49.960833,8.6415
47681099999,HAMAMATSU- JA,1247,1102,34.750239,137.703083
44275099999,BAYANBULAG- MG,1368,785,46.8333333,98.0833333
74641013975,GAGE AIRPORT- OK US,1262,2082,36.29659,260.23135
71127099999,EDMONTON STONY PLAIN CS- CA,1435,1967,53.55,245.883334
40676099999,NASIRIYA- IZ,1210,370,31.0166666,46.2333333
40780399999,SIRRI ISLAND- IR,1158,436,25.9,54.533
72226703878,TROY MUNICIPAL AIRPORT- AL US,1218,2192,31.85742,273.98975
38069099999,SHIELI- KZ,1341,534,44.1666666,66.75
78520300398,MERCEDITA AIRPORT- RQ,1079,2348,18.0,293.45
11148099999,ST. MICHAEL IM LUNGAU- AU,1370,109,47.1,13.65
11858099999,HURBANOVO- LO,1378,146,47.8666666,18.2
06689099999,HOERNLI- SZ,1373,72,47.3666666,8.95
72062399999,ELIZABETHTON MUNICIPAL- TN US,1263,2223,36.371222,277.826658
16754399999,KARPATHOS- GR,1254,217,35.421408,27.146008
02644099999,OLANDS SODRA UDDE- SW,1461,131,56.2,16.4
02595099999,ROMA- SW,1475,147,57.55,18.4333333
94752099999,BADGERY S CREEK AIRPORT- AS,561,1206,-33.9,150.7333333
02701099999,KILPISJARVI SAANA- FI,1590,167,69.05,20.85
02146099999,VAJMAT- SW,1564,157,66.5,19.6833333
96073099999,PINANG SORE- ID,915,791,1.555944,98.888908
31702099999,OBLUC E- RS,1389,1049,49.0,131.0833333
44229099999,TARIAT- MG,1380,796,48.0833333,99.55
40785099999,KASHAN- IR,1238,413,33.895333,51.577044
72547094908,DUBUQUE REGIONAL AIRPORT- IA US,1323,2154,42.39834,269.29087
71796099999,KESSLER AGCM- CA,1422,1991,52.2833333,248.9
06791099999,PIZ CORVATSCH- SZ,1364,79,46.4166666,9.8166666
71332099999,KUGLUKTUK CLIMO- CA,1578,1959,67.82,244.88
44347099999,TSOGT OVOO- MG,1344,843,44.4166666,105.3166666
72297553141,LOS ALAMITOS ARMY AIR FIELD- CA US,1237,1936,33.79,241.94806
96237099999,PANGKALPINANG- ID,878,849,-2.17,106.13
74740013973,JUNCTION KIMBLE CO AIRPORT- TX US,1205,2082,30.51048,260.23351
63333099999,COMBOLCHA DESSIE- ET,1010,318,11.0833333,39.7166667
04418099999,SUMMIT US- GL,1625,2572,72.5833333,321.5
02484099999,STOCKHOLM OBSERVATORIET- SW,1493,145,59.35,18.0666666
03059099999,INVERNESS- UK,1475,2848,57.5425,355.9525
96145099999,TAREMPA- ID,931,850,3.2,106.25
99408099999,FIVE FINGER AK- US,1472,1811,57.27,226.37
64810099999,MALABO- EK,937,70,3.755267,8.708717
10616299999,SIEGERLAND- GM,1407,65,50.707658,8.082969
72446803967,OLATHE JOHNSON CO EXECUTIVE AIRPORT- KS US,1288,2122,38.84997,265.26051
89872099999,FERRELL- AY,120,1367,-77.9,170.8166666
02924599999,SEINAJOKI- FI,1526,183,62.692119,22.832328
08511099999,ANGRA DO HEROISMO ACORES- PO,1286,2662,38.6666666,332.7833334
72252012907,LAREDO INTERNATIONAL AIRPORT- TX US,1175,2084,27.53333,260.53333
47581099999,HACHINOHE- JA,1305,1132,40.5333333,141.5166666
71196699999,POOLS ISLAND- CA,1391,2451,49.1166666,306.4166667
47570099999,WAKAMATSU- JA,1274,1119,37.4833333,139.9166666
68572099999,SHALEBURN- SF,601,235,-29.8,29.35
14446099999,BRAC- HR,1332,133,43.285719,16.679719
40782499999,YASOUJ- IR,1206,412,30.683,51.55
72016599999,WARNER SPRINGS GLIDERPORT- CA US,1242,1945,34.263619,243.14552500000002
95641099999,WITCHCLIFFE- AS,559,921,-34.0333333,115.1
43369099999,MINICOY- IN,982,585,8.3,73.15
72233699999,BOOTHVILLE- LA US,1193,2165,29.33,270.6
47634599999,CHUBU CENTRAIR INTERNATIONAL- JA,1248,1094,34.858414,136.805408
71314099999,BARRIE ORO- CA,1344,2244,44.48,280.45
99488099999,ANM ANNA MARIA FL- US,1175,2218,27.54,277.26
71755099999,MUSKRAT DAM A- CA,1434,2146,53.43,268.23
99999954851,COSHOCTON 8 NNE- OH US,1303,2226,40.3667,278.2171
82411099999,TABATINGA- BR,857,2321,-4.255669,290.064172
48379099999,PHETCHABUN- TH,1066,810,16.676028,101.195108
87436099999,SAN LUIS- AR,567,2349,-33.273192,293.643578
70305226652,KALSKAG AIRPORT- AK US,1515,1597,61.53639,199.65861
48008099999,MYITKYINA- BM,1153,779,25.3666666,97.4
94212099999,HALLS CREEK AIRPORT- AS,717,1021,-18.2333333,127.6666666
08430099999,MURCIA- SP,1279,2871,38.0,358.8333334
03334099999,MANCHESTER- UK,1433,2862,53.353744,357.72505
91246041606,WAKE ISLAND- UM WQ,1092,1333,19.28333,166.65
71260099999,SAULT STE MARIE- CA,1364,2204,46.485001,275.490555
17265099999,ADIYAMAN- TU,1277,306,37.75,38.2833333
15525599999,GRAF IGNATIEVO- BU,1322,198,42.29,24.73
72605504743,PORTSMOUTH PEASE AFB- NH US,1330,2313,43.08333,289.18333
11603099999,LIBEREC- EZ,1407,120,50.7666666,15.0166666
72495023254,CONCORD BUCHANAN FIELD- CA US,1279,1904,37.99165,237.94732
04373099999,IKERMIIT- GL,1547,2558,64.7833333,319.7
72692024230,REDMOND AIRPORT- OR US,1342,1911,44.2558,238.85930000000002
47587499999,SHONAI- JA,1288,1118,38.812222,139.787222
78324099999,PUNTA DEL ESTE ISLA DE LA JUVENTUD- CU,1115,2220,21.55,277.4666667
99769599999,JOHN MERCER PIER- NC US,1241,2257,34.2,282.17
72071700442,WEST DELTA 27A- MS US,1191,2164,29.11666,270.45
29802099999,MIKHAILOVKA- KZ,1438,612,53.8166666,76.5333333
71761099999,VILNA AGCM- CA,1441,1985,54.1333333,248.08333340000001
72351013966,WICHITA FALLS MUNICIPAL AIRPORT- TX US,1239,2092,33.97855,261.50702
62306099999,MERSA MATRUH- EG,1213,218,31.325356,27.221689
17282099999,BATMAN- TU,1279,329,37.928969,41.116583
62600099999,HALFA WADI- SU,1118,252,21.8166667,31.4833333
68298099999,LOMAHASHA- WZ,640,256,-25.9833333,31.9833333
99999921514,MAUNA LOA 5 NNE- HI US,1095,1635,19.5354,204.424
40025099999,BASSEL AL ASSAD INTERNATIONAL- SY,1254,288,35.401094,35.948681
83689099999,MAJOR BRIGADEIRO DOORGAL BORGES- BR,687,2530,-21.267167,316.238944
72539404839,HOLLAND TULIP CITY AIRPORT- MI US,1327,2191,42.74634,273.90323
72288023152,BURBANK GLENDALE PASADENA AIRPORT- CA US,1241,1933,34.19966,241.63457
48845099999,VINH- VM,1087,845,18.736725,105.670881
24959099999,JAKUTSK- RS,1520,1038,62.0166666,129.7166666
72512854739,UNIVERSITY PARK- PA US,1308,2257,40.85,282.15
72074500272,BOOMVANG SPAR OIL PLATFORM- US,1173,2123,27.35,265.367
02864099999,KEMI TORNIO- FI,1557,197,65.781889,24.5991
57265099999,LAOHEKOU- CH,1224,894,32.4333333,111.7333333
72747804934,HALLOCK MUNICIPAL AIRPORT- MN US,1387,2104,48.7525,263.05722000000003
72665494054,BUFFALO JOHNSON CO AIRPORT- WY US,1343,2026,44.38121,253.28050000000002
71230099999,BEAVERLODGE RCS ALTA- CA,1451,1925,55.2,240.6
60525099999,BISKRA- AG,1247,46,34.793289,5.738231
01425099999,EIK HOVE- NO,1485,52,58.5166666,6.5166666
72412003872,BECKLEY RALEIGH CO AIRPORT- WV US,1277,2231,37.78359,278.87717
72557014943,SIOUX CITY AIRPORT- IA US,1323,2109,42.39169,263.62052
40190099999,BEER SHEVA CITY- IS,1212,278,31.25,34.8
52533199999,ZHONGCHUAN- CH,1265,829,36.515231,103.620078
71734099999,ROUYN QUE- CA,1382,2248,48.2333333,280.9666667
97748099999,GESER- ID,861,1047,-3.8,130.8333333
80420099999,ANTONIO JOSE DE SUCRE- VE,1004,2367,10.450333,295.869528
84123099999,COTOPAXI INTERNATIONAL- EC,890,2251,-0.906833,281.38424399999997
41128099999,NEJRAN- SA,1076,355,17.611436,44.419169
43003099999,CHHATRAPATI SHIVAJI INTERNATIONAL- IN,1090,583,19.088686,72.867919
68926099999,RIVERSDALE- SF,559,170,-34.0833333,21.25
47663099999,OWASE- JA,1240,1090,34.0666666,136.2
43117099999,SHOLAPUR- IN,1076,607,17.627958,75.934842
03980099999,MALIN HEAD- EI,1453,2821,55.3666666,352.6666667
06034099999,SINDAL- DA,1475,82,57.503525,10.229372
72511814751,HARRISBURG CAPITAL CITY AIRPORT- PA US,1302,2265,40.21843,283.14479
99780199999,LONGVIEW- WA US,1360,1896,46.1,237.05
78720099999,TONCONTIN INTERNATIONAL- HO,1040,2182,14.060883,272.782803
72057999999,LAJITAS INTERNATIONAL AIRPORT- TX US,1192,2051,29.277956,256.312742
72521404849,ELYRIA LORAIN CO AIRPORT- OH US,1313,2223,41.34628,277.82115
72520514762,PITTSBURGH ALLEGHENY CO AIRPORT- PA US,1303,2241,40.3551,280.07855
41314099999,THUMRAIT- MU,1076,432,17.666,54.024612
01288099999,ROROS- NO,1525,91,62.5666666,11.3833333
72281703068,BULLSEYE AUXILIARY AIRFIELD USAFA- CO US,1287,2046,38.76667,255.7
12105199999,BABICE- PL,1422,167,52.268494,20.911047
01290099999,NAMSOS AIRPORT- NO,1544,93,64.4666667,11.5833333
99999954811,SHABBONA 5 NNE- IL US,1318,2169,41.843,271.1487
71907099999,INUKJUAK A UA- CA,1484,2255,58.4666666,281.9166667
72510404843,MEADVILLE PORT MEADVILLE AIRPORT- PA US,1316,2238,41.62584,279.78769
71867099999,THE PAS AIRPORT- CA,1439,2071,53.9666666,258.9
70333425519,EGEGIK AIRPORT- AK US,1481,1621,58.18528,202.61444
82017099999,OIAPOQUE- BR,938,2466,3.855486,308.203133
72374023194,WINSLOW AIRPORT- AZ US,1250,1994,35.02795,249.27794
03162099999,ESKDALEMUIR- UK,1453,2854,55.3166666,356.8
26416099999,SALDUS- LG,1466,180,56.6833333,22.5
65335099999,SAVE- BN,980,20,8.0333333,2.4666667
71267099999,LETHBRIDGE- CA,1396,1978,49.6333333,247.2
13481199999,PRISTINA- XK,1325,168,42.57,21.03
72218553838,GAINESVILLE LEE GILMER MEMORIAL AIRPORT- GA US,1242,2209,34.27209,276.16955
85041099999,HEROES DEL ACRE- BL,789,2330,-11.040436,291.217028
01209099999,ORSTA VOLDA HOVDEN- NO,1521,49,62.1833333,6.0666667
02366099999,SUNDSVALL HARNOSAND- SW,1525,140,62.528125,17.443928
23221599999,MAGNITOGORSK- RS,1433,470,53.393131,58.755661
02751099999,PORI TAHKOLUOTO HARBOUR- FI,1516,171,61.6333333,21.3833333
28799099999,CERLAK- RS,1441,598,54.1666666,74.8
95822099999,DARTMOOR- AS,520,1130,-37.9166666,141.2666666
72774024135,BUTTE BERT MOONEY AIRPORT- MT US,1359,1980,45.96436,247.49853000000002
40893099999,JASK- IR,1156,462,25.653556,57.79925
72086600292,MERCER CO REGIONAL AIRPORT- ND US,1372,2067,47.29,258.419
08532099999,SINTRA- PO,1288,2805,38.831053,350.660447
58847099999,FUZHOU- CH,1160,954,26.0833333,119.2833333
16033099999,DOBBIACO- IT,1367,98,46.7333333,12.2166667
96805099999,CILACAP- ID,822,872,-7.7333333,109.0166666
47812099999,SASEBO- JA,1231,1038,33.1666666,129.7333333
99726099999,9075014 HARBOR BEACH MI- US,1338,2219,43.85,277.36
60035099999,FUERTEVENTURA- SP,1184,2769,28.452717,346.136239
95629099999,DALWALLINU- AS,597,933,-30.2833333,116.6666666
01329099999,KVAMSOY- NO,1503,50,60.35,6.2666666
71890099999,NANAIMO- CA,1390,1889,49.052333,236.12983300000002
91212041415,GUAM INTERNATIONAL AIRPORT- GU GQ,1034,1158,13.48333,144.8
95305099999,ONSLOW AIRPORT- AS,683,921,-21.6666666,115.1166666
40782599999,ARDABIL- IR,1283,387,38.317,48.417
47425099999,NEW CHITOSE- JA,1327,1134,42.7752,141.692283
72274023160,TUCSON INTERNATIONAL AIRPORT- AZ US,1221,1992,32.13153,249.04362
40970599999,COP WILDERNESS- AF,1233,555,33.3666666,69.4166666
72309693727,NEW RIVER MCAF- NC US,1247,2260,34.70842,282.56034
01419099999,LIARVATN- NO,1490,49,59.05,6.1166666
94239099999,MCARTHUR RIVER MINE- AS,735,1089,-16.4333333,136.0666666
02513099999,GOTEBORG- SW,1477,96,57.7166666,12.0
24606099999,KISLOKAN- RS,1535,832,63.5833333,103.9666666
72681724154,MULLAN PASS VOR DME- ID US,1374,1955,47.4548,244.32891999999998
47068099999,RYONGYON- KN,1281,999,38.15,124.8833333
01470099999,GVARV- NO,1493,74,59.3833333,9.2
72208113730,FREDERICK MUNICIPAL AIRPORT- MD US,1294,2261,39.41667,282.61667
14640099999,LIVNO- BK,1338,136,43.8333333,17.0166667
72053900165,STEVENS FIELD AIRPORT- CO US,1272,2024,37.283,252.95
02958099999,LAPPEENRANTA- FI,1510,225,61.044553,28.144397
99999903072,BRONTE 11 NNE- TX US,1220,2078,32.0408,259.7505
40255099999,IRBID MET- JO,1225,287,32.55,35.85
02121099999,MIERKENIS- SW,1566,129,66.6833333,16.1166666
82808099999,TARAUACA- BR,818,2314,-8.155256,289.216731
76848099999,COMITAN CHIS.- MX,1062,2143,16.25,267.8666667
12469099999,SULEJOW- PL,1413,159,51.35,19.8666666
38927099999,TERMEZ- UZ,1272,538,37.286667,67.31
17155099999,KUTAHYA- TU,1294,240,39.4166666,29.9666666
71953099999,WATSON LAKE- CA,1501,1849,60.116389,231.1775
82567099999,CARAJAS- BR,838,2480,-6.117806,309.996528
38396099999,URGENCH- UZ,1315,485,41.5666666,60.6333333
82067099999,IAUARETE- BR,906,2327,0.6075,290.814163
23884099999,BOR- RS,1515,720,61.6,90.0166666
02767099999,HAMEENLINNA LAMMI PAPPILA- FI,1510,200,61.05,25.05
87311099999,SAN JUAN- AR,584,2333,-31.571472,291.58180600000003
61990099999,SIR SEEWOOSAGUR RAMGOOLAM INTERNATIONAL- MP,695,461,-20.430235,57.6836
72712014607,CARIBOU WEATHER FORECAST OFFICE- ME US,1368,2336,46.87049,291.98277
72512614736,ALTOONA BLAIR CO AIRPORT- PA US,1302,2253,40.29993,281.6832
01412099999,OBRESTAD- NO,1486,45,58.65,5.5666666
23734099999,OKTJABR SKOE- RS,1524,528,62.45,66.05
48381099999,KHON KAEN- TH,1064,822,16.466628,102.783661
72497393203,CHICO ARMY FLYING SCHOOL- CA US,1297,1905,39.8,238.15
48840099999,THANH HOA- VM,1097,846,19.75,105.7833333
72520804855,MARION MUNICIPAL AIRPORT- OH US,1306,2215,40.61576,276.93269
07641599999,VIAS- FR,1333,27,43.323522,3.353903
71050099999,PUNTZI MOUNTAIN AUT BC- CA,1420,1887,52.1,235.8666667
99816999999,DELAWARE RESERVE- DE US,1290,2277,39.0833333,284.5666667
68290599999,PILANESBERG INTERNATIONAL- SF,646,217,-25.333822,27.173358
21982099999,OSTROV VRANGELYA- RS,1609,1451,70.9833333,181.35
82111099999,EDUARDO GOMES INTERNATIONAL- BR,869,2400,-3.038611,299.950279
99423099999,FOLLY ISLAND SC- US,1226,2241,32.68,280.11
26702099999,KHRABROVO- RS,1448,165,54.89005,20.592633
72656404967,RED WING REGIONAL AIRPORT- MN US,1345,2140,44.58917,267.51528
72552614905,KEARNEY MUNICIPAL AIRPORT- NE US,1307,2088,40.73333,261.0
78073099999,NASSAU INTERNATIONAL- BF,1150,2260,25.038958,282.533769
71933099999,FORT ST JAMES AUTO- CA,1444,1886,54.45,235.71666670000002
63766099999,MAKINDU- KE,877,303,-2.2833333,37.8333333
04285099999,ANGISOQ- GL,1499,2518,59.9833333,314.8
40437099999,KING KHALED INTERNATIONAL- SA,1149,374,24.95764,46.698776
72767794041,GARRISON- ND US,1376,2068,47.646142,258.559416
12836099999,TATA- HU,1376,147,47.65,18.3166666
14106099999,NOVA GORICA- SI,1358,109,45.9,13.6333333
61233099999,NARA KEIBANE- ML,1051,2822,15.1666667,352.7166667
04013199999,ISAFJORDUR- IC,1560,2695,66.058056,336.86472200000003
72217353951,PAULS VALLEY MUNICIPAL AIRPORT- OK US,1247,2102,34.71083,262.77693999999997
06631099999,BERN ZOLLIKOFEN- SZ,1369,60,46.9833333,7.4666666
80447099999,SAN ANTONIO DEL TACHIRA- VE,978,2300,7.840831,287.560258
78535011630,ROOSEVELT ROADS- PR US,1082,2355,18.2552,294.3589
89571099999,DAVIS- AY,214,624,-68.5833333,77.9666666
37717099999,SEVAN OZERO- AM,1305,360,40.5666666,45.0
99773399999,PULASKI SHOAL LIGHT- FL US,1146,2218,24.68,277.23
94396099999,ROLLESTON AIRPORT- AS,655,1189,-24.4666666,148.6333333
04488099999,NASA SE- GL,1564,2540,66.4666666,317.5166667
07306099999,LES AJONCS- FR,1367,2869,46.701944,358.621375
70260696401,CHULITNA RIVER LODGE- AK US,1528,1681,62.82639,210.09333
53764099999,LISHI- CH,1274,889,37.5,111.1
07481099999,SAINT EXUPERY- FR,1357,41,45.726387,5.090833
02544099999,KARLSBORG- SW,1485,116,58.5166666,14.5166666
71571099999,SPIRIT RIVER AUTO STATION ALTA- CA,1456,1926,55.6833333,240.7666667
38334099999,AUL TURARA RYSKULOVA- KZ,1324,562,42.4833333,70.3
71725599999,ROUYN NORANDA- CA,1382,2249,48.206111,281.164444
11357099999,ST. WOLFGANG- AU,1377,108,47.7333333,13.45
71410099999,NORWAY HOUSE AIRPORT- CA,1439,2097,53.9666667,262.1666667
48921099999,BOUNNEUA- LA,1116,815,21.6333333,101.8833333
31174099999,BOL SHOJ SHANTAR- RS,1448,1100,54.8333333,137.5333333
02245099999,VILHELMINA- SW,1545,135,64.5833333,16.85
38847099999,DANGARA- TI,1280,555,38.1,69.3166666
07140099999,CHATEAUDUN- FR,1380,11,48.058142,1.376625
72462593005,DURANGO LA PLATA CO AIRPORT- CO US,1271,2018,37.1431,252.23977
03418599999,NOTTINGHAM EAST MIDLANDS- UK,1428,2869,52.831111,358.671944
03005099999,LERWICK- UK,1501,2871,60.1333333,358.8166667
48557099999,CHAWANG- TH,984,796,8.4333333,99.5166666
34163099999,OKTJABR SKIJ GORODOK- RS,1416,364,51.6333333,45.45
08589099999,PRAIA- CV,1049,2692,14.9333333,336.5166667
63451099999,HARAR MEDA MIL- ET,987,312,8.7333333,39.0
71774099999,MALAHAT BC- CA,1385,1892,48.5666666,236.4833334
80234099999,VANGUARDIA- CO,941,2291,4.167875,286.386239
72793494248,RENTON MUNICIPAL AIRPORT- WA US,1374,1902,47.49513,237.78557999999998
11380099999,REICHENAU RAX- AU,1376,127,47.7,15.8333333
71710099999,ILES DE LA MADELEINE QUE- CA,1374,2386,47.4166666,298.2333334
08501099999,FLORES- PO,1294,2631,39.455272,328.86863900000003
72292023191,AVALON CATALINA AIRPORT- CA US,1234,1933,33.40419,241.58544
94620099999,DWELLINGUP- AS,572,928,-32.7166666,116.05
99777999999,SHIP JOHN SHOAL- NJ US,1292,2277,39.3,284.63333339999997
72417013729,ELKINS RANDOLPH CO AIRPORT- WV US,1288,2241,38.8899,280.14456
99728799999,EASTPORT- ME US,1348,2344,44.9,293.02
63791099999,KILIMANJARO INTERNATIONAL- TZ,865,297,-3.429406,37.074461
74596603726,WILDWOOD CAPE MAY CO AIRPORT- NJ US,1290,2281,39.00833,285.09194
06639099999,NAPF- SZ,1369,63,47.0,7.9333333
99825199999,YABUCOA HARBOR- RQ,1080,2353,18.05,294.1666667
93709099999,HAAST AWS- NZ,461,1352,-43.8666666,169.0
72476793069,CORTEZ MONTEZUMA CO AIRPORT- CO US,1273,2011,37.30705,251.37354
40637999999,FOB COBRA- IZ,1242,361,34.233,45.15
72576394053,TORRINGTON MUNICIPAL AIRPORT- WY US,1320,2047,42.06131,255.84154
62465099999,KOSSEIR- EG,1161,274,26.1333333,34.25
72467494050,MEEKER AIRPORT- CO US,1300,2017,40.04437,252.11164
44302099999,BAYAN OVOO- MG,1377,897,47.7833333,112.1166666
26318099999,STENDE- LG,1471,180,57.1833333,22.55
72467793007,GUNNISON CO AIRPORT- CO US,1285,2025,38.53333,253.06667
47789599999,HIROSHIMANISHI- JA,1243,1059,34.366944,132.413889
35953099999,ZHOSALY- KZ,1354,513,45.5,64.0833333
99999903728,MCCLELLANVILLE 7 NE- SC US,1231,2245,33.1532,280.6363
72522904858,NEWARK HEATH AIRPORT- OH US,1300,2220,40.02635,277.53654
72648794896,MENOMINEE- MI US,1351,2179,45.11667,272.36667
07118099999,LANNION- FR,1387,2852,48.754378,356.528344
26038099999,TALLINN- EN,1494,199,59.413317,24.832844
71845099999,PICKLE LAKE A- CA,1414,2158,51.45,269.8
53898099999,ANYANG- CH,1260,913,36.05,114.1333333
40039099999,RAQQA- SY,1259,312,35.9333333,39.0166666
61976099999,SERGE FROLOW ILE TROMELIN- TE,741,436,-15.8833333,54.5166666
71988099999,BRIER ISLAND- CA,1342,2349,44.2833333,293.65
74505823277,WATSONVILLE MUNICIPAL AIRPORT- CA US,1269,1906,36.93936,238.20999
40739099999,SHAHRUD- IR,1264,440,36.4166666,54.95
07116099999,BATZ ISLAND- FR,1387,2848,48.75,355.9833333
68290499999,KRUGER MPUMALANGA INTERNATIONAL- SF,646,249,-25.383189,31.105603
43321099999,COIMBATORE- IN,1010,616,11.031133,77.044411
71731099999,NORTH BAY- CA,1363,2245,46.363611,280.577222
78467099999,SABANA DE LA MAR- DR,1090,2325,19.05,290.6166667
48479099999,HUAI PONG AGROMET- TH,1027,809,12.7333333,101.1333333
31527099999,ZAVITAJA- RS,1401,1036,50.1166666,129.4666666
48080099999,SANDOWAY- BM,1084,755,18.4666666,94.35
94914099999,COMBIENBAR- AS,526,1192,-37.3333333,149.0166666
06748099999,ZERMATT- SZ,1360,62,46.0333333,7.75
34122099999,CHERTOVITSKOYE- RS,1418,314,51.814211,39.229589
16531099999,OLBIA COSTA SMERALDA- IT,1308,76,40.898661,9.517628
47784099999,YAMAGUCHI- JA,1241,1052,34.1666666,131.4666666
64600099999,BERBERATI- CT,942,126,4.221583,15.786369
71167099999,EDSON- CA,1435,1948,53.5666666,243.55
95370099999,WILLIAMSON- AS,675,1201,-22.47,150.18
10426099999,PADERBORN LIPPSTADT- GM,1416,69,51.614089,8.616317
99800299999,JACQUES COUSTEAU RESERVE- NJ US,1295,2284,39.5333333,285.55
72417713734,MARTINSBURG EASTERN WEST VIRGINIA REGIONAL AIRPORT- WV US,1294,2256,39.40375,282.02499
87641099999,AZUL AERO- AR,531,2401,-36.8333333,300.1166667
40971099999,KHOST- AF,1233,560,33.35,69.95
72031853965,GRAHAM MUNICIPAL AIRPORT- TX US,1231,2092,33.11,261.44472
72031612984,ROBSTOWN NUECES CO AIRPORT- TX US,1177,2098,27.77861,262.30944
22954099999,VOZEGA- RS,1504,322,60.4666666,40.2
48357099999,NAKHON PHANOM- TH,1074,838,17.4166666,104.7833333
03316099999,CROSBY- UK,1434,2855,53.5,356.9333334
72027103044,BIG SPRING MCMAHON WRINKLE AIRPORT- TX US,1222,2068,32.2125,258.47861
11350099999,SALZBURG FREISAAL- AU,1377,104,47.7833333,13.05
17192099999,AKSARAY- TU,1283,272,38.3833333,34.05
47929099999,KUMEJIMA- JA,1163,1014,26.363506,126.713806
29282099999,BOGUCANY- RS,1483,780,58.3833333,97.45
85467099999,DESIERTO DE ATACMA- CI,627,2314,-27.25,289.23
58102099999,BOXIAN- CH,1237,926,33.7833333,115.7333333
34300099999,OSNOVA INTERNATIONAL- UP,1399,290,49.924786,36.289986
24967099999,TEGYULTYA- RS,1504,1040,60.4666666,130.0
57426099999,LIANGPING- CH,1206,862,30.6833333,107.8
72514654773,FULTON OSWEGO CO AIRPORT- NY US,1333,2269,43.35037,283.61684
02823099999,MUONIO ALAMUONIO- FI,1579,189,67.9666666,23.6833333
47809099999,IIZUKA- JA,1236,1046,33.65,130.7
17119099999,YALOVA- TU,1306,234,40.6666666,29.2833333
72214353975,LANCASTER AIRPORT- TX US,1225,2106,32.57917,263.28083
04270099999,NARSARSUAQ- GL,1511,2517,61.160517,314.574022
74693503709,ASHEBORO MUNICIPAL AIRPORT- NC US,1256,2241,35.65361,280.105
01416099999,STAVANGER VAALAND- NO,1489,46,58.95,5.7333333
87623099999,SANTA ROSA- AR,534,2366,-36.588322,295.724306
71360099999,EDGERTON AGCM- CA,1427,1997,52.7666666,249.58333340000001
12595099999,ZAMOSC- PL,1406,186,50.7,23.25
15661099999,ACHTOPOL- BU,1320,223,42.1,27.85
41443099999,RIYAN- YM,1046,395,14.662639,49.375028
74465853889,FLORA MUNICIPAL AIRPORT- IL US,1286,2172,38.66472,271.54722
51730099999,ALAR- CH,1304,648,40.5,81.05
99830199999,ESPERANZA- RQ,1080,2356,18.094,294.529
03414599999,COSFORD- UK,1426,2862,52.640028,357.694422
32027099999,POGIBI- RS,1422,1133,52.2166666,141.6333333
48407099999,UBON RATCHATHANI- TH,1052,839,15.251278,104.870231
72341613925,STUTTGART MUNICIPAL AIRPORT- AR US,1246,2147,34.60028,268.42556
37735299999,UYTASH- RS,1328,381,42.816822,47.652294
40703099999,KHOY- IR,1284,360,38.427453,44.973575
71568099999,FANNY ISLAND- CA,1404,1872,50.45,234.017
94143099999,BULMAN AWS- AS,763,1075,-13.6666666,134.3333333
36034099999,RUBCOVSK- RS,1415,650,51.5755556,81.2166666
40340099999,AQABA KING HUSSEIN INTERNATIONAL- JO,1196,280,29.611619,35.018067
47046099999,SINPO- KN,1300,1025,40.0333333,128.1833333
07628099999,MURET LHERM- FR,1334,10,43.45,1.25
72537804887,HOWELL LIVINGSTON CO AIRPORT- MI US,1326,2208,42.62944,276.01583
71430099999,POINT PETRE AUT ONT- CA,1338,2263,43.8333333,282.85
40080099999,DAMASCUS INTERNATIONAL- SY,1234,292,33.411522,36.515558
25954099999,KORF- RS,1513,1328,61.35,166.0
76855699999,PUERTO ESCONDIDO INTERNATIONAL- MX,1058,2103,15.876861,262.910883
94786099999,PORT MACQUARIE AIRPORT AWS- AS,585,1223,-31.4333333,152.85
71133099999,SPIRITWOOD WEST SASK- CA,1433,2020,53.3666666,252.45
02935099999,JYVASKYLA- FI,1523,205,62.399453,25.678253
54909099999,DINGTAO- CH,1250,924,35.0833333,115.5166666
99999903758,DURHAM 11 W- NC US,1259,2247,35.9705,280.9069
94864099999,MELBOURNE ESSENDON- AS,522,1159,-37.728056,144.901944
47898099999,SHIMIZU- JA,1227,1064,32.7166666,133.0166666
71094499999,REPULSE BAY- CA,1565,2190,66.521389,273.775278
70204026703,GAMBELL AIRPORT- AK US,1537,1506,63.76667,188.26722
72747014918,INTERNATIONAL FALLS INTERNATIONAL AIRPORT- MN US,1385,2133,48.55943,266.60446
07753099999,ILE ROUSSE- FR,1326,71,42.6333333,8.9166666
72562804935,HOLDREGE BREWSTER FIELD AIRPORT- NE US,1304,2085,40.45,260.66083000000003
23220599999,UKHTA- RS,1535,431,63.55,53.8166667
37432099999,PASANAURI- GG,1323,358,42.35,44.7
47666099999,IROZAKI- JA,1245,1111,34.6,138.85
96109099999,SULTAN SYARIF KASIM II- ID,904,812,0.461169,101.444642
16732099999,NAXOS- GR,1270,203,37.1,25.3666666
72235413927,JACKSON HAWKINS FIELD- MS US,1223,2158,32.33756,269.7786
48918099999,CON SON- VM,986,853,8.6833333,106.6
91948099999,MANGAREVA- FP,668,1800,-23.1333333,225.0333334
68842099999,PORT ELIZABETH INTERNATIONAL- SF,560,205,-33.984919,25.617275
95101099999,TRUSCOTT- AS,759,1011,-14.0833333,126.3833333
84782099999,CORONEL CARLOS CIRIANI SANTA ROSA INTERNATIONAL- PE,719,2318,-18.053333,289.72416699999997
71012099999,CADOGAN AGCM- CA,1423,1996,52.3333333,249.5
70174526480,CHANDALAR LAKE- AK US,1575,1692,67.5111,211.5075
16723099999,SAMOS- GR,1276,215,37.689999,26.911667
99999912987,EDINBURG 17 NNE- TX US,1165,2095,26.5258,261.9367
12345099999,KOLO- PL,1421,149,52.2,18.6666666
06011099999,TORSHAVN- DA,1520,2826,62.0166666,353.2333334
23987099999,JARCEVO- RS,1502,722,60.25,90.2333333
85934099999,CARLOS IBANEZ DEL CAMPO INTERNATIONAL- CI,369,2313,-53.002642,289.145414
99738799999,WAKE ISLAND- WQ,1092,1333,19.28,166.62
71151099999,KENORA RCS- CA,1397,2125,49.7833333,265.63333339999997
06257099999,WIJK AAN ZEE- NL,1424,37,52.5,4.6
01143099999,DRAG AJLUOKTA- NO,1580,129,68.05,16.0833333
99798899999,BIG BAY- MI US,1368,2178,46.8166666,272.2833334
29645099999,KEMEROVO CGMS- RS,1452,690,55.25,86.2166666
13459099999,NIKSIC- MJ,1327,152,42.7666666,18.95
99727399999,BORDEN FLATS LIGHT- MA US,1316,2311,41.7,288.83
32594099999,OZERNAJA- RS,1414,1252,51.4833333,156.4833333
30405099999,TANGUJ- RS,1453,808,55.3833333,101.0333333
01087899999,SNORRE A OIL PLATFORM- NO,1514,17,61.45,2.1333333
72030763804,HUNTSVILLE MADISON CO EXECUTIVE AIRPORT- AL US,1248,2188,34.86139,273.44277999999997
48806099999,SON LA- VM,1113,831,21.3333333,103.9
72510514770,SELINSGROVE PENN VALLEY AIRPORT- PA US,1308,2265,40.81929,283.13419
40375099999,TABUK- SA,1183,293,28.365417,36.618889
72012063837,HILTON HEAD ISLAND AIRPORT- SC US,1222,2234,32.21667,279.3
72225153958,RUSTON REGIONAL AIRPORT- LA US,1225,2139,32.51444,267.41167
31478099999,SOFIJSKIJ PRIISK- RS,1422,1072,52.2666666,133.9833333
30328099999,ORLINGA- RS,1460,847,56.05,105.8333333
72213863852,BAY ST LOUIS STENNIS INTERNATIONAL AIRPORT- MS US,1203,2164,30.36778,270.54528
94881099999,EILDON FIRE TOWER- AS,527,1167,-37.2166666,145.8333333
67002099999,PRINCE SAID IBRAHIM- CN,784,346,-11.533661,43.27185
71862099999,ESTEVAN A- CA,1392,2056,49.2166666,257.0333334
40947399999,CAMP AIRBORNE HLZ- AF,1243,551,34.4,68.8833333
91943099999,TAKAROA- FP,755,1720,-14.4833333,214.9666667
47782099999,NANKI SHIRAHAMA- JA,1236,1083,33.662222,135.364444
91186022534,MOLOKAI KAUNAKAKAI MOLOKAI AIRPORT- HI US,1111,1623,21.15448,202.90388
57866099999,LINGLING- CH,1162,893,26.2333333,111.6166666
22438099999,ZIZGIN- RS,1551,295,65.2,36.8166666
54236099999,ZHANGWU- CH,1324,980,42.4166666,122.5333333
60679099999,ASSEKREM- AG,1132,45,23.2666666,5.6333333
99466099999,POTATO POINT- AK US,1510,1706,61.06,213.3
72536614825,FINDLAY AIRPORT- OH US,1310,2211,41.01369,276.33186
68098099999,WALVIS BAY- WA,670,117,-22.979889,14.645331
48564099999,PHUKET- TH,978,787,7.8833333,98.4
78262399999,FRANK PAIS INTERNATIONAL- CU,1107,2269,20.785589,283.684892
47857099999,MIYAZAKI- JA,1218,1052,31.877222,131.448611
47137099999,SANGJU- KS,1264,1025,36.4166666,128.15
01450099999,MOSSTRAND II- NO,1498,65,59.8333333,8.1833333
99402699999,SOUTH BEACH- OR US,1346,1888,44.625,235.957
10000199999,NIEDERRHEIN- GM,1416,49,51.602414,6.142172
71215099999,OSOYOOS CS BC- CA,1390,1925,49.0333333,240.56666669999998
68396099999,MATSAPHA- WZ,634,250,-26.529022,31.307519
23205099999,NAR JAN MAR- RS,1576,424,67.6333333,53.0333333
47679043319,ATSUGI- JA,1254,1116,35.454611,139.450167
48434099999,CHOK CHAI- TH,1047,817,14.7166666,102.1666666
72515594761,ITHACA TOMPKINS CNTY- NY US,1324,2268,42.48333,283.53333
95833099999,KYABRAM INST SUSTAINABLE AG- AS,536,1161,-36.3333333,145.0666666
71056399999,DAWSON CREEK- CA,1457,1919,55.733,239.817
94767099999,SYDNEY INTERNATIONAL- AS,560,1209,-33.946111,151.177222
78239099999,CAYO COCO- CU,1125,2253,22.5333333,281.63333339999997
16685099999,KEFALLINIA- GR,1281,164,38.120069,20.500481
03903099999,ST ANGELO- UK,1443,2819,54.4,352.35
78721099999,PALMEROLA INTERNATIONAL- HO,1043,2179,14.3825,272.378889
63866099999,MOROGORO MET- TZ,831,301,-6.8333333,37.65
71011099999,BIG VALLEY AGCM- CA,1419,1978,51.9833333,247.2
71231099999,BOW ISLAND- CA,1397,1988,49.7333333,248.55
82562099999,MARABA- BR,846,2487,-5.368589,310.86197500000003
17074099999,KASTAMONU- TU,1313,270,41.314003,33.795919
02625099999,SKILLINGE- SW,1454,115,55.4833333,14.3166666
85469099999,MATAVERI INTERNATIONAL- CI,628,2005,-27.164792,250.578169
71351099999,OLIVER AGDM ALTA- CA,1436,1973,53.65,246.65
72312263889,GREENVILLE DONALDSON CENTER AIRPORT- SC US,1247,2221,34.75833,277.62361
42101099999,PATIALA- IN,1203,612,30.3333333,76.4666666
08560099999,VISEU- PO,1307,2817,40.7166666,352.1166667
71431099999,COBOURG AUT ONT- CA,1339,2255,43.95,281.8333334
71564099999,MORDEN CDA CS MAN- CA,1391,2095,49.1833333,261.9166667
57598099999,XIUSHUI- CH,1190,917,29.0333333,114.5833333
72644404963,PRAIRIE DU CHIEN MUNICIPAL AIRPORT- WI US,1330,2151,43.01917,268.87639
80440399999,JUAN PABLO PEREZ ALFONSO- VE,986,2307,8.6241,288.327181
56106099999,SOG XIAN- CH,1218,750,31.8833333,93.7833333
80419099999,GENERAL JOSE ANTONIO ANZOATEGUI INTERNATIONAL- VE,1001,2362,10.107139,295.310839
02476099999,FLODA- SW,1490,131,59.05,16.4
30455099999,UAKIT- RS,1454,909,55.4666666,113.6166666
72240612927,HOUMA TERREBONNE AIRPORT- LA US,1195,2155,29.56639,269.33972
98433099999,TANAY- RP,1045,971,14.5833333,121.3666666
99999994079,WHITMAN 5 ENE- NE US,1320,2068,42.068,258.555
99999993243,MERCED 23 WSW- CA US,1272,1913,37.2381,239.1175
74791800391,GEORGETOWN CO AIRPORT- SC US,1233,2245,33.317,280.683
95699099999,WHITE CLIFFS AWS- AS,591,1145,-30.85,143.07
60492099999,RELIZANE- AG,1257,5,35.75,0.6166666
94678099999,MOUNT CRAWFORD AWS- AS,552,1111,-34.7333333,138.9333333
72506454769,PLYMOUTH MUNICIPAL AIRPORT- MA US,1319,2314,41.90851,289.27215
63705099999,ENTEBBE INTERNATIONAL- UG,900,260,0.042386,32.443503
50353099999,HUMA- CH,1417,1013,51.7333333,126.6333333
02722099999,INARI SAARISELKA- FI,1584,219,68.4166666,27.4166666
03385199999,DONNA NOOK RAF- UK,1434,1,53.4749,0.1521
11927599999,SLIAC- LO,1386,153,48.637839,19.134108
42435099999,BARMER- IN,1157,571,25.75,71.3833333
99737299999,REEDY POINT- DE US,1298,2275,39.9,284.43
72213463822,VIDALIA MUNICIPAL AIRPORT- GA US,1221,2221,32.1925,277.62806
12825099999,PAPA- HU,1373,140,47.363972,17.50075
47643599999,SOMAGAHARA JGSDF HELIPAD- JA,1264,1112,36.4333333,138.95
47881099999,TOKUSHIMA- JA,1241,1077,34.132808,134.606639
71219099999,HOLLAND ROCK BC- CA,1441,1837,54.1666666,229.65
74758013978,GREENWOOD LEFLORE AIRPORT- MS US,1234,2159,33.49612,269.91053999999997
99730999999,SOLOMONS ISLAND- MD US,1283,2268,38.32,283.55
72698794204,CASCADE LOCKS- OR US,1356,1905,45.68333,238.11667
71792099999,HALKIRK AGCM- CA,1421,1983,52.1166666,247.83333340000001
02575099999,OLANDS NORRA UDDE- SW,1473,137,57.3666666,17.1
36639099999,URZHAR- KZ,1371,653,47.1166666,81.6166666
89507099999,KOHNEN EP9- AY,149,0,-75.0,0.0
71440099999,STANDARD AGCM- CA,1412,1976,51.2333333,247.0166667
99824799999,FAJARDO- RQ,1083,2355,18.3333333,294.3666667
94644099999,RED ROCKS POINT- AS,577,1020,-32.2,127.5333333
08160099999,ZARAGOZA AB- SP,1316,2872,41.666242,358.958447
24856099999,POKROVSK- RS,1514,1033,61.4833333,129.15
91356000493,KOSRAE INTERNATIONAL AIRPORT- FM FM,953,1304,5.3544,162.9533
12490099999,DEBLIN- PL,1415,175,51.551389,21.893611
26730099999,VILNIUS INTERNATIONAL- LH,1446,202,54.634133,25.285767
71057099999,MOSSLEIGH AGCM- CA,1406,1973,50.6666666,246.6666667
40272099999,QUEEN ALIA INTERNATIONAL- JO,1217,288,31.722556,35.993214
70200026617,NOME AIRPORT- AK US,1545,1556,64.51112,194.55998
72308493775,ASHLAND HANOVER CO MUNICIPAL AIRPORT- VA US,1277,2261,37.70926,282.56516
47631099999,TSURUGA- JA,1256,1089,35.65,136.0666666
48551099999,SURAT THANI- TH,991,793,9.132603,99.135586
72254013904,AUSTIN BERGSTROM INTERNATIONAL AIRPORT- TX US,1201,2099,30.18311,262.32011
48419099999,PATHUMTHANI- TH,1040,805,14.1,100.6166666
48947099999,SAVANNAKHET- LA,1065,838,16.556594,104.759531
76737099999,ORIZABA VER.- MX,1088,2103,18.85,262.9
40712699999,LAVAN ISLAND- IR,1168,427,26.810278,53.356111
38343099999,KULAN- KZ,1329,582,42.95,72.75
71115099999,VERNON AUTO- CA,1402,1927,50.2166666,240.81666669999998
03075099999,WICK- UK,1484,2855,58.458889,356.906944
02807599999,ENONTEKIO- FI,1583,187,68.362586,23.424322
56287099999,YA AN- CH,1199,824,29.9833333,103.0
02019099999,KATTERJAKK A- SW,1584,145,68.4166666,18.1666666
99428099999,NEWPORT OR- US,1346,1887,44.61,235.93
10755099999,ANSBACH AHP KATTERBACH GERMANY- GM,1393,85,49.308219,10.638717
72743604863,BELLAIRE ANTRIM CO AIRPORT- MI US,1349,2198,44.98639,274.79694
99999963867,CULLMAN 3 ENE- AL US,1241,2186,34.1954,273.2037
40877099999,KAHNUJ- IR,1179,462,27.9666666,57.7
54324099999,CHAOYANG- CH,1315,964,41.55,120.45
72475623159,BRYCE CANYON AIRPORT- UT US,1277,1983,37.70127,247.85102999999998
72408813707,DOVER AFB- DE US,1291,2276,39.13333,284.53333
02287099999,HOLMON- SW,1537,167,63.8,20.8666666
01488099999,HAKADAL- NO,1501,87,60.1166666,10.8333333
72741754825,ROGERS CITY PRESQUE ISLE CO AIRPORT- MI US,1354,2209,45.40722,276.18694
16153099999,CAPE MELE- IT,1339,65,43.95,8.1666667
72606014764,PORTLAND JETPORT- ME US,1336,2318,43.64244,289.69557
70262699999,PILOT POINT- AK US,1475,1619,57.58,202.42
76577099999,GUANAJUATO GTO.- MX,1109,2070,21.0,258.7166667
14382099999,GRADISTE- HR,1351,150,45.15,18.7
71638099999,SECHELT- CA,1394,1890,49.45,236.3
72013704867,MORRIS MUNICIPAL JR WASHBURN FIELD AIRPORT- IL US,1314,2173,41.42528,271.58139
72659014929,ABERDEEN REGIONAL AIRPORT- SD US,1354,2093,45.44358,261.58616
76405699999,LOS CABOS INTERNATIONAL- MX,1131,2002,23.15185,250.278956
78333099999,PLAYA GIRON MATANZAS- CU,1120,2232,22.0666666,278.9666667
47684099999,YOKKAICHI- JA,1249,1093,34.9333333,136.5833333
71687099999,WHISTLER NESTERS- CA,1401,1896,50.1333333,237.05
31328999999,IGNATYEVO- RS,1404,1019,50.425394,127.412478
76225099999,CHIHUAHUA CHIH.- MX,1186,2031,28.6333333,253.9166667
72030253963,CLARKSVILLE RED RIVER CO AIRPORT- TX US,1235,2119,33.59306,264.93639
76595099999,CANCUN INTERNATIONAL- MX,1110,2185,21.036528,273.12291700000003
17350033308,INCIRLIK- TU,1270,283,37.0021,35.425894
68494099999,MANDINI- SF,608,251,-29.15,31.4
99730299999,FRANCIS SCOTT KEY BR- MD US,1292,2268,39.22,283.48
74486094789,JFK INTERNATIONAL AIRPORT- NY US,1306,2290,40.63915,286.23609999999996
72056599999,HEBER CITY MUNICIPAL AIRPORT- UT US,1304,1989,40.4818056,248.571194
54493099999,KUANDIAN- CH,1307,998,40.7166666,124.7833333
94763099999,PENRITH- AS,562,1205,-33.7166666,150.6833333
07143099999,CHARTRES CHAMPOL- FR,1384,12,48.4666667,1.5166667
72767094014,WILLISTON SLOULIN FIELD- ND US,1381,2051,48.1738,256.3634
99730199999,FORT PALASKI- GA US,1220,2233,32.03,279.1
67005099999,DZAOUDZI PAMANDZI- MF,771,362,-12.804722,45.281113
61997099999,ALFRED FAURE ILES CROZET- FS,435,415,-46.4333333,51.85
13376099999,KRALJEVO- RI,1336,166,43.7,20.7
72217513860,WARNER ROBINS AFB- GA US,1226,2211,32.63333,276.4
26359099999,PUSKINSKIE GORY- RS,1470,231,57.0166666,28.9
72556604957,ONEILL MUNICIPAL AIRPORT- NE US,1324,2090,42.46972,261.31194
48450099999,KANCHANA BURI- TH,1040,796,14.0166666,99.5333333
72547704917,DENISON MUNICIPAL AIRPORT- IA US,1319,2117,41.98639,264.61944
72667624087,GLENDIVE DAWSON COMMUNITY AIRPORT- MT US,1371,2042,47.13333,255.2
72785694176,SPOKANE FELTS FIELD- WA US,1376,1941,47.68575,242.67858999999999
71919499999,KUGAARUK- CA,1585,2162,68.534444,270.19194400000003
72252612947,COTULLA LA SALLE CO AIRPORT- TX US,1184,2086,28.45854,260.77725
14454099999,MAKARSKA- HR,1332,136,43.2833333,17.0166666
85406099999,CHACALLUTA- CI,716,2317,-18.348514,289.66125
72458603919,SALINA MUNICIPAL AIRPORT- KS US,1287,2099,38.77996,262.35555999999997
40570099999,SALMY- KU,1190,373,29.1,46.6833333
71689099999,FORT MCMURRAY AIRPORT- CA,1466,1990,56.65,248.7833334
72062400211,MADISON MUNICIPAL AIRPORT- SD US,1340,2103,44.016,262.914
72085500283,CAVALIER MUNICIPAL AIRPORT- ND US,1387,2099,48.784,262.368
72773024153,MISSOULA INTERNATIONAL AIRPORT- MT US,1369,1967,46.92076,245.90624
71319099999,CHARLEVOIX MRX- CA,1372,2315,47.2833333,289.3666667
74207124201,GRAY ARMY AIR FIELD- WA US,1370,1899,47.08333,237.41667
71286099999,ANDREW AGDM ALTA- CA,1439,1982,53.9166666,247.7333334
71092099999,DEWAR LAKES- CA,1586,2311,68.65,288.83
71355099999,ALERT CLIMATE NU- CA,1724,2381,82.5,297.6666667
44217099999,TOLBO- MG,1384,722,48.4166667,90.3
06180099999,KASTRUP- DA,1456,101,55.617917,12.655972
56768099999,CHUXIONG- CH,1150,812,25.0166666,101.5166666
94874099999,MANGALORE AIRPORT- AS,531,1161,-36.8833333,145.1833333
47055099999,WONSAN- KN,1291,1019,39.1833333,127.4333333
44285099999,HUJIRT- MG,1368,822,46.9,102.7666666
71061099999,BARRHEAD CS- CA,1440,1964,54.1,245.55
71399099999,SEDALIA AGCM- CA,1415,1994,51.5833333,249.25
99999903061,CORTEZ 8 SE- CO US,1272,2012,37.2553,251.4965
72040699999,GNOSS FIELD AIRPORT- CA US,1281,1900,38.15,237.45
71946099999,FORT SIMPSON- CA,1517,1910,61.760277,238.763333
72614594705,MONTPELIER EDWARD F. KNAPP STATE AIRPORT- VT US,1342,2299,44.20503,287.43455
12225099999,NADARZYCE- PL,1434,132,53.45,16.5
40853099999,BAFT- IR,1192,453,29.2333333,56.5666666
43333099999,PORT BLAIR- IN,1016,742,11.6666666,92.7166666
28382099999,UST ISIM- RS,1476,569,57.6833333,71.1833333
40811099999,AHWAZ- IR,1213,390,31.337444,48.762138
80214099999,PERALES- CO,944,2279,4.421608,284.8667
71628099999,OTTAWA MACDONALD CARTIER INTERNATIONAL- CA,1353,2275,45.3225,284.330833
02798099999,VALTIMO KK- FI,1536,231,63.6666666,28.8333333
72492623258,MODESTO AIRPORT- CA US,1276,1912,37.62544,239.04507999999998
72044800144,STUART POWELL FIELD AIRPORT- KY US,1275,2202,37.578,275.23
99780299999,BIG SABLE POINT- MI US,1340,2188,44.05,273.4833334
71751099999,WELCOME ISLAND AUT- CA,1383,2167,48.3666666,270.88333339999997
08537099999,ALVERCA- PO,1288,2808,38.883278,350.969903
61489099999,ROSSO- MR,1064,2753,16.5,344.1833333
94895599999,AVALON- AS,519,1156,-38.039444,144.469444
78641099999,LA AURORA- GT,1045,2156,14.583272,269.472525
98435099999,ALABAT- RP,1040,976,14.1,122.0166666
58238099999,LUKOU- CH,1217,951,31.742042,118.862025
40737099999,GHARAKHIL- IR,1264,423,36.45,52.8166666
72251712932,ALICE INTERNATIONAL AIRPORT- TX US,1177,2096,27.74131,261.97493
70316525617,SAND POINT AIRPORT- AK US,1453,1596,55.31944,199.47917
74516023202,TRAVIS FIELD AFB- CA US,1282,1905,38.26667,238.06667
02963099999,JOKIOINEN- FI,1508,188,60.8166666,23.5
94268099999,KOWANYAMA AIRPORT- AS,745,1134,-15.4833333,141.75
02431099999,KLOTEN- SW,1498,122,59.8666666,15.25
26878099999,SLAVGOROD- BO,1434,248,53.45,31.0166666
68843099999,PORT ALFRED AIRPORT- SF,564,215,-33.5666666,26.8833333
61996099999,MARTIN DE VIVIES ILE AMSTERDAM- FS,522,620,-37.8,77.5333333
16036099999,AVIANO AB- IT,1360,101,46.031889,12.596472
71214099999,BODO AGDM ALTA- CA,1421,1999,52.1166666,249.9
50774099999,YICHUN- CH,1376,1031,47.7,128.8333333
80094099999,PALONEGRO- CO,971,2295,7.1265,286.815222
71501099999,HERSCHEL ISLAND YT- CA,1595,1769,69.5666666,221.0833334
72653094943,CHAMBERLAIN MUNICIPAL AIRPORT- SD US,1337,2085,43.76667,260.68167
71318099999,CORONATION CLIMATE ALTA- CA,1420,1989,52.0666666,248.56666669999998
40851099999,SIRJAN- IR,1194,446,29.4666666,55.7166666
74780903832,WINDER BARROW CO AIRPORT- GA US,1239,2211,33.98278,276.33194000000003
14438099999,SIBENIK- HR,1337,127,43.7333333,15.9166666
03111099999,MACHRIHANISH- UK,1454,2834,55.4333333,354.3
11774099999,HOLESOV- EZ,1393,141,49.3166667,17.5666667
12100099999,KOLOBRZEG- PL,1441,125,54.1833333,15.5833333
06016099999,HORNS REV A- FO,1454,63,55.5,7.8666666
74421494852,MARION MUNICIPAL AIRPORT- IN US,1304,2195,40.48333,274.31667
72745894919,GRAND RAPIDS ITASCA CO AIRPORT- MN US,1372,2132,47.21111,266.49028
72693024221,EUGENE MAHLON SWEET FIELD- OR US,1341,1894,44.13311,236.78437
02862099999,KEMI AJOS- FI,1556,196,65.6666666,24.5166666
87467099999,MARCOS JUAREZ- AR,573,2383,-32.683639,297.842208
76577399999,GUANAJUATO INTERNATIONAL- MX,1109,2068,20.9833333,258.5166667
94908099999,OMEO- AS,528,1181,-37.1,147.6
06136099999,TYSTOFTE- DA,1452,91,55.25,11.3333333
72654404958,ORR REGIONAL AIRPORT- MN US,1380,2137,48.01583,267.14417000000003
94589099999,YAMBA PILOT STATION- AS,605,1227,-29.4333333,153.3666666
27242099999,BUJ- RS,1484,332,58.4833333,41.5333333
30433099999,NIZHNEANGARSK- RS,1457,876,55.7833333,109.55
01092099999,MAKKAUR FYR- NO,1606,241,70.7,30.0833333
94702099999,HAY AIRPORT AWS- AS,554,1159,-34.5333333,144.8333333
71588099999,BERRY HILL- CA,1396,2417,49.616667,302.083333
72264803031,ODESSA SCHLEMEYER FIELD- TX US,1219,2061,31.925,257.61257
94614099999,SWANBOURNE- AS,580,926,-31.95,115.7666666
07647099999,LE TUBE- FR,1335,39,43.522736,4.923844
72434013994,ST LOUIS LAMBERT INTERNATIONAL AIRPORT- MO US,1287,2157,38.75246,269.62658
72456013996,TOPEKA ASOS- KS US,1290,2115,39.07246,264.37398
28064099999,LEUSI- RS,1496,526,59.6166666,65.7166666
02181099999,OVERKALIX SVARTBYN- SW,1562,183,66.2666666,22.85
99726499999,9052030 OSWEGO NY- US,1334,2268,43.46,283.49
72450213932,WINFIELD STROTHER FIELD AIRPORT- KS US,1271,2104,37.16493,262.96504
47092099999,YANGYANG INTERNATIONAL- KS,1280,1029,38.061311,128.669164
83587099999,TANCREDO NEVES INTERNATIONAL- BR,703,2528,-19.63375,316.031144
70277026438,SEWARD AIRPORT- AK US,1501,1685,60.12927,210.58151
99730499999,LEWISETTA VA- VA US,1279,2268,37.98,283.53
94511099999,INJUNE POST OFFICE- AS,641,1189,-25.85,148.5666666
07100099999,OUESSANT- FR,1384,2840,48.4833333,354.95
38141299999,TURKMENBASHI- TX,1300,424,40.063333,53.007222
33036099999,MOZYR- BO,1420,233,52.0363889,29.1666666
78950099999,CANOUAN- VC,1026,2389,12.699042,298.657569
71329099999,BEDFORD BASIN- CA,1346,2371,44.7,296.3666667
47769099999,HIMEJI- JA,1248,1077,34.8333333,134.6666666
63932099999,MBEYA- TZ,810,268,-8.9333333,33.4666667
01023199999,DRAUGEN- NO,1543,62,64.35,7.8
82091099999,MONTE DOURADO- BR,891,2459,-0.889839,307.39775
96449099999,MIRI- MY,943,912,4.322014,113.986806
40703699999,LAMERD- IR,1173,426,27.372744,53.188794
94100099999,KALUMBURU- AS,756,1013,-14.3,126.6333333
72364703034,ALBUQUERQUE DOUBLE EAGLE II AIRPORT- NM US,1251,2026,35.145,253.20499999999998
72242012923,GALVESTON SCHOLES FIELD- TX US,1192,2121,29.27036,265.13579
72028203736,KILL DEVIL HILLS FIRST FLIGHT AIRPORT- NC US,1260,2275,36.01833,284.32861
72688304113,HERMISTON MUNICIPAL AIRPORT- OR US,1358,1926,45.8259,240.73879
99999903079,SAGUACHE 2 WNW- CO US,1280,2031,38.0989,253.82909999999998
71834099999,GERALDTON GREENSTONE REGIONAL- CA,1397,2184,49.778332,273.060555
10156099999,LUBECK BLANKENSEE- GM,1438,86,53.805367,10.719222
72551214989,YORK- NE US,1308,2099,40.89417,262.37417
35357099999,BARSHINO- KZ,1396,556,49.6833333,69.5166666
68104199999,MARIENTAL- WA,653,143,-24.605447,17.925419
72340953869,BLYTHEVILLE MUNICIPAL AIRPORT- AR US,1259,2161,35.93778,270.16682000000003
48429099999,SUVARNABHUMI INTER AIRPORT- TH,1036,806,13.6833333,100.7666666
68752099999,BHISHO- SF,571,218,-32.89715,27.279111
38618099999,FERGANA AIRPORT- UZ,1303,574,40.3666666,71.75
72644904891,MERRILL MUNICIPAL AIRPORT- WI US,1351,2162,45.19917,270.28861
95836099999,TATURA INST SUSTAINABLE AG- AS,535,1162,-36.4333333,145.2666666
72392793110,OXNARD VENTURA CO AIRPORT- CA US,1242,1926,34.20012,240.79583
33663099999,MOHYLIV PODIL S KYI- UP,1384,222,48.45,27.7833333
48460099999,KO SICHANG- TH,1031,806,13.1666666,100.8
96033099999,MEDAN BELAWAN- ID,937,790,3.8,98.7
43105099999,KALINGAPATAM- IN,1083,673,18.3333333,84.1333333
72643694930,VOLK FIELD ANG- WI US,1339,2158,43.93333,269.73333
11055099999,SCHAERDING- AU,1384,107,48.4666666,13.4333333
47171099999,JEONGEUP- KS,1255,1015,35.55,126.8666666
76548099999,TAMPICO TAMPS- MX,1121,2097,22.2,262.15
72214404945,MAPLE LAKE MUNICIPAL AIRPORT- MN US,1352,2128,45.23583,266.01444
28138099999,BISER- RS,1485,471,58.5166666,58.85
70305025623,CAPE NEWENHAM AFS- AK US,1486,1583,58.65,197.93333
08521099999,FUNCHAL S.CATARINA- PO,1226,2746,32.6833333,343.2333334
93929099999,ENDERBY ISLAND AWS- NZ,395,1330,-50.4833333,166.3
99999954854,GAYLORD 9 SSW- MI US,1349,2202,44.908,275.2797
02661099999,KOSTA ORREFORS- SW,1468,124,56.8333333,15.4666666
83708099999,GUARATINGUETA- BR,672,2518,-22.791608,314.795222
72655804914,CLOQUET CARLTON CO AIRPORT- MN US,1367,2140,46.7025,267.49583
06431099999,GENT INDUSTRIE ZONE- BE,1411,30,51.1833333,3.8
57494199999,SANYA PHOENIX INTERNATIONAL- CH,1083,875,18.302892,109.412269
74466199999,EFFINGHAM CO MEM- IL US,1290,2172,39.07045,271.466481
04145099999,BLONDUOS- IC,1556,2718,65.6666666,339.7
35746099999,ARALSK- KZ,1367,493,46.7833333,61.6666667
71032099999,PRINCETON CS BC- CA,1394,1916,49.4666666,239.5
96595099999,MUARATEWE BERINGIN- ID,890,919,-0.95,114.9
43233099999,CHITRADURGA- IN,1042,611,14.2333333,76.4333333
72086900295,JESSE VIERTEL MEMORIAL AIRPORT- MO US,1289,2139,38.947,267.317
06270099999,LEEUWARDEN- NL,1432,46,53.228611,5.760556
70454025704,ADAK AIRPORT- AK US,1418,1467,51.88333,183.35
38141099999,JASLYK- UZ,1338,463,43.8833333,57.8833333
72213653883,BRUNSWICK GLYNCO JETPORT AIRPORT- GA US,1212,2228,31.25889,278.53389
72569024089,CASPER NATRONA CO AIRPORT- WY US,1328,2028,42.89778,253.52639
72323513896,MUSCLE SHOALS AIRPORT- AL US,1247,2179,34.74388,272.40029
72698694261,PORTLAND HILLSBORO AIRPORT- OR US,1355,1896,45.54762,237.04428000000001
89866099999,MARBLE POINT- AY,125,1310,-77.4333333,163.75
60748099999,SIDI BOUZID- TS,1249,76,35.0,9.4833333
02036099999,NIKKALUOKTA- SW,1578,152,67.85,19.0333333
40904099999,FAIZABAD- AF,1271,564,37.1166667,70.5166667
12312099999,BABIMOST- PL,1421,126,52.138517,15.798556
03382099999,LECONFIELD- UK,1438,2877,53.8666666,359.5666667
59102099999,XUNWU- CH,1149,925,24.95,115.65
11120099999,INNSBRUCK- AU,1372,91,47.260219,11.343964
70274526560,WILLOW WEST- AK US,1517,1680,61.748,209.9459
72039300129,HEREFORD MUNICIPAL AIRPORT- TX US,1248,2061,34.85,257.66700000000003
12330099999,LAWICA- PL,1424,135,52.421031,16.826325
04146099999,VESTMANNAEYJABAER- IC,1534,2718,63.4333333,339.7166667
72430314813,AKRON FULTON INTERNATIONAL AIRPORT- OH US,1310,2228,41.03732,278.53659
85672099999,GENERAL BERNARDO O HIGGINS- CI,534,2304,-36.582497,287.968633
71797099999,KITSCOPTY AGCM- CA,1433,1997,53.35,249.58333340000001
27595099999,KAZAN- RS,1456,394,55.606186,49.278728
03534099999,BIRMINGHAM- UK,1424,2866,52.453856,358.251972
26218099999,SORVE- EN,1479,176,57.9166666,22.05
87418099999,EL PLUMERILLO- AR,571,2330,-32.831717,291.20714399999997
42933099999,AKOLA- IN,1106,616,20.7,77.0333333
34391099999,ALEKSANDROV GAJ- RS,1401,388,50.15,48.55
65518099999,PO- UV,1011,2871,11.15,358.85
07181099999,OCHEY- FR,1385,48,48.583056,5.955
94210099999,ADELE ISLAND- AS,744,985,-15.5166666,123.15
70255026514,SKWENTNA- AK US,1519,1670,61.9772,208.7831
31152099999,NEL KAN- RS,1476,1089,57.65,136.15
47121099999,YEONGWOL- KS,1271,1028,37.1833333,128.4666666
37472099999,MAHACHKALA- RS,1329,380,43.0,47.5
80440099999,BARINAS- VE,986,2318,8.619575,289.779175
17072099999,DUZCE- TU,1308,249,40.8333333,31.1666666
48435099999,PAKCHONG AGROMET- TH,1046,811,14.6333333,101.3166666
47793099999,OKAYAMA- JA,1247,1071,34.756944,133.855278
91218041414,GUAM MARSHALL ISLAND- GU GQ,1035,1159,13.58333,144.91667
08284099999,VALENCIA- SP,1294,2876,39.489314,359.518375
71609099999,SAINT JOHN- CA,1353,2353,45.3166666,294.1166667
07754099999,SAINT CATHERINE- FR,1325,70,42.530753,8.793189
72502964707,OXFORD WATERBURY- CT US,1314,2295,41.48333,286.86667
62440099999,ISMAILIA- EG,1205,258,30.6,32.25
72224963887,MIDDLETOWN HOOK FIELD MUNICIPAL AIRPORT- OH US,1295,2205,39.53111,275.60472
61497099999,NEMA- MR,1066,2821,16.622,352.683433
72642754908,SUPERIOR RICHARD I BONG AIRPORT- WI US,1366,2143,46.68944,267.90556
98851041231,CUBI POINT NF- RP,1047,962,14.8,120.26667
32583099999,PETROPAVLOVSK KAMCHATSKIJ- RS,1428,1269,52.8666666,158.65
74490714753,BLUE HILL LCD- MA US,1322,2311,42.2123,288.8863
72545604921,KEOKUK MUNICIPAL AIRPORT- IA US,1304,2149,40.45972,268.57167
85153099999,SAN IGNACIO DE MOXO- BL,750,2355,-14.9666667,294.3666667
41431099999,HODEIDAH- YM,1047,344,14.753,42.976336
71753099999,UPPER STEWIACKE RCS- CA,1352,2376,45.23,296.95
71159099999,STEPHENVILLE RCS- CA,1385,2411,48.5666666,301.4333334
11464099999,MILESOVKA- EZ,1405,111,50.55,13.9333333
80434099999,VALLE DE LA PASCUA- VE,992,2352,9.222028,294.006417
29766099999,IDRINSKOE- RS,1443,737,54.3666666,92.1333333
15170099999,MIERCUREA CIUC- RO,1363,206,46.3666666,25.7333333
16420099999,MESSINA- IT,1281,124,38.2,15.55
71703099999,ST LEONARD- CA,1371,2337,47.15,292.1666667
40635699999,ERBIL INTERNATIONAL- IZ,1262,352,36.2333333,43.9666666
17355099999,OSMANIYE- TU,1270,290,37.1,36.25
97780099999,ENAROTALI- ID,860,1091,-3.9166667,136.3666667
03955099999,CORK- EI,1418,2812,51.841269,351.508889
99828299999,FRESH WATER CANAL LOCKS- LA US,1195,2142,29.55,267.7
38141899999,SHAHRISABZ- UZ,1290,534,39.033,66.783
71168099999,SIOUX FALLS CLIMATE- SD US,1337,2107,43.7333333,263.3666667
38880099999,ASHGABAT- TX,1279,467,37.986814,58.360967
14023099999,CELJE- SI,1362,122,46.2333333,15.2333333
14307099999,PULA- HR,1348,111,44.893533,13.922192
11423499999,LIBEREC- EZ,1407,120,50.7666667,15.0166667
72244753903,HUNTSVILLE MUNICIPAL AIRPORT- TX US,1207,2115,30.74432,264.41343
76683099999,TLAXCALA TLAX.- MX,1093,2094,19.3166666,261.75
72343653922,FAYETTEVILLE SPRINGDALE NW AR REGL AIRPORT- AR US,1262,2126,36.28975,265.68848
76662099999,ZAMORA MICH.- MX,1099,2061,19.9833333,257.6833334
13461099999,BAR- MJ,1320,153,42.1,19.1
72254753942,GEORGETOWN MUNICIPAL AIRPORT- TX US,1206,2099,30.67917,262.32056
72394023273,SANTA MARIA PUBLIC AIRPORT- CA US,1248,1916,34.89403,239.54784
72225013829,FORT BENNING LAWSON FIELD- GA US,1223,2200,32.337322,275.008717
72058900185,SHAWANO MUNICIPAL AIRPORT- WI US,1347,2172,44.783,271.45
15000299999,BORCEA FETESTI AIR BASE- RO,1343,222,44.3833333,27.7166666
02103099999,HEMAVAN GIEREVARTO- SW,1557,121,65.7833333,15.0666666
95825099999,CASTERTON- AS,524,1131,-37.5833333,141.3333333
11040099999,WIEN UNTERLAA- AU,1381,131,48.1333333,16.4166666
71800099999,CAPE RACE AUT NFLD- CA,1366,2455,46.65,306.9333334
99401299999,CRESCENT CITY- CA US,1317,1887,41.745,235.817
72456513920,TOPEKA FORBES FIELD- KS US,1289,2115,38.94144,264.34875
72566594073,KIMBALL MUNICIPAL AIRPORT ROBERT E ARRAJ FIELD- NE US,1311,2051,41.18944,256.32917
06673099999,WAEDENSWIL- SZ,1372,69,47.2166666,8.6833333
10149099999,HAMBURG FINKENWERDER- GM,1435,79,53.535886,9.837025
94580099999,GOLD COAST SEAWAY- AS,620,1227,-27.9333333,153.4333333
52652099999,ZHANGYE- CH,1290,802,39.0833333,100.2833333
54843099999,WEIFANG- CH,1267,953,36.7666666,119.1833333
47111099999,SEOUL AB- KS,1274,1017,37.445833,127.113889
A0000253928,BRENHAM MUNICIPAL AIRPORT- TX US,1202,2109,30.21889,263.62583
28867099999,SARYKOL- KZ,1433,524,53.3166666,65.55
48569099999,HAT YAI INTERNATIONAL- TH,969,803,6.933206,100.392975
11693099999,DUKOVANY- EZ,1390,129,49.1,16.1333333
11710099999,LUKA- EZ,1396,136,49.65,16.95
11414099999,KARLOVY VARY- EZ,1402,103,50.202978,12.914983
58944099999,PINGTAN- CH,1155,958,25.5166666,119.7833333
40310099999,MA AN- JO,1201,286,30.1666666,35.7833333
61988099999,PLAINE CORAIL- MP,702,507,-19.757658,63.360983
72218304972,SIREN BURNETT CO AIRPORT- WI US,1358,2141,45.8225,267.6275
22550099999,TALAGI- RS,1546,326,64.600281,40.716667
72327013897,NASHVILLE INTERNATIONAL AIRPORT- TN US,1261,2186,36.11054,273.31185
65545099999,BONDOUKOU SOKO- IV,980,2858,8.05,357.2166667
72446003947,KANSAS CITY INTERNATIONAL AIRPORT- MO US,1292,2122,39.29747,265.26913
02844099999,PELLO CENTRE- FI,1567,192,66.7666666,23.9666666
16560099999,ELMAS- IT,1292,72,39.251469,9.054283
57853099999,WUGANG- CH,1167,885,26.7333333,110.6333333
71724099999,TROIS RIVIERES QUE- CA,1363,2300,46.35,287.5
02753099999,KANKAANPAA NIINISALO AIRFIELD- FI,1518,180,61.8333333,22.4666666
60715099999,CARTHAGE- TS,1268,82,36.851033,10.227217
03392099999,WAINFLEET AUT- UK,1430,2,53.0833333,0.2666667
72636014840,MUSKEGON CO AIRPORT- MI US,1331,2190,43.17111,273.76315
13262099999,LOZNICA- RI,1345,154,44.55,19.2333333
45044099999,CHEUNG CHAU- CH,1121,912,22.2,114.0166666
72783424136,COEUR D ALENE AIR TERMINAL- ID US,1377,1945,47.76667,243.18333
A0002453848,CHOCTAW NAVAL OUTLYING FIELD MILTON- FL US,1205,2184,30.51195,273.04594
17085099999,AMASYA- TU,1306,287,40.65,35.85
44284099999,GALUUT- MG,1366,801,46.7,100.1333333
17188099999,USAK- TU,1286,235,38.6833333,29.4
16148099999,CERVIA- IT,1342,98,44.224175,12.307203
03908099999,BALLYKELLY- UK,1450,2824,55.0666666,352.9833334
71343099999,WRENTHAM AGDM ALTA- CA,1394,1983,49.5,247.8833334
23242099999,NOVYJ PORT- RS,1576,583,67.6833333,72.8833333
12310099999,SLUBICE- PL,1423,117,52.35,14.6
16624099999,MEGAS ALEXANDROS INTERNATIONAL- GR,1309,197,40.913306,24.619223
57584099999,YUEYANG- CH,1193,905,29.3833333,113.0833333
78333499999,VILO ACUNA INTERNATIONAL- CU,1116,2228,21.616453,278.454011
16243099999,LATINA- IT,1315,103,41.542436,12.909019
99834199999,PORT ALEXANDER- AK US,1462,1803,56.247,225.353
78647099999,SAN JOSE- GT,1039,2153,13.936192,269.164167
38457099999,YUZHNY- UZ,1312,554,41.257861,69.281186
72058399999,LAKE ELMO- MN US,1349,2137,44.99749,267.144319
71449099999,SPRAGUE- CA,1390,2115,49.0166666,264.4
71706399999,SUMMERSIDE- CA,1364,2369,46.440556,296.166389
10343099999,CELLE- GM,1425,80,52.5912,10.022133
72236192808,NEW SMYRNA BEACH MUNICIPAL AIRPORT- FL US,1190,2232,29.05417,279.05167
47146099999,JEONJU- KS,1258,1017,35.8333333,127.1166666
10439099999,FRITZLAR- GM,1411,74,51.1145,9.285833
47031099999,CHANGJIN- KN,1303,1018,40.3666666,127.25
72230053864,ALABASTER SHELBY CO AIRPORT ASOS- AL US,1231,2186,33.17835,273.21822
15480099999,CONSTANTA- RO,1342,229,44.2166666,28.65
17165099999,TUNCELI- TU,1291,316,39.1166666,39.55
06657099999,GISWIL- SZ,1368,66,46.85,8.2
03716099999,ST ATHAN- UK,1414,2853,51.404811,356.56425
12860599999,BALATON- HU,1366,137,46.686389,17.159056
72409514792,TRENTON MERCER AIRPORT- NJ US,1302,2281,40.27681,285.18413
47110099999,GIMPO- KS,1275,1014,37.558311,126.790586
71363099999,GJOA HAVEN CLIMATE NU- CA,1586,2113,68.6333333,264.15
72314303720,MOORE CO AIRPORT- NC US,1252,2245,35.23722,280.60889
94837099999,WARRNAMBOOL AIRPORT NDB- AS,517,1140,-38.2833333,142.45
A0000453929,ARDMORE DOWNTOWN AIRPORT- OK US,1241,2103,34.14694,262.8775
72214504884,HARBOR SPRINGS AIRPORT- MI US,1354,2201,45.42556,275.08667
80407099999,LA CHINITA INTERNATIONAL- VE,1005,2306,10.558208,288.272144
44207099999,HATGAL- MG,1404,801,50.4333333,100.15
03275099999,LOFTUS- UK,1445,2873,54.5666666,359.1333334
76394099999,DEL NORTE INTERNATIONAL- MX,1158,2078,25.865572,259.762761
16260099999,GINA LISA- IT,1314,124,41.4333333,15.5333333
38403199999,NUKUS KARAKALPAKSTAN- UZ,1324,477,42.4833333,59.6333333
71896099999,PRINCE GEORGE- CA,1438,1899,53.889444,237.321111
40875099999,BANDAR ABBASS INTERNATIONAL- IR,1172,451,27.218169,56.377875
43201099999,GADAG- IN,1054,605,15.4166666,75.6333333
70271799999,SELAWIK- AK US,1566,1600,66.600139,200.01425
99729099999,BRIDGEPORT- CT US,1311,2295,41.17,286.82
03784099999,GRAVESEND BROADNESS- UK,1414,2,51.4666666,0.3
06432099999,CHIEVRES AB- BE,1405,31,50.575833,3.831
71827099999,LA GRANDE RIVIERE- CA,1436,2258,53.625278,282.295833
93597099999,CAPE CAMPBELL AWS- NZ,482,1394,-41.7166666,174.2666666
03961099999,OAK PARK CARLOW- EI,1428,2825,52.85,353.1
71918099999,CAM FOUR- CA,1584,2162,68.4333333,270.28333299999997
71771099999,CUMSHEWA ISLAND BC- CA,1430,1827,53.0333333,228.4
48870099999,QUY NHON- VM,1037,874,13.7666667,109.2166667
62750099999,ED DUEIM- SU,1039,259,14.0,32.3333333
12843099999,BUDAPEST PESTSZENTLORINC- HU,1374,153,47.4333333,19.1833333
06770099999,LUGANO- SZ,1360,71,46.004275,8.910578
06614099999,MEIRINGEN- SZ,1367,65,46.743333,8.11
72566024028,SCOTTSBLUFF W B HEILIG FIELD AIRPORT- NE US,1318,2051,41.87466,256.39888
15501099999,NOVO SELO- BU,1341,182,44.1666666,22.8
72679824150,LIVINGSTON AIRPORT- MT US,1356,1996,45.69835,249.55846
91555099999,LAMAP MALEKOULA ISL- NH,735,1342,-16.4166667,167.8
99821899999,SHELL BEACH- LA US,1198,2163,29.8666666,270.3333334
47405099999,OMU- JA,1345,1144,44.5833333,142.9666666
70262999999,CAPE DECISION COAST GUARD HELIPORT- AK US,1459,1807,56.0,225.8666667
63870099999,ZANZIBAR- TZ,837,314,-6.222025,39.224886
07643099999,MEDITERRANEE- FR,1335,32,43.576194,3.963014
47479099999,SAPPORO- JA,1331,1131,43.116139,141.38022
72311913886,GREENVILLE DOWNTOWN AIRPORT- SC US,1248,2221,34.84872,277.64994
06760099999,LOCARNO MONTI- SZ,1361,70,46.1666666,8.7833333
94231099999,LAJAMANU- AS,716,1045,-18.3333333,130.6333333
74466504838,CHICAGO PALWAUKEE AIRPORT- IL US,1321,2177,42.12076,272.09521
03210099999,ST BEES HEAD NUMBER 2- UK,1445,2851,54.5166666,356.4
08534099999,MONTIJO- PO,1287,2808,38.703861,350.964084
33301099999,RIVNE INTERNATIONAL- UP,1406,209,50.607142,26.141622
78384299999,MARCOS A GELABERT I- PM,989,2244,8.967,280.45
72734014847,SAULT STE MARIE SANDERSON FIELD- MI US,1364,2205,46.47998,275.64191
72401693736,CHARLOTTESVILLE ALBEMARLE AIRPORT- VA US,1281,2252,38.1374,281.54487
11343099999,SONNBLICK AUTOM.- AU,1370,104,47.05,12.95
72219404896,RANTOUL NATIONAL AVIATION CENTER F ELLIOTT FIELD AIRPORT- IL US,1302,2175,40.29333,271.85778
72201412818,BROOKSVILLE HERNANDO CO AIRPORT- FL US,1184,2220,28.47388,277.54626
72622894740,SARANAC LAKE ADIRONDACK REGIONAL AIRPORT- NY US,1343,2286,44.39279,285.79712
10126099999,WITTMUNDHAFEN- GM,1435,61,53.547833,7.667333
60107099999,CHERIF EL IDRISSI- MO,1251,2849,35.177103,356.160475
43128099999,BEGUMPET AIRPORT- IN,1074,628,17.452417,78.461111
41756099999,JIWANI- PK,1150,494,25.067811,61.805419
72512504787,DUBOIS REGIONAL AIRPORT- PA US,1311,2249,41.17947,281.10674
93023099999,PURERUA- NZ,548,1392,-35.1166666,174.0166666
31295099999,MAGDAGACI- RS,1434,1007,53.4666666,125.8166666
10869099999,ERDING- GM,1383,96,48.322333,11.948667
13370099999,POZEGA UZICKA- RI,1338,160,43.8333333,20.0333333
14330099999,GOSPIC- HR,1345,123,44.55,15.3666666
11345099999,ST VEIT IM PONGAU- AU,1373,105,47.3333333,13.15
72214863824,STANLY CO AIRPORT- NC US,1254,2239,35.41667,279.84944
94750099999,NOWRA- AS,550,1204,-34.948889,150.536944
40780899999,DAYRESTAN- IR,1167,447,26.751111,55.897778
06074099999,AARHUS SYD- DA,1460,81,56.0833333,10.1333333
99769499999,DELAWARE CITY- DE US,1295,2275,39.58,284.42
65594099999,SAN PEDRO- IV,947,2827,4.746717,353.339183
71956099999,GORE BAY CLIMATE- CA,1358,2219,45.8833333,277.4333334
72034054818,FRANKFORT DOW MEMORIAL FIELD AIRPORT- MI US,1346,2190,44.62556,273.79917
71131099999,EASTEND CYPRESS AUT SASK- CA,1394,2008,49.4333333,251.0166667
71093099999,CAPE HOOPER- CA,1584,2346,68.4666667,293.21666700000003
99820899999,LAKE WATEREE- SC US,1243,2234,34.3333333,279.3
04115099999,DYNJANDIHEIDI- IC,1556,2695,65.7,336.9166667
72028963836,THOMSON MCDUFFIE CO AIRPORT- GA US,1235,2220,33.52972,277.48361
47060099999,NAMPO- KN,1287,1003,38.7166666,125.3833333
86450099999,YOUNG- UY,573,2419,-32.6833333,302.3666667
87289099999,PASO DE LOS LIBRES- AR,603,2423,-29.689425,302.847922
91670099999,VIWA AWS- FJ,728,1415,-17.15,176.9
94875099999,SHEPPARTON AIRPORT- AS,535,1163,-36.4333333,145.4
94935099999,MALLACOOTA- AS,523,1198,-37.6,149.7333333
70489025616,DUTCH HARBOR- AK US,1438,1548,53.895,193.4567
53336099999,HALIUT- CH,1315,868,41.5666666,108.5166666
07791099999,CAPE SAGRO- FR,1327,76,42.8,9.4833333
07299099999,BALE MULHOUSE- FR,1375,60,47.589583,7.529914
97722099999,AMAHAI- ID,866,1031,-3.35,128.8833333
71035599999,FORT LIARD- CA,1502,1892,60.2333333,236.5166667
91176022519,KANEOHE BAY MCAS- HI US,1114,1618,21.45045,202.23206
80425099999,MENE GRANDE- VE,998,2313,9.8166667,289.0666667
12250099999,TORUN- PL,1430,149,53.05,18.5833333
13168099999,NOVI SAD RIMSKI SANCEVI- RI,1353,159,45.3333333,19.85
72654594950,MITCHELL AIRPORT- SD US,1337,2096,43.77425,261.96162
54511099999,BEIJING CAPITAL INTERNATIONAL AIRPORT- CH,1300,933,40.080111,116.584556
72592024257,REDDING AIRPORT- CA US,1305,1902,40.51462,237.70227
70019726558,SELAWIK AIRPORT- AK US,1565,1600,66.6,200.01389
40638099999,AL KHALIS- IZ,1238,356,33.8333333,44.5333333
70350025501,KODIAK AIRPORT- AK US,1477,1660,57.75071,207.5119
72064900231,HALIFAX NORTHAMPTON REGIONAL AIRPORT- NC US,1263,2259,36.33,282.365
29676099999,AGINSKOE- RS,1452,759,55.25,94.8833333
71078099999,LYNN LAKE- CA,1468,2071,56.863888,258.92389000000003
72030353973,HEARNE MUNICIPAL AIRPORT- TX US,1208,2107,30.87194,263.37778000000003
29562099999,KEMCHUG- RS,1460,733,56.1,91.6666666
99826599999,MARCUS HOOK- PA US,1298,2277,39.8166666,284.5833334
72250612959,MCALLEN MILLER INTERNATIONAL AIRPORT- TX US,1161,2094,26.17912,261.7555
23975099999,SYM- RS,1503,707,60.35,88.3666666
74693093737,FORT BRAGG SIMMONS ARMY AIR FIELD- NC US,1251,2249,35.13333,281.06667
54342099999,SHENYANG- CH,1317,988,41.7333333,123.5166666
70326025503,KING SALMON AIRPORT- AK US,1486,1627,58.68294,203.34366
99404399999,SAN JUAN- RQ,1084,2351,18.47,293.88
12376599999,MALBORK- PL,1440,153,54.026944,19.134167
12140099999,GDANSK PORT PN.- PL,1443,150,54.4,18.7
72209153940,CLAREMORE REGIONAL AIRPORT- OK US,1262,2116,36.29417,264.52056
78229099999,JUAN GUALBERTO GOMEZ INTERNATIONAL- CU,1130,2229,23.034445,278.564722
12970099999,KECSKEMET- HU,1369,158,46.9175,19.749222
72580524172,LOVELOCK DERBY FIELD AIRPORT- NV US,1300,1931,40.06843,241.42982
27612099999,MOSKVA VDNH DOLGOPRUDNYJ- RS,1458,301,55.8333333,37.6166667
72202612826,HOMESTEAD AFB- FL US,1154,2237,25.48333,279.61667
72061200203,BEAUFORT CO AIRPORT- SC US,1224,2235,32.4121,279.3657
07002099999,BOULOGNE- FR,1407,13,50.7333333,1.6
94755099999,CAMDEN- AS,559,1205,-34.040278,150.687222
94604099999,BUNBURY- AS,566,925,-33.35,115.65
56167099999,DAWU- CH,1209,809,30.9833333,101.1166666
72028503734,MIDDLE PENINSULA REGIONAL AIRPORT- VA US,1275,2266,37.52111,283.23528
32069099999,PIL VO- RS,1400,1137,50.05,142.1666666
08524099999,PORTO SANTO- PO,1230,2749,33.073386,343.650025
68583099999,MOUNT EDGECOMBE- SF,602,248,-29.7,31.05
26502099999,PALANGA INTERNATIONAL- LH,1459,169,55.973228,21.093856
02081099999,KARESUANDO- SW,1584,180,68.45,22.45
71809099999,DEER LAKE A- CA,1392,2421,49.2166666,302.6
02795099999,HELSINKI HARMAJA- FI,1500,200,60.1,24.9833333
72211353979,GIDDINGS LEE CO AIRPORT- TX US,1201,2104,30.16917,263.02
72213713878,BRUNSWICK MCKINNON AIRPORT- GA US,1211,2229,31.1527,278.60947
72531403960,CAHOKIA ST LOUIS DOWNTOWN AIRPORT- IL US,1285,2159,38.56402,269.85131
47759099999,KYOTO- JA,1250,1086,35.0166666,135.7333333
74486514719,WESTHAMPTON GABRESKI AIRPORT- NY US,1308,2299,40.85055,287.38072
15525499999,DOLNA MITROPOLIA AB- BU,1334,196,43.45,24.5
03026099999,STORNOWAY- UK,1482,2829,58.215556,353.668889
01424099999,SAUDA- NO,1496,51,59.65,6.3666666
89642099999,DUMONT D URVILLE- AY,233,1120,-66.6666666,140.0166666
48480099999,CHANTHABURI- TH,1025,817,12.6,102.1166667
94401099999,KALBARRI- AS,622,913,-27.7166666,114.1666666
60034099999,DAKHLA- WI,1137,2753,23.718294,344.068006
10046599999,KIEL HOLTENAU- GM,1443,81,54.3795,10.145167
91844099999,RAROTONGA- CW,687,1602,-21.2,200.2166667
10637099999,FRANKFURT MAIN- GM,1400,68,50.026421,8.543125
11255099999,KOETSCHACH MAUTHEN- AU,1366,104,46.6833333,13.0
54715099999,LINGXIAN- CH,1273,933,37.3333333,116.5666666
71575099999,CAPE DORSET CLIMATE- CA,1542,2268,64.23,283.47
42165099999,BIKANER- IN,1179,586,28.0,73.3
03135099999,PRESTWICK- UK,1455,2843,55.509444,355.413333
72250512904,HARLINGEN RIO GRANDE VALLEY INTERNATIONAL AIRPORT- TX US,1162,2099,26.2303,262.34435
71250099999,ST JOHNS WEST CLIMATE- CA,1375,2458,47.5166666,307.2166667
01392099999,FLISA II- NO,1506,96,60.6166666,12.0166666
33587099999,UMAN- UP,1387,242,48.7666666,30.2333333
71362099999,FORT SMITH CLIMATE NWT- CA,1500,1985,60.0166666,248.08333340000001
72212012833,CROSS CITY AIRPORT- FL US,1196,2215,29.63333,276.89472
48402099999,CHAINAT AGROMET- TH,1051,801,15.15,100.1833333
78244099999,JAIME GONZALEZ- CU,1121,2237,22.15,279.585833
71221099999,CLEARDALE AGDM ALTA- CA,1462,1922,56.3,240.2666667
58974099999,PENGJIA YU- CH,1156,977,25.6333333,122.0666666
74207963876,POINT PLAESANT MASON CO AIRPORT- WV US,1289,2223,38.91472,277.90139
72096399999,MCGREGOR RANGE BASE CAMP- NM US,1220,2031,32.078683,253.84706699999998
68262099999,PRETORIA MET- SF,641,225,-25.89007,28.17077
57816099999,LONGDONGBAO- CH,1165,854,26.538522,106.800703
60750099999,THYNA- TS,1247,86,34.717953,10.690972
40712099999,UROMIYEH- IR,1276,361,37.668167,45.068667
72344703918,FLIPPIN MARION CO REGIONAL AIRPORT- AR US,1262,2139,36.29083,267.40999999999997
14557099999,TUZLA- BK,1345,150,44.55,18.7
97406099999,GALELA GAMARMALAMU- ID,918,1023,1.8166667,127.8333333
43415099999,VAVUNIYA- CE,987,644,8.75,80.5
72038200123,ST MICHAEL AIRPORT- AK US,1534,1583,63.49,197.89
35497099999,ZHARYK- KZ,1388,583,48.85,72.8666666
71345099999,MASINASIN AGDM- CA,1391,1987,49.1333333,248.35
48356099999,SAKON NAKHON- TH,1071,833,17.15,104.1333333
42182099999,SAFDARJUNG- IN,1185,618,28.584511,77.205783
14121099999,NOVO MESTO- SI,1357,121,45.8,15.1833333
72030804992,MILLARD AIRPORT OMAHA- NE US,1311,2111,41.19611,263.88806
28900099999,KURUMOCH- RS,1435,401,53.504858,50.164336
13463099999,PODGORICA GRAD- MJ,1324,154,42.4333333,19.2833333
52378099999,GUAIZIHU- CH,1313,819,41.3666666,102.3666666
72200654926,LUVERNE QUENTIN AANENSON FIELD AIRPORT- MN US,1336,2110,43.62111,263.78417
98429099999,NINOY AQUINO INTERNATIONAL- RP,1045,968,14.508647,121.019581
70231026510,MCGRATH AIRPORT- AK US,1529,1635,62.9574,204.38991
89087099999,THIEL MTNS AWS- AY,47,2177,-85.2,272.1166667
94261099999,CENTURY MINE- AS,712,1110,-18.75,138.7
40356099999,TURAIF- SA,1216,310,31.692683,38.7312
83681099999,CALDAS- BR,680,2509,-21.9166666,313.6166667
94968099999,LAUNCESTON- AS,484,1178,-41.545278,147.214167
11766099999,CERVENA- EZ,1397,140,49.7833333,17.55
97560099999,FRANS KAISIEPO- ID,888,1089,-1.190017,136.107997
72445303994,SEDALIA MEMORIAL AIRPORT- MO US,1287,2135,38.71198,266.82533
91843099999,RAROTONGA INTERNATIONAL- CW,687,1602,-21.202739,200.194444
71952025272,BURNS LAKE AIRPORT- BC CA,1443,1872,54.38333,234.05
94822099999,CAPE WILLOUGHBY- AS,541,1105,-35.85,138.1333333
72526014860,ERIE INTERNATIONAL AIRPORT- PA US,1320,2239,42.08026,279.81764
91783099999,VAVAU INTERNATIONAL- TN,714,1488,-18.585336,186.038283
71049099999,WAGER BAY AUT MAN- CA,1558,2165,65.8666666,270.5666667
72065499999,CORNING MUNICIPAL- AR US,1264,2155,36.404231,269.352075
71694099999,BEATRICE CLIMATE- CA,1351,2245,45.1333333,280.6
78862099999,V C BIRD INTERNATIONAL- AC,1071,2386,17.136749,298.207333
11520099999,PRAHA LIBUS- EZ,1399,116,50.0,14.45
02024099999,STORA SJOFALLET- SW,1574,146,67.5,18.3
78730099999,PUERTO CABEZAS- NU,1040,2213,14.047194,276.613278
01026099999,TROMSO- NO,1596,151,69.65,18.9333333
11692099999,NAMEST- EZ,1391,129,49.165833,16.124925
61270099999,KITA- ML,1030,2804,13.0666667,350.5333333
95716099999,GOULBURN AIRPORT AWS- AS,551,1198,-34.8166666,149.7333333
99999903033,MORIARTY AIRPORT- NM US,1249,2032,34.98472,254.0
01239099999,HJERKINN II- NO,1522,76,62.2166666,9.55
48385099999,UMPHANG- TH,1060,791,16.0166666,98.8666666
01355099999,LAERDAL IV- NO,1510,60,61.1,7.5
01020099999,SORKAPPOYA- SV,1664,132,76.4833333,16.55
94488099999,WINDORAH POST OFFICE- AS,645,1141,-25.4166666,142.65
71083099999,RANKIN INLET- CA,1528,2143,62.81139,267.884167
72439503958,ALTON ST LOUIS REGIONAL AIRPORT- IL US,1288,2160,38.88333,269.95
89879099999,POSSESSION IS- AY,181,1370,-71.8833333,171.2
60740099999,MONASTIR SKANES- TS,1256,86,35.6666666,10.75
10619099999,BAUMHOLDER ARMY AIR FIELD- GM,1396,58,49.650275,7.3
99826799999,ROCHESTER- NY US,1332,2259,43.2666666,282.38333339999997
99999954903,NECEDAH 5 WNW- WI US,1340,2159,44.0604,269.8263
78365099999,PUNTA LUCRECIA HOLGUIN- CU,1110,2275,21.0666666,284.38333339999997
72072700260,HIGH ISLAND 376- TX US,1179,2131,27.962,266.329
02910099999,MUSTASAARI VALASSAARET- FI,1534,169,63.4333333,21.0666666
48475099999,HUA HIN- TH,1026,800,12.636225,99.951533
07003099999,LE TOUQUET PARIS PLAGE- FR,1405,13,50.514747,1.627339
60430099999,MILIANA- AG,1262,18,36.3,2.2333333
72207953888,LEXINGTON DAVIDSON CO AIRPORT- NC US,1257,2238,35.78111,279.69639
06201099999,D15 FA 1 HELIPAD OIL PLATFORM- NL,1443,23,54.3166666,2.9333333
70271026425,GULKANA AIRPORT- AK US,1521,1716,62.15914,214.54115
29653099999,UZUR- RS,1452,719,55.3,89.8166666
99734299999,MILWAUKEE- WI US,1330,2177,43.05,272.12
64910099999,DOUALA- CM,940,78,4.006081,9.719481
72217904968,NEW RICHMOND MUNICIPAL AIRPORT- WI US,1351,2140,45.15,267.46667
72375003103,FLAGSTAFF AIRPORT- AZ US,1251,1987,35.14427,248.33363
71999099999,LILLOOET- CA,1406,1905,50.6833333,238.06666669999998
07153099999,VILLAROCHE- FR,1386,21,48.604725,2.671119
71902099999,NAIN AIRPORT- CA,1465,2387,56.55,298.3166667
72288593197,SANTA MONICA MUNICIPAL AIRPORT- CA US,1240,1932,34.02099,241.55288000000002
29724099999,KOCHKI- RS,1443,644,54.3333333,80.4666666
38232099999,AKKUDUK- KZ,1329,433,42.9666666,54.1166666
63602099999,ARUA- UG,930,247,3.05,30.9166667
72314013881,CHARLOTTE DOUGLAS AIRPORT- NC US,1252,2232,35.22254,279.04567
85743099999,MAQUEHUE- CI,512,2299,-38.766819,287.362903
60141099999,SAISS- MO,1239,2840,33.927261,355.022042
47474099999,MONBETSU- JA,1343,1147,44.303914,143.404028
71680099999,LOWER CARP LAKE NWT- CA,1535,1969,63.6,246.15
76543099999,TAMUIN S.L.P.- MX,1119,2090,22.0,261.2333334
70194546405,ARCTIC VILLAGE- AK US,1581,1715,68.11472,214.42056
72244012918,HOUSTON WILLIAM P HOBBY AIRPORT- TX US,1196,2118,29.64586,264.71788
71462099999,GREAT DUCK ISLAND- CA,1356,2216,45.6333333,277.0333333
72657794974,MINNEAPOLIS ANOKA CO AIRPORT- MN US,1351,2134,45.15,266.78333
70273526409,ANCHORAGE MERRILL FIELD- AK US,1512,1681,61.2163,210.14276
34858099999,DIVNOE- RS,1359,347,45.916667,43.35
40976399999,SAKARI KAREZ- AF,1216,520,31.65,64.96
17129099999,ETIMESGUT- TU,1299,262,39.949831,32.688622
80370099999,SAN LUIS- CO,908,2259,0.861925,282.328236
23552099999,TARKO SALE- RS,1549,623,64.9166666,77.8166666
72309893798,CULPEPER REGIONAL AIRPORT- VA US,1285,2257,38.52667,282.14139
99999963850,WATKINSVILLE 5 SSE- GA US,1237,2213,33.7837,276.6104
72521753855,HAMILTON BUTLER CO REGIONAL AIRPORT- OH US,1293,2204,39.36119,275.47937
99728299999,MONTAUK- NY US,1310,2304,41.05,288.03
63125299999,DJIBOUTI AMBOULI- DJ,1015,345,11.55,43.1333333
99801799999,CHESAPEAKE BAY- VA US,1274,2266,37.4166666,283.2833334
91162022501,BARKING SANDS- HI US,1120,1602,22.03386,200.21687
94318099999,EMU CREEK STATION- AS,669,920,-23.0333333,115.0333333
94255099999,CAMOOWEAL TOWNSHIP- AS,700,1105,-19.9166666,138.1166666
71739099999,TIMMINS VICTOR POWER A- CA,1385,2229,48.569721,278.623333
03710099999,LISCOMBE- UK,1410,2851,51.0833333,356.4
32053099999,NOGLIKI- RS,1419,1145,51.9166666,143.1333333
48457099999,BANGKOK PILOT- TH,1033,805,13.3833333,100.6
01469099999,HONEFOSS HOYBY- NO,1501,82,60.1666666,10.25
14323099999,SENJ- HR,1349,119,45.0,14.9
68580099999,CEDARA- SF,604,242,-29.5333333,30.2833333
26898099999,BRYANSK- RS,1432,273,53.214194,34.176447
10488099999,DRESDEN- GM,1411,110,51.132767,13.767161
71095099999,POND INLET- CA,1626,2256,72.683334,282.03333299999997
40621099999,KIRKUK AB- IZ,1254,355,35.469478,44.348933
10618099999,IDAR OBERSTEIN MIL- GM,1396,59,49.7,7.3333333
48377099999,BHUMIBOL DAM- TH,1072,792,17.2333333,99.05
71063399999,FORT RESOLUTION- CA,1511,1970,61.180832,246.31027799999998
72534514834,JOLIET- IL US,1314,2175,41.5,271.83333
89661099999,CAPE PHILLIPS- AY,164,1358,-73.5166666,169.75
02670099999,KALMAR- SW,1466,130,56.6833333,16.3
08002099999,A CORUNA- SP,1333,2813,43.302061,351.622744
93196099999,HICKS BAY AWS- NZ,524,1426,-37.55,178.3
68070099999,SELEBI PHIKWE- BC,679,223,-22.05,27.8166666
68006099999,ONDANGWA- WA,721,128,-17.878214,15.9526
71476099999,GREY ISLET AUT- CA,1445,1835,54.5666666,229.3166667
72251612928,KINGSVILLE NAAS- TX US,1175,2098,27.50898,262.19592
72292800369,MCOLF CAMP PENDLETON RED BEACH AIRPORT- CA US,1232,1940,33.286,242.54399999999998
42701099999,BIRSA MUNDA- IN,1133,683,23.31425,85.321675
71291099999,CAMERON FALLS AUT ONT- CA,1391,2173,49.15,271.6666667
26509099999,KLAIPEDA- LH,1457,169,55.7333333,21.0833333
30971099999,ALEKSANDROVSKIJ ZAVOD- RS,1409,943,50.9166666,117.9333333
72317763807,MOUNT AIRY SURRY CO AIRPORT- NC US,1264,2236,36.45972,279.44722
72483023232,SACRAMENTO AIRPORT ASOS- CA US,1285,1908,38.50659,238.50396
40260099999,PRINCE HASAN- JO,1221,297,32.160747,37.149383
57922099999,DUSHAN- CH,1158,860,25.8333333,107.55
72650504845,KENOSHA REGIONAL AIRPORT- WI US,1325,2176,42.59529,272.06168
94170099999,WEIPA AERO- AS,773,1135,-12.6833333,141.9166666
16008399999,RESIA PASS- IT,1368,84,46.8333333,10.5
71192099999,QUESNEL- CA,1430,1900,53.0166666,237.5
72027803704,EMPORIA GREENSVILLE REGIONAL AIRPORT- VA US,1266,2260,36.68667,282.51722
53915099999,PINGLIANG- CH,1255,853,35.55,106.6666666
72259453909,FORT WORTH ALLIANCE AIRPORT- TX US,1229,2101,32.99434,262.67966
54662099999,ZHOUSHUIZI- CH,1289,972,38.965667,121.5386
02993099999,HAMMARLAND MARKET- FI,1502,153,60.3,19.1333333
48500099999,PRACHUAP- TH,1017,798,11.788361,99.804667
48679099999,SULTAN ISMAIL- MY,916,829,1.641308,103.669619
72513014777,WILKES BARRE SCRANTON INTERNATIONAL AIRPORT- PA US,1313,2274,41.33349,284.27727
72251012924,CORPUS CHRISTI INTERNATIONAL AIRPORT- TX US,1177,2100,27.77335,262.48698
99816699999,CONNEAUT BREAKWATER- OH US,1319,2236,41.9833333,279.45
72365493091,LOS ALAMOS MUNICIPAL AIRPORT- NM US,1258,2030,35.88333,253.71667
17241099999,SULEYMAN DEMIREL- TU,1278,243,37.855417,30.368397
71312099999,NIPAWIN SASK- CA,1433,2048,53.3333333,256.0
72607014606,BANGOR INTERNATIONAL AIRPORT- ME US,1347,2329,44.79791,291.18147999999997
72792594227,SHELTON AIRPORT- WA US,1372,1895,47.23842,236.85853
12935099999,SIOFOK- HU,1369,144,46.9166667,18.05
71346099999,BARNWELL AGDM ALTA- CA,1397,1982,49.8,247.7
11351099999,RAMSAU DACHSTEIN- AU,1374,109,47.4333333,13.6333333
71311099999,NAPPAN AUTO NS- CA,1357,2366,45.75,295.7666667
48358099999,NAKHON PHANOM AGROMET- TH,1074,838,17.4333333,104.7833333
95717099999,PARKES AIRPORT- AS,568,1186,-33.1333333,148.2333333
56080099999,HEZUO- CH,1249,823,35.0,102.9
02031099999,RENSJON- SW,1580,159,68.0666666,19.8333333
87934099999,RIO GRANDE- AR,362,2338,-53.777667,292.250611
72242953910,HOUSTON HOOKS MEMORIAL AIRPORT- TX US,1200,2116,30.06801,264.44372
15000199999,BOBOC AIR BASE- RO,1352,216,45.21,26.97
15535099999,ROUSSE RUSE- BU,1338,208,43.85,25.95
32477099999,SOBOLEVO- RS,1442,1247,54.3,155.9333333
33791099999,KRYVYI RIH- UP,1380,266,48.0333333,33.2166666
71865099999,WYNYARD AUT SASK- CA,1417,2046,51.7666666,255.8
71227099999,HOLDEN AGDM ALTA- CA,1431,1982,53.1833333,247.7666667
35671099999,ZHEZKAZGAN- KZ,1377,542,47.8,67.7166666
71843199999,KANGIQSUJUAQ- CA,1515,2305,61.5833333,288.0666667
71924699999,GRISE FIORD AIRPORT- CA,1664,2217,76.4166667,277.1
71027099999,INGONISH BEACH CS- CA,1366,2397,46.6666666,299.6
12497099999,WLODAWA- PL,1415,188,51.55,23.5333333
94299099999,WILLIS ISLAND- AS,737,1200,-16.2878,149.9653
72036524267,BROOKINGS STATE AIRPORT- OR US,1320,1886,42.07444,235.70999999999998
72357003948,NORMAN UNIVERSITY OF OKLAHOMA WESTHEIMER AIRPORT- OK US,1252,2100,35.25,262.53333
68538099999,DEAAR UA- SF,593,192,-30.6666667,24.0166667
72650354833,BARABOO WISCONSIN DELLS AIRPORT- WI US,1335,2162,43.52194,270.22639
47803099999,ASHIYA- JA,1238,1045,33.883083,130.653
71851599999,PORTAGE SOUTHPORT- CA,1398,2094,49.9,261.7333334
78988000412,HATO INTERNATIONAL AIRPORT- UC,1021,2328,12.2,291.033
27707099999,SUHINICHI- RS,1440,283,54.1,35.35
47477099999,ASAHIKAWA- JA,1337,1139,43.795181,142.363136
30731099999,GORJACINSK- RS,1429,866,52.9833333,108.2833333
74739013961,FORT WORTH MEACHAM FIELD- TX US,1228,2101,32.82478,262.63597
72029853971,JACKSONVILLE CHEROKEE CO AIRPORT- TX US,1218,2118,31.86944,264.7825
72595524259,MONTAGUE SISKIYOU AIRPORT- CA US,1317,1900,41.77373,237.53175
47824099999,HITOYOSHI- JA,1222,1046,32.2166666,130.75
72212704880,GREATER KANKAKEE AIRPORT- IL US,1310,2177,41.0714,272.1537
07579099999,CARITAT- FR,1341,39,44.140481,4.866717
78457099999,GREGORIO LUPERON INTERNATIONAL- DR,1097,2315,19.7579,289.42996700000003
15528099999,PLEVEN- BU,1333,197,43.4,24.6
48097099999,YANGON INTERNATIONAL- BM,1069,769,16.907305,96.133222
03923099999,GLENANNE NUMBER 2- UK,1442,2828,54.2333333,353.5
11993099999,KAMENICA NAD CIROCHOU- LO,1389,176,48.9333333,22.0
12580099999,JASIONKA- PL,1401,176,50.109958,22.019
89062099999,ROTHERA- AY,224,2335,-67.5666666,291.88333339999997
02562099999,MALMEN- SW,1484,124,58.402278,15.525683
64381099999,GISENYI- RW,883,234,-1.677203,29.258875
71620099999,KINGSTON- CA,1342,2267,44.225277,283.403056
99999953167,MIDWAY 3 NE- UT US,1305,1989,40.5467,248.5863
71827599999,LA GRANDE III SAWR- CA,1435,2270,53.5666667,283.8
06239099999,F3 NETHERLANDS- NL,1448,38,54.85,4.7333333
47678099999,HACHIJOJIMA- JA,1231,1118,33.1166666,139.7833333
07354034048,CHATEAUROUX- FR,1368,14,46.862194,1.730667
48374099999,LOMSAK- TH,1067,810,16.7666666,101.25
17160099999,KIRSEHIR- TU,1291,273,39.15,34.1666666
70275827517,DEADHORSE ALPINE AIRSTRIP- AK US,1603,1672,70.34417,209.05528
22721099999,MEDVEZEGORSK- RS,1529,275,62.9166666,34.4333333
37549099999,TBILISI LOCHINI AIRPORT- GG,1317,358,41.75,44.7666666
98330099999,CABANATUAN- RP,1054,968,15.4666666,120.95
40857099999,BUSHEHR- IR,1189,407,28.95,50.85
02500099999,NORDKOSTER- SW,1488,88,58.9,11.0
41508099999,DIR- PK,1251,575,35.2,71.85
99727499999,WOODS HOLE- MA US,1315,2315,41.52,289.33
47991099999,MINAMI TORISHIMA- JA,1142,1232,24.289697,153.979119
72266013962,ABILENE REGIONAL AIRPORT- TX US,1224,2083,32.41063,260.31792
93985099999,CHATHAM ISLAND AERODROME AWS- NZ,461,1468,-43.8166666,183.5166667
72405503714,LEESBURG EXECUTIVE AIRPORT- VA US,1290,2260,39.07778,282.4425
37863599999,NAKHCHIVAN- AJ,1291,364,39.188806,45.458442
61901099999,ST. HELENA IS.- SH,740,2835,-15.9333333,354.3333334
26233099999,VILJANDI- EN,1483,205,58.3666666,25.6
43198099999,BELGAUM- IN,1058,597,15.859286,74.618292
71619099999,NEW CARLISLE 1 QUE- CA,1380,2357,48.0119444,294.6683334
94476099999,OODNADATTA AIRPORT- AS,624,1084,-27.55,135.45
36686099999,ALGAZY OSTROV- KZ,1365,615,46.55,76.8666666
03265099999,TOPCLIFFE- UK,1441,2869,54.2,358.6166667
99778999999,ELDRED ROCK- AK US,1489,1798,58.9666666,224.7833334
38944099999,PARKHAR- TI,1274,555,37.4833333,69.3833333
06283099999,HUPSEL AWS- NL,1420,53,52.0666666,6.65
95644099999,MUNGLINUP WEST- AS,564,966,-33.55,120.7
76843099999,TUXTLA GUTIERREZ CHIS.- MX,1067,2135,16.75,266.8666667
80413099999,MARISCAL SUCRE- VE,1002,2339,10.249978,292.35058100000003
72642504841,SHEBOYGAN CO MEMORIAL AIRPORT- WI US,1337,2177,43.7748,272.15097000000003
48420099999,SAMUTPRAKAN AGROMET- TH,1035,806,13.5166666,100.75
38886099999,TEDZHEN- TX,1273,484,37.3833333,60.5166666
16124099999,CISA PASS- IT,1344,79,44.4333333,9.9333333
43441099999,KURUNEGALA- CE,974,643,7.4666666,80.3666666
12399099999,TERESPOL- PL,1420,189,52.0666666,23.6166666
89659099999,PRIESTLEY GLACIER- AY,163,1285,-73.6333333,160.65
63330099999,MEKELE- ET,1034,316,13.467367,39.533464
72548304930,FORT MADISON MUNICIPAL AIRPORT- IA US,1306,2149,40.65917,268.67333
48474099999,NONG PHLUB AGROMET- TH,1025,798,12.5833333,99.7333333
72758494038,HETTINGER MUNICIPAL AIRPORT- ND US,1360,2059,46.0108,257.34821
02824099999,KITTILA KENTTAROVA- FI,1579,194,67.9833333,24.25
31538099999,SUTUR- RS,1400,1057,50.0666666,132.1333333
95482099999,BIRDSVILLE- AS,641,1115,-25.8975,139.3475
02788099999,KUOPIO MAANINKA- FI,1531,219,63.15,27.3166666
94675099999,KENT TOWN- AS,550,1109,-34.9166666,138.6166666
02738099999,PYHAJARVI OL OJAKYLA- FI,1537,206,63.7333333,25.7
74410414763,PITTSFIELD MUNICIPAL AIRPORT- MA US,1324,2294,42.42686,286.71093
78905000402,MELVILLE HALL AIRPORT- DO,1055,2390,15.533,298.7
71454099999,WASKESIU LAKE SASK- CA,1439,2031,53.9166666,253.93333339999998
72654804971,WARROAD INTERNATIONAL SWEDE CARLSON FIELD AIRPORT- MN US,1389,2117,48.94139,264.65166999999997
91683099999,NAUSORI INTERNATIONAL- FJ,719,1428,-18.043267,178.559228
50756099999,HAILUN- CH,1374,1015,47.45,126.8666666
99411099999,PORT ARANSAS TX- US,1178,2104,27.83,262.95
54161199999,TAIPING- CH,1356,1010,45.623403,126.250328
11127099999,OBERGURGL- AU,1368,88,46.8666666,11.0333333
27369099999,KRASNYE BAKI- RS,1471,361,57.1333333,45.1666666
43421099999,ANURADHAPURA- CE,983,643,8.301486,80.4279
07093099999,METZ NANCY LORRAINE- FR,1389,50,48.982142,6.251319
16743099999,KITHIRA- GR,1262,184,36.274258,23.016978
02407099999,MALUNG A- SW,1506,110,60.6833333,13.7
72060699999,CHARLESTON EXECUTIVE- SC US,1227,2240,32.700861,279.997083
54823099999,JINAN TSINAN- CH,1266,936,36.6833333,116.9833333
23383099999,AGATA- RS,1568,748,66.8833333,93.4666666
60475099999,CHEIKH LARBI TEBESSI- AG,1254,65,35.431611,8.120717
72468094015,FORT CARSON BUTTS ARMY AIR FIELD- CO US,1286,2042,38.67833,255.24333000000001
99999973802,HIGHLAND HOME 2 S- AL US,1219,2190,31.9155,273.6885
72662524006,ELLSWORTH AFB- SD US,1341,2055,44.15,256.9
33124099999,BRAGIN- BO,1418,242,51.8166666,30.2475
72676494163,WEST YELLOWSTONE- MT US,1346,1991,44.68333,248.88333
37514099999,AKHALTSIKHE- GG,1316,344,41.65,43.0
83842099999,BACACHERI- BR,645,2486,-25.405078,310.767964
53723099999,YANCHI- CH,1277,859,37.8,107.3833333
01033099999,TORSVAG FYR- NO,1602,156,70.25,19.5
30961099999,OLOVJANNAJA- RS,1409,925,50.95,115.5833333
95909099999,THREDBO AWS- AS,534,1186,-36.5,148.2833333
03604099999,MILFORD HAVEN CONSERVANCY BOARD- UK,1416,2840,51.7,354.95
14314099999,MALI LOSINJ- HR,1345,116,44.5333333,14.4833333
72418013781,WILMINGTON NEW CASTLE CO AIRPORT- DE US,1296,2275,39.67444,284.39434
72753304922,WHEATON MUNICIPAL AIRPORT- MN US,1357,2108,45.77972,263.45528
71302099999,PRINCE GEORGE AIRPORT AUTO- CA,1438,1899,53.8833333,237.33333340000001
78526500494,FERNANDO LUIS RIBAS DOMINICCI AIRPORT- PR US,1084,2351,18.45677,293.90153
71193099999,TIMMINS CLIMATE- CA,1385,2229,48.55,278.6166667
72059600189,NEWBERRY CO AIRPORT- SC US,1242,2227,34.3,278.367
71164099999,LITTLE CHICAGO NWT- CA,1571,1838,67.1666666,229.7833334
72403303706,FREDERICKSBURG SHANNON AIRPORT- VA US,1282,2260,38.26667,282.55083
31348099999,BURUKAN- RS,1430,1088,53.05,136.0333333
72274953128,CHANDLER MUNICIPAL AIRPORT- AZ US,1232,1985,33.26889,248.18722
47810099999,SAGA- JA,1231,1042,33.149722,130.302222
71059099999,CROKER RIVER- CA,1592,1926,69.27,240.78
06400099999,KOKSIJDE- BE,1410,21,51.090278,2.652778
72429804850,LIMA ALLEN CO AIRPORT- OH US,1307,2208,40.70806,275.97860000000003
01205099999,SVINOY LH- NO,1523,42,62.3333333,5.2666666
50888099999,BAOQING- CH,1363,1057,46.3166666,132.1833333
07621099999,LOURDES- FR,1331,2879,43.178675,359.993561
94659099999,WOOMERA- AS,588,1095,-31.144167,136.816944
71814099999,CHEVERY QUE- CA,1404,2403,50.45,300.3666667
03522099999,HEREFORD CREDENHILL- UK,1420,2858,52.0833333,357.2
99999992827,SEBRING 23 SSE- FL US,1171,2229,27.1526,278.6311
87640099999,BOLIVAR AERO- AR,537,2391,-36.2,298.9333334
07632099999,LE SEQUESTRE- FR,1339,17,43.913887,2.113056
99430099999,TATOOSH ISLAND WA- US,1383,1882,48.39,235.26
98747099999,LUMBIA AIRPORT- RP,984,997,8.4166666,124.6166666
60390099999,HOUARI BOUMEDIENE- AG,1266,26,36.691014,3.215408
08558199999,OVAR- PO,1309,2811,40.915867,351.354081
12142099999,OKSYWIE- PL,1445,148,54.5666667,18.5166667
01393099999,DREVSJO- NO,1518,96,61.8833333,12.0333333
68487099999,GREYTOWN- SF,609,245,-29.0833333,30.6
01003099999,HORNSUND- NO,1669,124,77.0,15.5
31253099999,BOMNAK- RS,1447,1031,54.7166666,128.8666666
72378303195,GRAND CANYON NATIONAL PARK AIRPORT- AZ US,1259,1983,35.94581,247.84464
36864099999,OTAR- KZ,1335,602,43.5333333,75.25
71150099999,SHOAL LAKE CS MAN- CA,1404,2075,50.45,259.4
02672099999,KALMAR- SW,1466,130,56.685531,16.287578
56004099999,TUOTUOHE- CH,1242,739,34.2166666,92.4333333
03952099999,ROCHES POINT- EI,1417,2814,51.8,351.75
97600099999,SANANA- ID,879,1008,-2.0833333,126.0
12454099999,LASK- PL,1415,153,51.551667,19.179058
26531099999,BIRZAI- LH,1461,198,56.2,24.7666666
48618099999,SULTAN MAHMUD- MY,953,825,5.382639,103.10336
76695099999,INGENIERO ALBERTO ACUNA ONGAY INTERNATIONAL- MX,1098,2156,19.816794,269.499686
72747394977,CRANE LAKE- MN US,1382,2140,48.26667,267.51667
72065699999,MIDDLETON MUNICIPAL MOREY FIELD- WI US,1331,2164,43.114269,270.468464
48848099999,DONG HOI- VM,1074,853,17.4833333,106.6
72225353992,BASTROP MOREHOUSE MEMORIAL AIRPORT- LA US,1227,2145,32.75611,268.11944
10866099999,MUNCHEN- GM,1383,94,48.353783,11.786086
03158099999,CHARTERHALL- UK,1456,2861,55.7,357.6166667
26326099999,SKULTE- LG,1473,195,57.3166666,24.4166666
48356599999,SAKON NAKHON- TH,1071,833,17.195142,104.118625
71512099999,LONGUE POINTE DE MINGAN QUE- CA,1402,2366,50.2713888,295.7736112
70360525604,PLATINUM AIRPORT- AK US,1490,1585,59.01139,198.18028
78858099999,ROBERT L BRADSHAW- SC,1073,2378,17.311194,297.281333
72668254914,PRINCETON MUNICIPAL AIRPORT- MN US,1355,2131,45.55972,266.39194
99999903083,STRATTON 24 N- CO US,1296,2059,39.6553,257.37829999999997
87371099999,SAUCE VIEJO- AR,582,2394,-31.711666,299.188332
01385099999,HAMER- NO,1508,89,60.8166666,11.0666666
41036099999,TAIF- SA,1114,324,21.483418,40.544334
48930099999,LUANG PHABANG INTERNATIONAL- LA,1098,817,19.897256,102.160844
43314099999,KOZHIKODE- IN,1012,606,11.25,75.7833333
01242099999,AFJORD II- NO,1539,82,63.9666666,10.2166666
56196099999,MIANYANG- CH,1214,838,31.45,104.7333333
99779599999,ONTONAGON- MI US,1368,2165,46.8666666,270.6666667
72352603932,CLINTON SHERMAN AIRPORT- OK US,1253,2086,35.35677,260.79589
23426099999,MUZHI- RS,1554,518,65.4833333,64.7166666
72645804824,STURGEON BAY DOOR CO CHERRYLAND AIRPORT- WI US,1348,2181,44.85,272.58333
70387025338,WRANGELL AIRPORT- AK US,1464,1821,56.4732,227.6126
16324099999,GROTTAGLIE- IT,1305,139,40.517514,17.403212
72791094224,ASTORIA AIRPORT PORT OF- OR US,1361,1889,46.15694,236.11674
12105299999,INOWROCLAW- PL,1428,147,52.817,18.333
72017553919,MONTICELLO MUNICIPAL AIRPORT- AR US,1236,2146,33.63602,268.2445
99825499999,KING COVE- AK US,1450,1581,55.0666666,197.6666667
94717099999,PARKES MACARTHUR STREET- AS,568,1185,-33.1333333,148.1666666
72020200118,TILLAMOOK AIRPORT- OR US,1354,1889,45.417,236.183
57993099999,GANZHOU- CH,1158,920,25.85,114.95
99799299999,APALACHICOLA RESERVE- FL US,1197,2201,29.7833333,275.1166667
74612093104,CHINA LAKE NAF- CA US,1256,1938,35.686254,242.309089
02565099999,HULTSFRED- SW,1475,127,57.525833,15.823333
72755594956,THIEF RIVER FALLS MUNICIPAL AIRPORT- MN US,1380,2111,48.06667,263.81667
02847099999,ROVANIEMI RAUTATIEASEMA- FI,1564,206,66.5,25.7166666
16235099999,URBE- IT,1319,100,41.951946,12.498889
70260026435,NENANA MUNICIPAL AIRPORT- AK US,1545,1687,64.54725,210.91287
99826199999,JUNEAU- AK US,1482,1805,58.298,225.588
71140099999,BRANDON MUNICIPAL- CA,1399,2080,49.9166666,260.05
99733899999,CHICAGO- IL US,1319,2180,42.0,272.5
06778099999,BUFFALORA- SZ,1366,82,46.65,10.2666666
16040099999,TARVISIO- IT,1364,109,46.5,13.5833333
82098099999,MACAPA- BR,900,2471,0.050664,308.927822
80403099999,JOSE LEONARDO CHIRINOS- VE,1014,2323,11.414944,290.3191
04242099999,SIORALIK- GL,1550,2460,65.0166666,307.45
11518099999,RUZYNE- EZ,1401,114,50.100833,14.26
02609099999,RYNGE- SW,1454,109,55.4666666,13.6666666
43476099999,DIYATALAWA- CE,968,648,6.8166666,80.9666666
59087099999,FOGANG- CH,1138,908,23.8833333,113.5166666
48464099999,RATCHA BURI- TH,1034,798,13.4833333,99.7833333
72511654737,LANCASTER AIRPORT- PA US,1301,2270,40.12061,283.70554
64040099999,KISANGANI SIMISINI- CG,905,201,0.5175,25.155014
04097099999,DALATANGI- IC,1552,2771,65.2666666,346.4166667
72598524267,BROOKINGS STATE AIRPORT- OR US,1320,1886,42.07444,235.70999999999998
54539099999,LETING- CH,1294,951,39.4333333,118.9
02141099999,TJAKAAPE- SW,1563,154,66.3166667,19.2166667
02408099999,BLOMSKOG- SW,1492,97,59.2166666,12.0833333
60603099999,RHOURD NOUSS- AG,1197,54,29.7166666,6.7
31587099999,POJARKOVO- RS,1396,1029,49.6166666,128.65
12960099999,BAJA- HU,1361,152,46.1833333,19.0166666
06249099999,BERKHOUT- NL,1426,40,52.65,4.9833333
16541099999,PERDASDEFOGU- IT,1296,75,39.6666667,9.4333333
02952099999,PORI- FI,1514,174,61.461686,21.799983
72668594052,MOBRIDGE MUNICIPAL AIRPORT- SD US,1355,2077,45.54955,259.59143
48351099999,UTTARADIT- TH,1076,801,17.6166666,100.1
10687099999,GRAFENWOHR ARMY AIR FIELD- GM,1396,96,49.698686,11.940175
29313099999,PUDINO- RS,1475,635,57.5333333,79.4305556
71381099999,MISTOOK QUE- CA,1385,2306,48.5833333,288.3
06478099999,LIEGE- BE,1406,44,50.637417,5.443222
01482599999,TORP- NO,1491,82,59.186703,10.258628
56684099999,HUIZE- CH,1163,826,26.4,103.25
71409099999,ETZICOM AGCM- CA,1395,1992,49.55,248.95
44288099999,ARVAIHEER- MG,1362,822,46.2666666,102.7833333
50632099999,BUGT- CH,1387,975,48.7666666,121.9166666
44256099999,DASHBALBAR- MG,1395,915,49.55,114.4
97340099999,MAU HAU- ID,803,962,-9.669217,120.302006
72092600313,BEAUMONT MUNICIPAL AIRPORT- TX US,1200,2126,30.071,265.784
01210099999,VIGRA- NO,1525,49,62.560372,6.110164
16170099999,FIRENZE- IT,1338,90,43.809953,11.2051
02269099999,SKAGSUDDE- SW,1531,152,63.1833333,19.0166666
01471099999,VEGGLI II- NO,1500,73,60.05,9.15
68651099999,ELLIOT- SF,586,223,-31.3333333,27.85
70305500109,MANOKOTAK AIRPORT- AK US,1489,1608,58.983,200.95
03031099999,LOCH GLASCARNOCH- UK,1477,2841,57.7166666,355.1166667
72077399999,COURTLAND AIRPORT- AL US,1246,2181,34.659389,272.651167
63460099999,AWASSA LAKE- ET,970,304,7.0666667,38.05
56964099999,SIMAO- CH,1127,808,22.7666666,100.9833333
97900099999,SAUMLAKI- ID,820,1050,-7.9833333,131.3
12435099999,KALISZ- PL,1417,145,51.7833333,18.0833333
72203912885,FORT LAUDERDALE EXECUTIVE AIRPORT- FL US,1161,2239,26.19905,279.82236
47490599999,TOKACHI- JA,1328,1145,42.890544,143.158475
99999953162,COOLIDGE 5 W- AZ US,1229,1988,32.9918,248.4674
52418099999,DUNHUANG- CH,1301,757,40.15,94.6833333
02261099999,LYCKSELE- SW,1545,150,64.55,18.7166666
47756099999,TSUYAMA- JA,1250,1072,35.0666666,134.0166666
71120099999,COLD LAKE- CA,1444,1998,54.404999,249.720556
57127099999,HANZHONG- CH,1230,856,33.0666666,107.0333333
07280099999,LONGVIC- FR,1372,41,47.26889,5.09
61053099999,DOSSO- NG,1030,26,13.0333333,3.3
47651099999,TSU- JA,1247,1092,34.7333333,136.5166666
47090099999,SOKCHO- KS,1282,1029,38.25087,128.564728
86033099999,BAHIA NEGRA- PA,697,2415,-20.2287,301.8309
76758499999,IXTAPA ZIHUATANEJO INTERNATIONAL- MX,1076,2068,17.601569,258.539464
35188099999,ASTANA INTERNATIONAL- KZ,1410,572,51.022222,71.466944
99404699999,NANTUCKET ISLAND- MA US,1312,2319,41.28,289.9
72282263903,FORT POLK SELF STRIP- LA US,1211,2136,31.1136,267.0344
72744904954,MOOSE LAKE CARLTON CO AIRPORT- MN US,1364,2138,46.41861,267.19556
72060500197,CHERAW MUNICIPAL AIRPORT LYNCH BELLINGER FIELD- SC US,1247,2240,34.717,280.05
76743399999,C P A CARLOS ROVIROSA INTERNATIONAL- MX,1079,2137,17.9833333,267.1833334
99821199999,OCEAN CITY INLET- MD US,1283,2279,38.3166666,284.9166667
71413099999,SPONDIN AGCM- CA,1418,1987,51.8166666,248.31666669999998
24136099999,SUHANA- RS,1586,947,68.6166666,118.3333333
02965099999,LAHTI LAUNE- FI,1509,205,60.9666666,25.6333333
56182099999,SONGPAN- CH,1226,829,32.6666666,103.6
12625099999,ZAKOPANE- PL,1392,160,49.3,19.9666666
02831099999,VIROLAHTI KOIVUNIEMI- FI,1505,221,60.5333333,27.6666666
99734699999,FORT MYERS- FL US,1166,2225,26.65,278.13
94572099999,LISMORE AIRPORT AWS- AS,611,1226,-28.8333333,153.26
72376293244,SANTA YNEZ AIRPORT- CA US,1246,1919,34.60694,239.92444
47058099999,PYONGYANG INTERNATIONAL- KN,1292,1005,39.224061,125.67015
02733099999,LAPPEENRANTA KONNUNSUO- FI,1510,229,61.0333333,28.5666666
59658099999,ZHANJIANG- CH,1111,882,21.15,110.3
12847099999,TAT- HU,1377,149,47.75,18.6
02714099999,VAALA PELSO- FI,1544,212,64.5,26.4402778
95487099999,BALLERA GAS FIELD- AS,625,1135,-27.4166666,141.8166666
83424099999,SANTA GENOVEVA- BR,733,2486,-16.632033,310.779314
02667099999,KARLSKRONA SODERSTJERNA- SW,1461,125,56.15,15.5833333
72515614748,ELMIRA CORNING REGIONAL AIRPORT- NY US,1321,2265,42.15658,283.09709
25563099999,UGOLNY- RS,1547,1422,64.73495,177.741483
47813099999,SAGA- JA,1232,1042,33.2666666,130.3
40856099999,ZAHEDAN INTERNATIONAL- IR,1194,487,29.476331,60.906825
72641854912,OSCEOLA L O SIMENSTAD MUNICIPAL AIRPORT- WI US,1353,2138,45.30833,267.31
10437499999,MONCHENGLADBACH- GM,1412,52,51.230356,6.504494
08551099999,VIANA DO CASTELO CHAPE- PO,1316,2810,41.6333333,351.2
56187099999,WENJIANG- CH,1207,831,30.75,103.8666666
03560099999,BEDFORD- UK,1422,2876,52.2166666,359.5166667
40439099999,YENBO- SA,1141,305,24.144244,38.06335
71275099999,ST. PAUL AGDM ALTA- CA,1439,1990,54.0,248.7333334
94151099999,NORTH EAST ISLAND- AS,763,1095,-13.65,136.9333333
03017099999,KIRKWALL- UK,1489,2857,58.957778,357.095
44352099999,BAYANDELGER- MG,1357,899,45.7333333,112.3666666
71697199999,LANSDOWNE HOUSE LWIS- CA,1421,2177,52.2,272.07
99999904128,RILEY 10 WSW- OR US,1334,1922,43.4711,240.3083
06623099999,SALEN REUTENEN- SZ,1376,72,47.65,9.0166666
54863099999,HAIYANG- CH,1267,969,36.7666666,121.1666666
12160099999,ELBLAG MILEJEWO- PL,1442,156,54.2230556,19.5430556
63862099999,DODOMA- TZ,838,286,-6.170436,35.752578
01144099999,HELLIGVAER II- NO,1573,111,67.4,13.8833333
03691399999,SOUTHEND- UK,1415,6,51.571389,0.695556
04312099999,STATION NORD AWS- GL,1715,2747,81.6,343.35
47899099999,MUROTOMISAKI- JA,1232,1073,33.25,134.1833333
71622099999,LONDON CS ONT- CA,1330,2231,43.0333333,278.85
72352593986,HOBART MUNICIPAL AIRPORT- OK US,1249,2088,34.98908,260.94718
47174099999,SUNCHEON- KS,1250,1019,35.0166666,127.3666666
72301003810,HICKORY FAA AIRPORT- NC US,1257,2229,35.74205,278.61775
72259903971,DALLAS REDBIRD AIRPORT- TX US,1226,2105,32.67816,263.13229
29328099999,BAKCHAR- RS,1469,657,57.0,82.0666666
72540704854,GAYLORD OTSEGO CO AIRPORT- MI US,1350,2202,45.01657,275.31058
71839099999,BULLHORN COULEE RESEVOIR- CA,1392,1973,49.3,246.6333334
22583099999,KOJNAS- RS,1547,381,64.75,47.65
01228099999,SULA- NO,1538,68,63.85,8.4666666
71093499999,PANGNIRTUNG- CA,1561,2354,66.145,294.286389
98222099999,VIGAN- RP,1075,963,17.555331,120.355797
76634099999,TULANCINGO HGO.- MX,1100,2093,20.0833333,261.63333339999997
08231099999,CUENCA- SP,1300,2863,40.0666666,357.8666667
01037099999,SKIBOTN 2- NO,1593,162,69.3833333,20.2833333
03039099999,BEALACH NA BA NUMBER 2- UK,1474,2835,57.4166666,354.3166667
99736999999,PORT ISABEL- TX US,1160,2102,26.05,262.78
17061099999,SARIYER- TU,1311,233,41.1333333,29.0666666
72253612911,RANDOLPH AFB- TX US,1195,2094,29.5325,261.7377
54259099999,QINGYUAN- CH,1320,999,42.0666666,124.8666666
72032393947,FREDERICKSBURG GILLESPIE CO AIRPORT- TX US,1202,2089,30.24333,261.09028
72219103721,BRUNSWICK CO AIRPORT- NC US,1239,2255,33.92917,281.92528
03963099999,MACE HEAD- EI,1433,2801,53.3166666,350.1
03405099999,ABERDARON- UK,1427,2842,52.7833333,355.2666667
74718503144,IMPERIAL CO AIRPORT- CA US,1228,1955,32.83464,244.42344
29231099999,KOLPASEVO- RS,1483,664,58.3166666,82.95
16316099999,LATRONICO- IT,1300,128,40.0833333,16.0166666
12280099999,MIKOLAJKI- PL,1437,173,53.7833333,21.5833333
63894099999,MWALIMU JULIUS K NYERERE INTERNATIONAL- TZ,831,314,-6.878111,39.202625
40270099999,MARKA INTERNATIONAL- JO,1219,288,31.972703,35.991569
71125099999,MEADOW LAKE A- CA,1441,2012,54.125278,251.47722199999998
72473523170,HANKSVILLE AIRPORT- UT US,1284,1994,38.41667,249.3
72411893797,MECKLENBURG BRUNSWICK REGIONAL AIRPORT- VA US,1266,2256,36.68806,281.94556
72386023169,MCCARRAN INTERNATIONAL AIRPORT- NV US,1260,1959,36.0719,244.83657
71437099999,BURLINGTON PIERS AUT ONT- CA,1332,2242,43.3,280.2
03134099999,GLASGOW BISHOPTON- UK,1458,2844,55.9,355.4666667
71713099999,LA POCATIERE QUE- CA,1373,2320,47.35,289.9833334
56312099999,NYINGCHI- CH,1195,756,29.5666666,94.4666666
94870099999,MELBOURNE MOORABBIN- AS,520,1161,-37.975833,145.102222
72534014819,CHICAGO MIDWAY AIRPORT- IL US,1317,2178,41.78412,272.24486
31445099999,SVOBODNYJ- RS,1414,1025,51.45,128.1166666
70392500112,KOLIGANEK AIRPORT- AK US,1497,1622,59.733,202.733
71904399999,KANGIRSUK A- CA,1500,2320,60.0333333,290.0
33345099999,ZHULIANY INTERNATIONAL- UP,1404,244,50.401944,30.451111
71156099999,EDSON CLIMATE- CA,1435,1948,53.5833333,243.5333334
72409014780,LAKEHURST NAS- NJ US,1300,2285,40.03333,285.65
54308099999,FENGNING- CH,1311,933,41.2,116.6333333
04205099999,MITTARFIK QAANAAQ- GL,1674,2325,77.4833333,290.6166667
68182099999,LEVUBU- SF,669,242,-23.0833333,30.2833333
44219099999,URGAMAL- MG,1385,754,48.5166667,94.3
94462099999,YULARA AERO- AS,647,1048,-25.2,130.9833333
01408099999,KARMOY- NO,1493,42,59.345267,5.208364
71035999999,LAC MEMPHREMAGOG- CA,1352,2303,45.27,287.83
04416099999,SUMMIT- GL,1625,2572,72.5833333,321.55
89314099999,THERESA- AY,54,1953,-84.6,244.18333339999998
99738199999,ANCHORAGE- AK US,1512,1681,61.23,210.12
17248099999,EREGLI KONYA- TU,1274,272,37.5,34.05
72269200367,WARRENTON FAUQUIER AIRPORT- VA US,1285,2258,38.586,282.289
41712099999,DAL BANDIN- PK,1188,515,28.8833333,64.4
71976099999,PARC NATIONAL DES PINGUALUIT- CA,1512,2291,61.3,286.3333334
72253912979,SAN MARCOS MUNICIPAL AIRPORT- TX US,1198,2097,29.89083,262.13556
06636099999,MUEHLEBERG- SZ,1369,58,46.9833333,7.2833333
40757099999,SEMNAN- IR,1255,428,35.591094,53.495086
14528099999,BIHAC- BK,1348,127,44.8166666,15.8833333
72232300362,GATESVILLE MUNICIPAL AIRPORT- TX US,1214,2098,31.417,262.2
01338099999,VANGSNES- NO,1511,53,61.1666666,6.65
02907099999,KALAJOKI ULKOKALLA- FI,1543,188,64.3333333,23.45
65201099999,MURTALA MUHAMMED- NI,965,27,6.577369,3.321156
07255099999,BOURGES- FR,1370,19,47.058056,2.370278
60445099999,SETIF AIN ARNAT- AG,1261,43,36.178128,5.324494
72595894299,ALTURAS MUNICIPAL AIRPORT- CA US,1314,1916,41.48362,239.4385
74465504808,CHICAGO AURORA MUNICIPAL AIRPORT- IL US,1317,2172,41.77132,271.51851999999997
68408099999,PORT NOLLOTH- SF,607,135,-29.2333333,16.8666666
16460099999,CATANIA FONTANAROSSA- IT,1274,121,37.466781,15.0664
72465593990,HILL CITY MUNICIPAL AIRPORT- KS US,1293,2081,39.37412,260.17013
42634099999,BHUJ- IN,1132,557,23.287828,69.670147
72225593842,COLUMBUS METROPOLITAN AIRPORT- GA US,1225,2200,32.51625,275.05782
72507014765,RHODE ISLAND T.F. GREEN INTERNATIONAL AIRPORT- RI US,1317,2309,41.72252,288.56752
70262800105,MARSHALL DON HUNTER SR AIRPORT- AK US,1518,1584,61.867,197.967
94817099999,COONAWARRA- AS,527,1127,-37.3,140.8166666
71465099999,ERIEAU AUT ONT- CA,1322,2225,42.25,278.1
72584693201,TRUCKEE AIRPORT- CA US,1293,1919,39.32,239.86056000000002
99999953002,ARTESIA 2 WNW- NM US,1228,2044,32.8546,255.54309999999998
03749099999,MIDDLE WALLOP- UK,1411,2867,51.15,358.4333333
17020099999,BARTIN- TU,1316,259,41.6333333,32.3333333
71199099999,WATSON LAKE AUT YT- CA,1501,1849,60.1166666,231.1833334
02818099999,INARI RAJAJOOSEPPI- FI,1584,226,68.4833333,28.3
87328099999,VILLA DOLORES- AR,580,2359,-31.945183,294.853717
36974099999,NARYN- KG,1314,608,41.4333333,76.0
71878099999,RED DEER REGIONAL- CA,1421,1969,52.1833333,246.1
68513099999,KOINGNAAS- SF,597,138,-30.2,17.2833333
51463099999,WU LU MU QI- CH,1337,701,43.7833333,87.6166666
70291526486,SLANA AIRPORT- AK US,1526,1728,62.7,216.02
76855099999,PUERTO ANGEL OAX.- MX,1056,2108,15.6833333,263.5166667
98618099999,PUERTO PRINCESA- RP,997,950,9.742119,118.758731
72219753819,PEACHTREE CITY FALCON FIELD- GA US,1233,2203,33.35428,275.43104
72071900254,EAST CAMERON 278 OIL PLATFORM- LA US,1184,2137,28.433,267.117
72305563816,STATESVILLE MUNICIPAL AIRPORT- NC US,1257,2232,35.765,279.04332999999997
12185099999,KETRZYN- PL,1440,171,54.0666666,21.3666666
72286023119,MARCH AFB- CA US,1238,1942,33.9,242.75
70268600106,KIPNUK AIRPORT- AK US,1499,1568,59.93161,195.97189
57494099999,TIANHE- CH,1207,914,30.783758,114.2081
29481099999,DZERZHINSKOE- RS,1468,762,56.85,95.2166666
71224099999,DEL BONITA AGDM ALTA- CA,1390,1977,49.05,247.18333339999998
26554099999,VERHNEDVINSK- BO,1458,224,55.8166666,27.95
12839099999,FERIHEGY- HU,1374,154,47.436933,19.255592
89573099999,ZHONGSHAN- AY,206,611,-69.3666666,76.3666666
38457299999,TASHKENT VOSTOCNY- UZ,1313,555,41.32,69.4
71403099999,BEAVER ISLAND AUT NS- CA,1348,2381,44.8166666,297.6666667
25745099999,KAMENSKOE- RS,1524,1330,62.4833333,166.2166666
11933099999,STRBSKE PLESO- LO,1391,161,49.1166666,20.0833333
12670099999,KROSNO- PL,1396,174,49.7,21.7666666
06058099999,HVIDE SANDE- DA,1459,65,56.0,8.15
71591099999,MCNABS ISLAND AUT- CA,1346,2372,44.6024,296.4671
16520099999,ALGHERO- IT,1306,66,40.632133,8.290772
83378099999,PRESIDENTE JUSCELINO KUBITSCHEK- BR,741,2497,-15.862583,312.087334
02325099999,KLOVSJOHOJDEN- SW,1524,113,62.5,14.15
99402999999,TOKE POINT- WA US,1367,1888,46.708,236.035
72581024193,WENDOVER USAF AUXILIARY FIELD- UT US,1307,1968,40.7206,245.9642
72291093116,SAN NICOLAS ISLAND- CA US,1232,1924,33.23377,240.54408999999998
99457099999,SAND KEY FL- US,1144,2225,24.46,278.12
01380099999,VENABU- NO,1516,81,61.65,10.1166666
68558099999,BARKLY EAST- SF,590,221,-30.9333333,27.6
02552099999,MALEXANDER- SW,1480,122,58.0666666,15.2333333
72768694017,WOLF POINT INTERNATIONAL AIRPORT- MT US,1380,2035,48.09417,254.42164
41560099999,PARACHINAR- PK,1238,561,33.8666666,70.0833333
02981099999,PARAINEN UTO- FI,1497,171,59.7833333,21.3666666
72450613986,HUTCHINSON MUNICIPAL AIRPORT- KS US,1280,2097,38.06824,262.13925
03023099999,SOUTH UIST RANGE- UK,1473,2821,57.3333333,352.6333334
16667099999,MITILINI- GR,1290,213,39.056667,26.598333
72703314609,HOULTON AIRPORT- ME US,1361,2338,46.11846,292.20711
32165099999,JUZHNO KURIL SK- RS,1340,1167,44.0166666,145.8666666
96937099999,SURABAYA GEDANGAN- ID,827,910,-7.2166667,113.7166667
14537099999,SANSKI MOST- BK,1347,134,44.7666666,16.7
31168099999,AYAN- RS,1464,1105,56.45,138.15
72635794815,KALAMAZOO BATTLE CREEK INTERNATIONAL AIRPORT- MI US,1322,2196,42.22826,274.454
95205099999,DERBY AERO- AS,726,989,-17.3666666,123.6666666
72029153970,MESQUITE METRO AIRPORT- TX US,1227,2108,32.74694,263.46944
72639600422,WILKERSON PASS- CO US,1290,2036,39.05,254.48399999999998
06605099999,CHASSERAL- SZ,1371,57,47.1333333,7.0666666
71472099999,KINDAKUN ROCKS AUT BC- CA,1432,1818,53.3,227.2333334
72439754831,BLOOMINGTON NORMAL AIRPORT- IL US,1304,2168,40.48333,271.05
94855099999,BENDIGO AIRPORT AWS- AS,532,1155,-36.7333333,144.3166666
71455099999,LUCKY LAKE SASK- CA,1409,2023,50.95,252.85
64210099999,NDJILI INTERNATIONAL- CG,856,124,-4.38575,15.444569
95988099999,MARIA ISLAND POINT LESUEUR- AS,473,1184,-42.6666666,148.0166666
14024099999,LISCA- SI,1360,122,46.0666666,15.2833333
99833999999,MOUTH OF BLACK RIVER- MI US,1329,2221,42.975,277.581
72423513810,LOUISVILLE BOWMAN FIELD- KY US,1282,2195,38.23021,274.33706
74780703821,LA GRANGE CAA AIRPORT- GA US,1230,2199,33.01667,274.93333
31866099999,SOSUNOVO- RS,1365,1107,46.5333333,138.3333333
67295099999,CHIMOIO- MZ,708,267,-19.151267,33.428958
48459099999,CHON BURI SATTAHIP- TH,1033,808,13.3666667,100.9833333
95997099999,HEARD ISLAND ATLAS COVE- AS,369,587,-53.0166666,73.4
95866099999,ESSENDON AIRPORT- AS,522,1159,-37.7333333,144.9
42314099999,DIBRUGARH- IN,1174,760,27.483853,95.016922
67865099999,KWEKWE- ZI,710,239,-18.9333333,29.8333333
62121099999,EL HAMADA- LY,1195,103,29.5166666,12.9333333
99441099999,ST. AUGUSTINE FL- US,1198,2230,29.86,278.74
72204453930,ADA MUNICIPAL AIRPORT- OK US,1248,2107,34.80417,263.32889
47936099999,NAHA- JA,1161,1021,26.2,127.6833333
78639099999,RETALHULEU- GT,1045,2146,14.521017,268.302744
51467099999,BALGUNTAY- CH,1326,691,42.6666666,86.3333333
71089099999,RIBSTONE SOUTH AGCM- CA,1425,1997,52.5833333,249.65
17601099999,AKROTIRI- CY,1245,264,34.590416,32.987861
11659099999,PRIBYSLAV- EZ,1395,126,49.5833333,15.7666666
99401699999,SAN FRANCISCO- CA US,1278,1900,37.807,237.535
72646654917,APPLETON MUNICIPAL AIRPORT- MN US,1352,2112,45.2275,263.99278
62417099999,SIWA- EG,1191,204,29.2,25.4833333
72405713701,ABERDEEN PHILLIPS FIELD- MD US,1294,2271,39.4716,283.83029999999997
26226099999,KIHNU- EN,1480,192,58.1,23.9666666
72533704807,GARY- IN US,1316,2181,41.61667,272.58333
68002599999,KATIMA MULILO- WA,723,193,-17.6333333,24.1666666
80028099999,ERNESTO CORTISSOZ- CO,1008,2282,10.889589,285.219181
22621099999,SEGEZA- RS,1537,274,63.7666666,34.2833333
72793724222,EVERETT SNOHOMISH CO AIRPORT- WA US,1379,1902,47.92322,237.71692000000002
16179099999,FRONTONE- IT,1335,102,43.5166667,12.7333333
99734599999,CLEARWATER BEACH- FL US,1179,2217,27.97,277.17
72314863859,MORGANTON LENOIR FOOTHILLS REGIONAL AIRPORT- NC US,1258,2227,35.82139,278.38944
30777099999,SRETENSK- RS,1422,942,52.2333333,117.7
02903099999,KRUUNUPYY- FI,1537,185,63.721172,23.143131
98752099999,BUTUAN- RP,989,1004,8.95,125.4833333
47150099999,BORYEONG- KS,1263,1012,36.3333333,126.55
31418099999,VESELAJA GORKA- RS,1422,1086,52.2833333,135.8
72072300257,VERMILLION 26 OIL PLATFORM- LA US,1194,2141,29.467,267.633
72344853934,BATESVILLE REGIONAL AIRPORT- AR US,1257,2147,35.72611,268.35278
72259803970,DALLAS ADDISON AIRPORT- TX US,1229,2105,32.96861,263.16361
72643894994,BOSCOBEL AIRPORT- WI US,1331,2155,43.15614,269.32243
11310099999,ISCHGL IDALPE- AU,1369,83,46.9833333,10.3166666
01049099999,ALTA- NO,1599,187,69.976111,23.371667
17295099999,DALAMAN- TU,1267,230,36.713056,28.7925
72036263874,GREENVILLE MAC CRENSHAW MEMORIAL AIRPORT- AL US,1218,2187,31.84675,273.3859
40608099999,MOSUL- IZ,1263,345,36.305761,43.147397
08512099999,PONTA DELGADA- PO,1277,2674,37.741184,334.30213
72353753913,GUTHRIE MUNICIPAL AIRPORT- OK US,1258,2101,35.85167,262.5858
14105099999,PORTOROZ- SI,1354,109,45.473353,13.614978
96315099999,BRUNEI INTERNATIONAL- BX,949,919,4.9442,114.928353
41506099999,CHITRAL- PK,1258,575,35.85,71.8333333
64387099999,KIGALI INTERNATIONAL- RW,880,241,-1.968628,30.13945
94343099999,HUGHENDEN AIRPORT- AS,691,1154,-20.8166666,144.2333333
78650099999,ACAJUTLA SONSONATE- ES,1035,2161,13.5666667,270.1666667
30650099999,ROMANOVKA- RS,1431,902,53.2,112.7833333
44373099999,DALANZADGAD- MG,1335,835,43.5833333,104.4166666
85140099999,REYES- BL,756,2341,-14.3,292.6333333
72253312962,HONDO MUNICIPAL AIRPORT- TX US,1193,2087,29.36013,260.82577000000003
43311099999,M.O. AMINI- IN,1011,582,11.1166666,72.7333333
72064499999,BUCKEYE MUNICIPAL- AZ US,1234,1979,33.420417,247.313819
29634099999,TOLMACHEVO- RS,1450,661,55.012622,82.650656
72782594239,WENATCHEE PANGBORN MEMORIAL AIRPORT- WA US,1373,1918,47.39746,239.79876000000002
99999903095,MILLS 6 WSW- NM US,1260,2045,36.0609,255.6448
91574099999,ILE LOOP CHESTERFIELD- NC,700,1268,-19.9666666,158.4833333
56146099999,GARZE- CH,1216,800,31.6166666,100.0
53487099999,DATONG- CH,1300,907,40.0833333,113.4166666
71485099999,HERBERT ISLAND- CA,1409,1859,50.9333333,232.35
72218204890,ROCHELLE MUNICIPAL KORITZ FIELD AIRPORT- IL US,1318,2167,41.89278,270.92194
57604099999,NAXI- CH,1187,843,28.7833333,105.3833333
72495593227,NAPA CO AIRPORT- CA US,1282,1902,38.2075,237.71958999999998
99999904222,REDDING 12 WNW- CA US,1306,1899,40.6507,237.39319999999998
72488023185,RENO AIRPORT- NV US,1295,1922,39.50769,240.23171000000002
70063899999,FALSE PASS- AK US,1448,1573,54.85,196.5833334
47945099999,MINAMI DAITO- JA,1158,1050,25.846533,131.263494
28666099999,MAKUSINO- RS,1452,538,55.25,67.3
99999903739,CAPE CHARLES 5 ENE- VA US,1272,2273,37.2907,284.073
40712599999,JAM- IR,1178,419,27.820422,52.35215
15552099999,VARNA- BU,1332,223,43.232072,27.825106
54012099999,XI UJIMQIN QI- CH,1345,941,44.5833333,117.6
20069099999,OSTROV VIZE- RS,1694,616,79.4833333,76.9833333
87750099999,COMANDANTE ESPORA- AR,512,2383,-38.724967,297.830683
71948027202,CAPE PARRY- NT CA,1601,1883,70.16667,235.31667
94302099999,LEARMONTH- AS,677,913,-22.235556,114.088611
83971099999,SALGADO FILHO- BR,600,2471,-29.994428,308.828572
02498099999,SVENSKA HOGARNA A- SW,1494,156,59.45,19.5
71414099999,DUPRE AGCM- CA,1443,1993,54.3666666,249.1333334
72546404977,NEWTON MUNICIPAL AIRPORT- IA US,1316,2136,41.67417,266.97833
38001099999,AKTAU- KZ,1338,409,43.86005,51.091978
74465953822,OLNEY NOBLE AIRPORT- IL US,1287,2175,38.72167,271.82361000000003
47883099999,KOCHI- JA,1235,1069,33.546111,133.669444
40977099999,TIRIN KOT- AF,1226,527,32.6166666,65.8666666
99733799999,CALCASIEU PASS- LA US,1197,2133,29.768,266.657
15525799999,BALCHICK AB- BU,1334,225,43.4166666,28.1833333
68296099999,SKUKUZA- SF,650,253,-24.9833333,31.6
68588099999,DURBAN INTERNATIONAL- SF,600,248,-29.970089,30.950519
60425099999,ECH CHELIFF- AG,1262,11,36.212658,1.331775
02199099999,YLINENJARVI- SW,1566,188,66.6166666,23.4666666
72677024033,BILLINGS INTERNATIONAL AIRPORT- MT US,1358,2012,45.80721,251.45382
48352099999,NONG KHAI- TH,1078,822,17.8666666,102.75
99470099999,AUGUSTINE ISLAND- AK US,1493,1653,59.38,206.65
07230099999,BEAUCOUZE- FR,1374,2875,47.4833333,359.4
37085099999,KOCUBEJ- RS,1343,372,44.4,46.55
01047099999,KAUTOKEINO II- NO,1590,185,69.0166667,23.0666667
02980099999,LEMLAND NYHAMN- FI,1499,160,59.9666666,19.95
72076800274,LEE CO AIRPORT- VA US,1266,2214,36.654,276.782
71580099999,TALOYOAK A NU- CA,1595,2131,69.5333333,266.4333334
71238099999,ELK ISLAND NAT PARK ALTA- CA,1436,1977,53.6833333,247.1333334
72387003160,DESERT ROCK AIRPORT- NV US,1266,1952,36.6206,243.9722
56172099999,BARKAM- CH,1218,818,31.9,102.2333333
71436099999,PETERBOROUGH- CA,1342,2253,44.23,281.636667
91762099999,APIA UPOLU ISLAND- WS,761,1506,-13.8,188.2166667
68921099999,STRUISBAAI- SF,552,161,-34.8,20.0666666
71434099999,PEAWANUCK AUT- CA,1449,2197,54.9833333,274.5666667
99999904138,BRIGHAM CITY 28 WNW- UT US,1316,1980,41.6163,247.4563
99738099999,ADAK ISLAND- AK US,1418,1467,51.87,183.37
72303593740,FAYETTEVILLE REGIONAL AIRPORT GRANNIS FIELD- NC US,1249,2249,34.98953,281.11996
11624099999,CASLAV- EZ,1399,123,49.939653,15.381808
72029304989,INDEPENDENCE MUNICIPAL AIRPORT- IA US,1324,2144,42.45333,268.0525
72382693194,INYOKERN KERN CO- CA US,1256,1937,35.66667,242.16667
01310099999,FLORO- NO,1515,40,61.583611,5.024722
08175099999,REUS- SP,1311,9,41.147392,1.167172
07502099999,CAZAUX- FR,1345,2871,44.533333,358.875
99402899999,SANTA MONICA PIER- CA US,1240,1932,34.008,241.5
47005099999,SAMJIYON- KN,1318,1026,41.8166666,128.3
94846099999,AIREYS INLET- AS,515,1153,-38.45,144.1
07130099999,ST JACQUES- FR,1380,2866,48.069508,358.265206
72516594737,RUTLAND STATE AIRPORT- VT US,1335,2296,43.53333,287.05
40265099999,KING HUSSEIN- JO,1223,290,32.356353,36.259181
76458099999,COLONIA JUAN CARRASCO MAZATLAN SIN.- MX,1131,2029,23.2,253.58333340000001
22845099999,KARGOPOL- RS,1514,311,61.5,38.9333333
02756099999,SALO KARKKA- FI,1503,185,60.3666666,23.1166666
62318099999,ALEXANDRIA INTERNATIONAL- EG,1211,240,31.183903,29.948889
71063099999,OTTAWA CDA RCS ONT- CA,1353,2274,45.3833333,284.2833334
03292099999,BRIDLINGTON MRSC- UK,1440,2879,54.1,359.8333334
99999994082,DINOSAUR 2 E- CO US,1302,2008,40.2446,251.03230000000002
71954026394,FLIN FLON- MB CA,1446,2067,54.683,258.317
59158099999,TAIZHONG- CH,1141,965,24.15,120.6833333
21823099999,YAKUTSK- RS,1520,1038,62.09325,129.770672
78866000399,PRINCESS JULIANA INTERNATIONAL AIRPORT- NN,1080,2375,18.04583,296.88528
71829099999,BAIE COMEAU QUE- CA,1392,2335,49.25,291.8666667
72546194988,MARSHALLTOWN MUNICIPAL AIRPORT- IA US,1321,2137,42.11061,267.08365000000003
71282099999,LAGOON CITY ONT- CA,1345,2246,44.5333333,280.7833334
72057700175,RUSK CO AIRPORT- TX US,1221,2121,32.15,265.15
71499099999,KEY LAKE- CA,1472,2035,57.25,254.3833334
03707099999,CHIVENOR- UK,1410,2847,51.087167,355.849661
71868099999,HUDSON BAY SASK- CA,1428,2061,52.8166666,257.6833334
71377099999,STE ANNE DE BELLEVUE 1 QUE- CA,1354,2289,45.4166666,286.0833334
71010099999,BELLSHILL AGCM- CA,1425,1988,52.5833333,248.5333334
85886099999,CHILE CHICO- CI,434,2307,-46.583341,288.312595
30823099999,MUKHINO- RS,1418,860,51.807764,107.437644
23909099999,GAJNY- RS,1502,435,60.2833333,54.35
51379099999,QITAI- CH,1340,717,44.0166666,89.5666666
32408099999,UST KAMCHATSK- RS,1462,1302,56.2166666,162.7166666
63331099999,GONDER- ET,1025,299,12.5199,37.434047
40953499999,FOB CONNOLLY- AF,1242,562,34.2666666,70.2
36038099999,ZMEINOGORSK- RS,1411,658,51.15,82.2
35406099999,TAIPAK- KZ,1390,415,49.05,51.8666666
56018099999,ZADOI- CH,1228,762,32.9,95.3
07207099999,BELLE ILE LE TALUT- FR,1372,2854,47.3,356.7816667
01375099999,KVITFJELL- NO,1514,81,61.4666666,10.1333333
99999963838,VERSAILLES 3 NNW- KY US,1280,2202,38.0945,275.25350000000003
86460099999,PASO DE LOS TOROS- UY,572,2428,-32.8,303.4833334
71406099999,FEROLLE POINT AUT NFLD- CA,1410,2423,51.0166666,302.9
72307513769,OCEANA NAS- VA US,1268,2272,36.81667,283.96667
94542099999,DALBY AIRPORT- AS,628,1210,-27.15,151.2666666
40829099999,ZABOL- IR,1210,492,31.098333,61.543889
72687300452,IDAHO CO AIRPORT- ID US,1359,1951,45.94255,243.87659
51156099999,HOBOKSAR- CH,1368,686,46.8166666,85.75
06604099999,NEUCHATEL AUT- SZ,1369,56,47.0,6.95
70305999999,KING COVE- AK US,1451,1582,55.17,197.73
71974099999,AULVIK NATIONAL PARK- CA,1641,1920,74.13,240.01999999999998
99800399999,JOBOS BAY RESERVE- RQ,1079,2350,17.95,293.7666667
72526794868,FRANKLIN- PA US,1313,2241,41.38333,280.13333
29418099999,SEVERNOE- RS,1463,627,56.35,78.35
71978099999,IVVAVIK NAT. PARK YT- CA,1591,1759,69.15,219.85
94910099999,WAGGA WAGGA- AS,548,1180,-35.165278,147.466389
82824099999,GOVERNADOR JORGE TEIXEIRA DE OLIVEIRA- BR,812,2369,-8.709294,296.097719
65352099999,MANGO SANSANNE- TO,1003,4,10.3666667,0.4666667
01320099999,SANDANE ANDA- NO,1518,49,61.8333333,6.1166667
A0000363844,MACON CO AIRPORT- NC US,1252,2213,35.2225,276.58083
83359099999,BARRA DO GARCAS- BR,741,2461,-15.861344,307.611106
72428014821,JOHN GLENN INTERNATIONAL AIRPORT- OH US,1299,2217,39.99068,277.12297
28655099999,SUMIHA- RS,1452,507,55.2333333,63.3166666
72330613825,COLUMBUS AFB- MS US,1236,2172,33.65,271.55
40704099999,AHAR- IR,1284,377,38.4333333,47.0666666
71552099999,VICTORIA BEACH AUT MAN- CA,1406,2107,50.7,263.4333334
47067099999,SINGYE- KN,1284,1012,38.5,126.5333333
65439099999,SUNYANI- GH,973,2861,7.361828,357.671244
08014499999,ARMILLA- SP,1271,2851,37.133222,356.364306
72547394979,CLINTON MUNICIPAL AIRPORT- IA US,1318,2157,41.83333,269.66667
02976099999,KOTKA RANKKI- FI,1503,216,60.3833333,26.9666666
62366099999,CAIRO INTERNATIONAL- EG,1201,251,30.121944,31.405556
03911099999,LOUGH FEA- UK,1447,2825,54.7166666,353.1833334
71975099999,CAPE MERCY- CA,1549,2371,64.95,296.42
60520099999,SIDI BEL ABBES- AG,1251,2875,35.2,359.3833334
06081099999,BLAAVANDSHUK- DA,1455,65,55.55,8.0833333
71509099999,LETHBRIDGE DEMO FARM AGDM ALTA- CA,1396,1978,49.6833333,247.25
60676099999,IN EZZANE- AG,1134,90,23.4833333,11.2333333
72344013964,FORT SMITH REGIONAL AIRPORT- AR US,1253,2125,35.33346,265.63473999999997
71441099999,GRETNA AUT MAN- CA,1390,2100,49.0166666,262.45
86575099999,ANGEL S ADAMI- UY,552,2430,-34.789208,303.735297
72505004781,ISLIP LI MACARTHUR AIRPORT- NY US,1307,2295,40.79389,286.89819
71077099999,BUFFALO NARROWS AUT SASK- CA,1458,2013,55.8333333,251.56666669999998
01088299999,ROROS- NO,1525,91,62.578411,11.342347
06290099999,TWENTHE- NL,1422,55,52.27,6.874167
72662794037,BUFFALO ASOS- SD US,1356,2052,45.604294,256.453004
81408099999,SAINT GEORGES- FG,938,2466,3.8833333,308.2
47557099999,FUKUSHIMA- JA,1272,1123,37.227431,140.430678
94919099999,KHANCOBAN- AS,537,1185,-36.2333333,148.1333333
64501099999,PORT GENTIL- GB,892,70,-0.711739,8.754383
72646854913,PHILLIPS PRICE CO AIRPORT- WI US,1357,2157,45.70889,269.59778
17030099999,SAMSUN- TU,1312,290,41.2833333,36.3
76750099999,CHETUMAL INTERNATIONAL- MX,1085,2173,18.504667,271.673153
71788099999,GRASSY LAKE- CA,1398,1986,49.8666666,248.2666667
71356099999,BAKER LAKE CLIMATE NU- CA,1543,2112,64.3166666,264.0
72367623048,TUCUMCARI MUNICIPAL AIRPORT- NM US,1251,2051,35.18052,256.39856
72070154942,OSCEOLA MUNICIPAL AIRPORT- IA US,1310,2130,41.05222,266.31087
47854099999,NYUTABARU- JA,1220,1052,32.083611,131.451389
71569099999,BRATT S LAKE UA SASK- CA,1401,2042,50.2,255.3
72225254923,CANBY MYERS FIELD AIRPORT- MN US,1347,2110,44.72944,263.73389
48928099999,SAM NEUA- LA,1104,833,20.4166667,104.0666667
99834299999,TACONY PALMYRA BRIDGE- NJ US,1300,2280,40.012,284.95799999999997
17034099999,GIRESUN- TU,1309,307,40.9166666,38.3833333
99999964758,ITHACA 13 E- NY US,1324,2270,42.4401,283.7538
85442099999,CERRO MORENO INTERNATIONAL- CI,665,2316,-23.444478,289.5549
78637299999,ESQUIPULAS- GT,1045,2165,14.57,270.65
38598099999,KAJRAKKUMSKOE- TI,1302,559,40.2666666,69.8166666
03313099999,RHYL NUMBER 2- UK,1432,2852,53.25,356.5
27719099999,TULA- RS,1442,301,54.2333333,37.6166666
71177099999,CAPE KIGLAPAIT- CA,1471,2388,57.13,298.52
01482099999,FERDER LH- NO,1490,84,59.0333333,10.5166666
40990099999,KANDAHAR- AF,1215,527,31.505756,65.847822
72370093167,KINGMAN AIRPORT- AZ US,1252,1969,35.25745,246.06595
59562099999,TAIDONG- CH,1127,969,22.75,121.15
86068099999,DR LUIS MARIA ARGANA INTERNATIONAL- PA,679,2395,-22.044986,299.378306
95831099999,WALPEUP RESEARCH- AS,548,1136,-35.1166666,142.0
91610099999,BONRIKI INTERNATIONAL- KR,913,1385,1.381636,173.147036
16088099999,GHEDI- IT,1354,82,45.432167,10.267667
35394699999,ZVARTNOTS- AM,1301,355,40.147275,44.395881
72548404942,LE MARS MUNICIPAL AIRPORT- IA US,1327,2110,42.77778,263.80638999999996
72540404847,ADRIAN LENAWEE CO AIRPORT- MI US,1318,2207,41.86784,275.92054
72215503040,MONUMENT PASS- CO US,1292,2043,39.21667,255.36667
11968099999,KOSICE- LO,1386,170,48.6666666,21.2166666
42410099999,GUWAHATI INTERNATIONAL- IN,1161,733,26.106092,91.585939
53513099999,LINHE- CH,1307,859,40.7666666,107.4
95296099999,AYR ALVA BEACH- AS,705,1180,-19.45,147.4833333
99725499999,9063020 BUFFALO NY- US,1328,2249,42.88,281.11
17098199999,SIIRT- TU,1279,335,37.978886,41.840436
68754099999,DOHNE- SF,574,220,-32.5166666,27.4666666
72488593102,FALLON NAAS- NV US,1294,1930,39.41667,241.28333
13591099999,STIP- MK,1317,177,41.75,22.1833333
72248513944,SHREVEPORT BARKSDALE AFB- LA US,1224,2131,32.5,266.33333
61024099999,AGADEZ- NG,1069,64,16.9666666,7.9666666
16259199999,PARMA- IT,1348,82,44.824483,10.296367
02790099999,KUMLINGE KK- FI,1502,166,60.25,20.75
06019099999,SILSTRUP- DA,1469,69,56.9333333,8.6333333
71473599999,VICTORIA HARBOUR- CA,1384,1893,48.42,236.67000000000002
72094200323,WAHOO MUNICIPAL AIRPORT- NE US,1312,2107,41.233,263.4
42131099999,HISSAR- IN,1191,606,29.179444,75.755336
60190099999,KASBA TADLA- MO,1225,2830,32.5333333,353.7166667
08554099999,FARO- PO,1270,2816,37.014425,352.034089
78663099999,ILOPANGO INTERNATIONAL- ES,1036,2167,13.699492,270.880139
02512099999,SAVE- SW,1477,95,57.774722,11.870372
72209704936,HARLAN MUNICIPAL AIRPORT- IA US,1315,2117,41.58417,264.66056000000003
70030027503,WAINWRIGHT AIRPORT- AK US,1606,1600,70.63678,199.98686
02704099999,HATTULA LEPAA AWS- FI,1511,195,61.1166666,24.3166666
68814099999,DASSEN ISLAND- SF,565,145,-33.4333333,18.0833333
03453099999,COTTESMORE- UK,1427,2875,52.735711,359.351231
72640904897,WAUKESHA CO AIRPORT- WI US,1330,2174,43.04083,271.76306
99840799999,HOLLAND- MI US,1327,2190,42.768,273.799
72037154850,THREE RIVERS MUNICIPAL DR HAINES AIRPORT- MI US,1319,2195,41.95972,274.40667
28541099999,VERHNIJ UFALEJ- RS,1460,482,56.0833333,60.3
42339099999,JODHPUR- IN,1162,584,26.251092,73.048869
23631099999,BEREZOVO- RS,1539,520,63.9333333,65.05
99773299999,PORTAGE CANAL- MI US,1372,2172,47.27,271.47
17200699999,ANADOLU- TU,1298,244,39.809858,30.519378
71943099999,FORT ST JOHN- CA,1462,1914,56.238056,239.259722
40754099999,MEHRABAD INTERNATIONAL- IR,1256,411,35.689167,51.313416
71681099999,ASHCROFT- CA,1406,1910,50.7,238.7333334
85936399999,CAPITAN FUENTES MARTINEZ- CI,367,2317,-53.2537,289.680772
72202012839,MIAMI INTERNATIONAL AIRPORT- FL US,1157,2237,25.78805,279.68306
47654099999,HAMAMATSU- JA,1247,1102,34.75,137.7166666
02710099999,VESANTO SONKARI- FI,1529,211,62.9166666,26.4166666
59838099999,DONGFANG- CH,1090,869,19.1,108.6166666
03583035034,LAKENHEATH RAF- UK,1423,5,52.4,0.56667
74794012868,COCOA BEACH CAPE KENNEDY AFS- FL US,1184,2235,28.48333,279.43333
08558099999,EVORA C. COORD- PO,1285,2817,38.5333333,352.1
72071800253,MISSISSIPPI CANYON 311 A- LA US,1186,2162,28.643,270.206
06251099999,TERSCHELLING HOORN AWS- NL,1433,43,53.4,5.35
72781524237,STAMPEDE PASS- WA US,1372,1909,47.2767,238.6628
99414099999,BUZZARDS BAY MA- MA US,1313,2312,41.4,288.97
72035463901,QUARTZ MOUNTAIN REGIONAL AIRPORT- OK US,1246,2085,34.69861,260.66194
70267026415,BIG DELTA AIRPORT- AK US,1539,1714,63.99312,214.27866
95295099999,AYR DPI RESEARCH STATION- AS,703,1179,-19.6166666,147.3833333
68816099999,CAPE TOWN INTERNATIONAL- SF,560,149,-33.964806,18.601667
72091700306,HIGH ISLAND 179 OIL PLATFORM- TX US,1191,2124,29.183,265.483
03139499999,CAMPBELTOWN- UK,1454,2835,55.437222,354.313611
72741504803,RHINELANDER ONEIDA CO AIRPORT- WI US,1356,2164,45.63143,270.5176
72745594931,HIBBING CHISHOLM HIBBING AIRPORT- MN US,1373,2137,47.38039,267.16754000000003
59981099999,XISHA DAO- CH,1068,899,16.8333333,112.3333333
72065100232,UNION CO AIRPORT- OH US,1302,2213,40.225,276.648
43466099999,COLOMBO- CE,968,639,6.9,79.8666666
26966099999,ZHLOBIN- BO,1428,240,52.9,30.0333333
47789099999,HIROSHIMA- JA,1244,1063,34.436111,132.919444
71368099999,WATERLOO- CA,1334,2237,43.460833,279.621389
47788099999,HOFU- JA,1240,1052,34.034667,131.549194
27479099999,KOZ MODEM JANSK- RS,1463,373,56.3333333,46.5833333
71843399999,AUPALUKA- CA,1492,2320,59.29667,290.01661
41170599999,AL UDEID AB- QA,1151,411,25.117317,51.314989
86097099999,PEDRO JUAN CABALLERO- PA,673,2433,-22.6403,304.1674
23955099999,ALEKSANDROVSKOE- RS,1504,623,60.4333333,77.8666666
10685099999,HOF PLAUEN- GM,1402,95,50.288836,11.854919
03743099999,LARKHILL- UK,1411,2866,51.2,358.2
72788594266,PORT ANGELES FAIRCHILD INTERNATIONAL AIRPORT- WA US,1381,1892,48.12194,236.49338
47843099999,FUKUE- JA,1226,1031,32.7,128.8333333
16149099999,RIMINI- IT,1340,101,44.020292,12.611747
72218992815,STUART WITHAM FIELD AIRPORT- FL US,1171,2238,27.18167,279.77917
01162099999,STORKMARKNES SKAGEN- NO,1585,120,68.5833333,15.0166667
61498099999,KIFFA- MR,1065,2789,16.589983,348.593792
42123099999,GANGANAGAR- IN,1199,591,29.9166666,73.9166666
01008099999,LONGYEAR- SV,1682,124,78.246111,15.465556
67137099999,FIANARANTSOA- MA,685,377,-21.441558,47.111736
17255099999,KAHRAMANMARAS- TU,1275,295,37.6,36.9333333
72295303183,MOJAVE AIRPORT- CA US,1250,1935,35.06667,241.85
02772099999,RANTASALMI RUKKASLUOTO- FI,1520,229,62.0666666,28.5666666
71977099999,MARGARET LAKE- CA,1587,1753,68.8,219.15
94517099999,ST GEORGE AIRPORT- AS,619,1189,-28.05,148.6
16080099999,LINATE- IT,1354,74,45.445103,9.276739
71799099999,VICTORIA INTERNATIONAL- CA,1386,1893,48.646944,236.574167
29581099999,KANSK- RS,1461,765,56.2,95.6333333
47104099999,A 306- KS,1278,1022,37.88375,127.717972
31770099999,SOVETSKAYA GAVAN- RS,1389,1122,49.0,140.3
16292399999,PONTECAGNANO- IT,1306,119,40.6204,14.911294
47576099999,MUTSU- JA,1312,1130,41.2833333,141.2166666
97580099999,SARMI ORAI- ID,881,1110,-1.8333333,138.7166667
74370014715,WHEELER SACK FIELD ARMY AIR FIELD- NY US,1340,2274,44.05,284.26667
99999903097,MOUNTAINAIR 2 WSW- NM US,1245,2030,34.517,253.7298
48945099999,PAKSANE- LA,1083,829,18.4,103.6666666
71936099999,YELLOWKNIFE- CA,1524,1964,62.462778,245.559722
72251512926,CORPUS CHRISTI NAS- TX US,1176,2102,27.68786,262.70842
99728899999,QUONSET POINT- RI US,1315,2309,41.58,288.6
13278099999,KRAGUJEVAC- RI,1340,167,44.0333333,20.9333333
41452099999,IBB- YM,1039,355,14.0,44.3333333
26763099999,ORSHA- BO,1444,243,54.5,30.4166666
72747704970,ROSEAU MUNICIPAL RUDY BILLBERG FIELD AIRPORT- MN US,1388,2114,48.85583,264.30306
02636099999,STURUP- SW,1455,107,55.530193,13.371639
71397099999,GREENWOOD- CA,1349,2361,44.984444,295.083056
72200812995,PORT ARANSAS MUSTANG BEACH AIRPORT- TX US,1178,2103,27.81194,262.91139
96973099999,KALIANGET MADURA IS- ID,829,912,-7.05,113.9666666
70341025507,HOMER AIRPORT- AK US,1496,1668,59.64196,208.50902
70273026451,ANCHORAGE TED STEVENS INTERNATIONAL AIRPORT- AK US,1511,1680,61.16916,209.97229
72203792809,HOLLYWOOD NORTH PERRY AIRPORT- FL US,1159,2238,25.99956,279.75881
71256099999,WHITECOURT ALTA- CA,1441,1954,54.15,244.21666670000002
13353099999,SARAJEVO- BK,1338,147,43.824583,18.331467
89625099999,CONCORDIA- AY,149,987,-75.1,123.4
50468099999,AIHUI- CH,1402,1020,50.25,127.45
89272099999,UNIVERSITY WI ID 8917 SKI BLU- AY,152,2308,-74.8,288.5166667
98328099999,BAGUIO- RP,1063,965,16.375103,120.619636
98446099999,VIRAC- RP,1035,994,13.576439,124.205672
95784099999,TAREE AIRPORT AWS- AS,581,1220,-31.8833333,152.5166666
61235099999,YELIMANE- ML,1051,2795,15.1166666,349.4333334
72570594030,VERNAL MUNICIPAL AIRPORT- UT US,1304,2004,40.44293,250.48721999999998
02186099999,KALLAX- SW,1555,177,65.543758,22.121989
99999903091,KIM 9 WSW- CO US,1272,2052,37.2168,256.49580000000003
53698099999,SHIJIAZHUANG- CH,1280,915,38.0666666,114.35
41710099999,NOKKUNDI- PK,1188,502,28.8166666,62.75
62419099999,ABU SIMBEL- EG,1123,253,22.375953,31.611722
42181099999,INDIRA GANDHI INTERNATIONAL- IN,1185,617,28.5665,77.103088
71935099999,HAY RIVER A- CA,1508,1954,60.8333333,244.21666670000002
72202192816,TAMPA VANDENBERG AIRPORT- FL US,1180,2221,28.01389,277.65472
11241099999,SCHOECKL- AU,1371,124,47.2,15.4666666
15023099999,STEFAN CEL MARE- RO,1376,211,47.6875,26.354056
06119099999,KEGNAES- DA,1448,80,54.85,9.9833333
74465253897,HARRISBURG RALEIGH AIRPORT- IL US,1278,2172,37.81139,271.45110999999997
95966099999,LAUNCESTON AIRPORT- AS,484,1178,-41.55,147.2166666
72628494836,GWINN K I SAWYER AFB- MI US,1363,2181,46.35,272.6
97320099999,ALOR MALI KALABAHI- ID,817,997,-8.2166667,124.5666667
31484099999,HULARIN- RS,1414,1081,51.4166666,135.0833333
02286099999,UMEA- SW,1537,162,63.791828,20.282758
72791894298,VANCOUVER PEARSON AIRPORT- WA US,1356,1899,45.62102,237.34579
01374099999,VEST TORPA II- NO,1509,80,60.9333333,10.0333333
33837099999,ODESA INTERNATIONAL- UP,1364,245,46.426767,30.676464
04048099999,VESTMANNAEYJAR- IC,1534,2718,63.424303,339.72112500000003
59293099999,HEYUAN- CH,1137,918,23.8,114.7333333
44338099999,BOGD- MG,1346,817,44.65,102.1666667
72785794129,PULLMAN MOSCOW REGIONAL AIRPORT- WA US,1367,1943,46.74376,242.88419
10857099999,LANDSBERG LECH- GM,1380,87,48.070575,10.905994
47880099999,TAKAMATSU- JA,1242,1072,34.214167,134.015556
54776099999,CHENGSHANTOU- CH,1273,981,37.4,122.6833333
76680099999,MEXICO CENTRAL D.F.- MX,1093,2087,19.4,260.8166667
71070099999,PAKOWKI LAKE AGCM- CA,1392,1991,49.2166666,248.8666667
45035099999,LAU FAU SHAN- CH,1124,912,22.4666666,113.9833333
07494099999,ANNECY MEYTHET- FR,1359,49,45.9333333,6.1
47569099999,SENDAI- JA,1281,1127,38.139722,140.916944
72362593057,GRANTS MILAN MUNICIPAL AIRPORT- NM US,1251,2017,35.16528,252.09778
71882099999,REVELSTOKE A- CA,1409,1935,50.9666666,241.81666669999998
28676099999,PETROPAVLOVSK- KZ,1448,553,54.83,69.15
72417613736,MORGANTOWN MUNICIPAL AIRPORT- WV US,1296,2241,39.64981,280.07936
91650099999,ROTUMA ISLAND- FJ,774,1416,-12.5,177.05
70208426650,EMMONAK- AK US,1527,1564,62.78528,195.50889
08512599999,PICO- PO,1285,2652,38.554333,331.558667
33345199999,ANTONOV INTERNATIONAL- UP,1406,242,50.603497,30.191933
72412753801,LEWISBURG- WV US,1278,2237,37.86667,279.6
96525099999,TANJUNG SELOR- ID,928,939,2.85,117.3333333
44341099999,MANDALGOBI- MG,1357,850,45.7666666,106.2833333
06681099999,ST. GALLEN- SZ,1374,75,47.4333333,9.4
71240099999,ESTHER 1 ALTA- CA,1416,1998,51.6666666,249.8
17024099999,INEBOLU- TU,1319,270,41.9833333,33.7833333
99733999999,MICHIGAN CITY- IN US,1317,2185,41.73,273.07
47807099999,FUKUOKA- JA,1235,1043,33.5833333,130.3833333
68263099999,PRETORIA IRENE- SF,640,226,-25.91098,28.21045
60619099999,TAGUENTOUR- AG,1184,20,28.4666667,2.5166666
71534099999,BORDEN- CA,1342,2241,44.25,280.0833333
71610099999,SHERBROOKE- CA,1354,2306,45.438611,288.308611
42971099999,BHUBANESHWAR- IN,1102,687,20.244364,85.817781
01233099999,DOMBAAS- NO,1520,73,62.0833333,9.1166666
94760099999,HORSLEY EQUESTRIAN CENTRE- AS,561,1207,-33.85,150.85
67586099999,LILONGWE INTERNATIONAL- MI,762,270,-13.789378,33.781
72467693073,ASPEN PITKIN CO AIRPORT SARDY FIELD- CO US,1292,2025,39.22994,253.12948
41198099999,FUJAIRAH INTERNATIONAL- AE,1151,451,25.112225,56.323964
99820399999,WEST NEEBISH- MI US,1362,2206,46.2833333,275.8
71584099999,HAVRE ST PIERRE- CA,1402,2371,50.2666666,296.4
95734099999,NARRABRI AIRPORT AWS- AS,596,1199,-30.3166666,149.8166666
99445099999,SOMBRERO KEY FL- FL US,1146,2231,24.63,278.89
89807099999,SNYDER ROCKS- AY,234,862,-66.55,107.75
78367011706,GUANTANAMO BAY NAS- CU,1098,2279,19.9,284.85
95303099999,VARANUS ISLAND- AS,693,925,-20.65,115.5666666
72234654824,OWOSSO COMMUNITY AIRPORT- MI US,1329,2207,42.99306,275.86111
97378099999,ROTE BAA LEKUNIK- ID,792,985,-10.7333333,123.0666667
72219223033,SWEETWATER AVENGER FIELD- TX US,1224,2076,32.47333,259.53361
07090099999,FRESCATY- FR,1390,49,49.071667,6.131667
40818099999,ABADEH- IR,1211,421,31.1833333,52.6666667
04053099999,BERGSTADIR- IC,1556,2723,65.7,340.3833334
99999963862,VALLEY HEAD 1 SSW- AL US,1245,2195,34.5653,274.3829
99999994645,LIMESTONE 4 NNW- ME US,1369,2337,46.9601,292.1167
68747099999,FORT BEAUFORT- SF,572,213,-32.7833333,26.6333333
96171099999,RENGAT JAPURA AIRPORT- ID,896,819,-0.35,102.3333333
26116099999,KARDLA- EN,1489,183,58.990756,22.830733
02489099999,BERGA- SW,1490,145,59.0666666,18.1166666
13285099999,VELIKO GRADISTE- RI,1347,172,44.75,21.5166666
03220099999,CARLISLE- UK,1449,2856,54.9333333,357.0333334
02282099999,PETISTRASK- SW,1545,158,64.5666666,19.7
07109099999,POULMIC- FR,1382,2844,48.281703,355.554983
72401703707,FARMVILLE REGIONAL AIRPORT- VA US,1273,2252,37.3575,281.56222
68527099999,PRIESKA- SF,603,182,-29.6666666,22.7333333
35426099999,TEMIR- KZ,1391,457,49.15,57.1166666
40377099999,KING KHALED MILITARY CITY- SA,1179,364,27.900917,45.528194
29631099999,KOLYVAN- RS,1452,662,55.3,82.75
17096099999,ERZURUM- TU,1299,329,39.956501,41.170166
94860099999,KILMORE GAP- AS,526,1160,-37.3833333,144.9666666
65472099999,KOTOKA INTERNATIONAL- GH,956,2879,5.605186,359.833214
72045500145,MADISON AIRPORT- KY US,1276,2205,37.633,275.66700000000003
72484653123,LAS VEGAS AIR TERMINAL- NV US,1262,1958,36.21205,244.80606
60571099999,BECHAR- AG,1216,2862,31.645744,357.730139
78719099999,LA ESPERANZA- HO,1043,2175,14.3333333,271.8333333
03502099999,ABERPORTH- UK,1421,2843,52.1333333,355.4333333
35576099999,KZYLZHAR- KZ,1382,557,48.3,69.65
91519099999,HONIARA NTF AWS- BP,805,1280,-9.43,159.97
68828099999,GEORGE- SF,559,179,-34.005553,22.378889
02354099999,RASTA- SW,1524,139,62.4333333,17.35
85283099999,JUANA AZURDUY DE PADILLA- BL,709,2358,-19.007083,294.711253
47595099999,FUKUSHIMA- JA,1277,1124,37.7666666,140.4666666
06060099999,KARUP- DA,1462,73,56.297458,9.124628
72306013722,RALEIGH DURHAM INTERNATIONAL AIRPORT- NC US,1258,2250,35.89227,281.21806
17375099999,FINIKE- TU,1262,241,36.3,30.15
67085099999,ANTANANARIVO VILLE- MA,711,380,-18.8666666,47.5
99999903098,EAGLE 13 SSE- CO US,1294,2026,39.4827,253.2663
60735099999,KAIROUAN- TS,1256,81,35.6666667,10.1
04104099999,GUFUSKALAR- IC,1548,2689,64.9,336.0666667
02874099999,HAILUOTO ISLAND- FI,1550,198,65.0333333,24.8
72519454778,PENN YAN AIRPORT- NY US,1326,2264,42.64405,282.94714
47152099999,ULSAN- KS,1255,1035,35.593494,129.351722
91754099999,FUTUNA ISL MAOPOOPO- WF,756,1455,-14.3166667,181.8833333
29471099999,BOL SHAJA MURTA- RS,1468,745,56.9,93.1333333
17271099999,GAP SANLIURFA- TU,1274,311,37.4833333,38.8833333
06211099999,J6 A HELIPAD OIL PLATFORM- NL,1438,24,53.8166666,2.95
99999903096,RIFLE 23 NW- CO US,1297,2015,39.7608,251.8732
71203099999,KELOWNA- CA,1399,1925,49.956112,240.622222
24688099999,OJMJAKON- RS,1532,1145,63.25,143.15
07635099999,SALVAZA- FR,1332,18,43.215978,2.306317
98558099999,GUIUAN- RP,1010,1006,11.035544,125.741594
60775099999,REMADA- TS,1223,83,32.306156,10.382108
64756099999,ABECHE- CD,1038,167,13.847,20.844333
68581099999,PIETERMARITZBURG- SF,603,243,-29.6333333,30.4
06049099999,HALD V- DA,1465,81,56.5666666,10.1
47542099999,AOMORI- JA,1307,1126,40.734722,140.690833
15525899999,GRAF IGNATIEVO AIR BASE- BU,1322,198,42.2833333,24.75
15505099999,VRATZA- BU,1331,188,43.2,23.5333333
72572024127,SALT LAKE CITY INTERNATIONAL AIRPORT- UT US,1307,1984,40.77069,248.03497
72034863886,MILLEDGEVILLE BALDWIN CO AIRPORT- GA US,1231,2214,33.15417,276.75944
48925099999,OUDOMXAY- LA,1106,816,20.6833333,102.0
68916099999,CAPE POINT- SF,556,148,-34.35,18.5
71026099999,MEDICINE HAT RCS- CA,1400,1994,50.0333333,249.2833334
24951099999,ISIT- RS,1508,1003,60.8166666,125.3166666
72093499999,WRAY MUNICIPAL- CO US,1301,2062,40.100323,257.75904
47671099999,TOKYO INTERNATIONAL- JA,1255,1118,35.552258,139.779694
72650604840,FOND DU LAC CO AIRPORT- WI US,1337,2172,43.76951,271.50924
11856099999,MOCHOVCE- LO,1382,148,48.2833333,18.45
01161099999,SVOLVAER HELLE- NO,1582,117,68.25,14.6666667
41718099999,KHANPUR- PK,1186,565,28.65,70.6833333
70305126521,HOLY CROSS- AK US,1521,1602,62.18333,200.23333
02101099999,HEMAVAN- SW,1558,121,65.806111,15.082778
71047099999,MANNWILLE AGCM- CA,1434,1990,53.45,248.75
72614054742,SAINT JOHNSBURY ASOS- VT US,1344,2304,44.42,287.9806
62405099999,LUXOR INTERNATIONAL- EG,1156,262,25.671028,32.706583
71239099999,CYORESS RIVER RCS- CA,1395,2087,49.55,260.9333334
99728099999,KINGS POINT- NY US,1307,2290,40.8,286.23
72480023157,BISHOP AIRPORT- CA US,1273,1933,37.37114,241.64114
61980099999,ST DENIS GILLOT- RE,691,444,-20.8871,55.510308
02706099999,LOHJA PORLA- FI,1502,192,60.25,24.05
14447099999,HVAR- HR,1331,132,43.1666667,16.45
72546014933,DES MOINES INTERNATIONAL AIRPORT- IA US,1315,2131,41.53395,266.34686999999997
78318099999,BAHIA HONDA PINAR DEL RIO- CU,1129,2215,22.9166666,276.8333334
94566099999,GYMPIE- AS,638,1221,-26.1833333,152.6333333
58027099999,XUZHOU- CH,1242,937,34.2833333,117.15
64655099999,BRIA- CT,965,176,6.5333333,21.9833333
94308099999,ROEBOURNE AERO- AS,692,937,-20.75,117.15
43495099999,GALLE- CE,960,642,6.0333333,80.2166666
71198099999,LAC SAINT PIERRE QUE- CA,1361,2297,46.1833333,287.0833334
12575099999,TARNOW- PL,1400,168,50.0333333,20.9833333
72743404870,CHARLEVOIX MUNICIPAL AIRPORT- MI US,1353,2198,45.30472,274.72528
48057099999,TAUNGGYI- BM,1107,776,20.7833333,97.05
70271126439,SHEEP MOUNTAIN AIRPORT- AK US,1518,1700,61.81194,212.49306
94906099999,MOUNT HOTHAM- AS,530,1177,-36.9666666,147.1333333
72360023051,CLAYTON MUNICIPAL AIR PARK- NM US,1264,2055,36.44834,256.84634
08410099999,CORDOBA- SP,1278,2841,37.842006,355.151122
72074300418,SOUTH PADRE ISLAND HELIPORT- TX US,1160,2103,26.067,262.85
47041099999,HAMHEUNG- KN,1299,1020,39.9333333,127.55
01224099999,AALESUND- NO,1524,50,62.4666666,6.2166666
40007099999,ALEPPO INTERNATIONAL- SY,1261,298,36.180675,37.224358
38812099999,KARSHI- UZ,1287,526,38.8,65.7166666
48600099999,LANGKAWI INTERNATIONAL- MY,963,798,6.329728,99.728667
97240099999,MATARAM LOMBOK INTERNATIONAL AIRPORT- ID,812,930,-8.75,116.2666666
99469099999,DRIFT RIVER TERMINAL- AK US,1505,1663,60.55,207.86
48408099999,UBON RATCHATHANI AGROMET- TH,1052,840,15.2333333,105.0333333
99999963826,BLACKVILLE 3 W- SC US,1233,2229,33.355,278.6721
78846199999,WALLBLAKE- AV,1082,2376,18.204834,296.944916
37575099999,ZAKATALA- AJ,1316,373,41.6666666,46.65
71573099999,DELHI CS ONT- CA,1328,2236,42.8666666,279.45
72750494999,AITKIN MUNICIPAL AIRPORT- MN US,1365,2131,46.5475,266.32333
15625099999,PLOVDIV- BU,1320,199,42.067806,24.850833
85580099999,EULOGIO SANCHEZ- CI,565,2316,-33.456278,289.453333
74781263813,MARIETTA COBB CO MCCOLLUM FIELD AIRPORT- GA US,1240,2203,34.01306,275.40139
01087599999,HEIMDAL OIL PLATFORM- NO,1495,18,59.5666666,2.2166666
85577099999,QUINTA NORMAL- CI,565,2315,-33.4333333,289.3166667
72255512935,PALACIOS MUNICIPAL AIRPORT- TX US,1187,2110,28.7248,263.74647
60191099999,BENI MELLAL- MO,1223,2829,32.3666666,353.6
72203304999,GRANITE FALLS MUNICIPAL AIRPORT LENZEN ROE MEMORIAL FIELD- MN US,1347,2116,44.75333,264.44389
47600099999,WAJIMA- JA,1273,1095,37.3833333,136.9
72034763877,GREENSBORO GREENE CO REGIONAL AIRPORT- GA US,1235,2215,33.59778,276.86111
63671099999,WAJIR- KE,917,321,1.733239,40.091606
11225099999,WEITENSFELD- AU,1368,113,46.85,14.1833333
01478099999,SVENNER LH- NO,1489,81,58.9666666,10.15
53975099999,YANGCHENG- CH,1254,899,35.4833333,112.4
82030599999,MARILIA- BR,678,2481,-22.196892,310.0736
50557099999,NENJIANG- CH,1391,1002,49.1666666,125.2333333
72019854813,MUNSING LAKESHORE- MI US,1364,2187,46.412036,273.349548
76648099999,COZUMEL INTERNATIONAL- MX,1105,2185,20.522403,273.07435599999997
99727899999,PROVIDENCE- RI US,1317,2309,41.8,288.6
54346099999,BENXI- CH,1313,990,41.3166666,123.7833333
16320099999,CASALE- IT,1306,144,40.657633,17.947033
94840099999,MORTLAKE RACECOURSE- AS,519,1142,-38.0666666,142.7666666
78706099999,TELA- HO,1057,2180,15.775864,272.524153
78793099999,ENRIQUE MALEK INTERNATIONAL- PM,983,2221,8.391003,277.56500800000003
74718823158,BLYTHE ASOS- CA US,1236,1962,33.61876,245.28548999999998
25677099999,BERINGOVSKAJA- RS,1530,1434,63.0166666,179.2833333
52713099999,DA QAIDAM- CH,1278,763,37.85,95.3666666
12376099999,MINSK MAZOWIECKI- PL,1421,173,52.195528,21.655917
47050099999,ANJU- KN,1296,1005,39.6166666,125.65
72058600183,PLATTEVILLE MUNICIPAL AIRPORT- WI US,1326,2156,42.683,269.55
69015093121,TWENTYNINE PALMS MC- CA US,1242,1951,34.294,243.85278
08567099999,VILA REAL- PO,1312,2818,41.274334,352.279528
71517099999,BLOOD TRIBE AGDM ALTA- CA,1395,1976,49.5666666,246.95
72409454743,CALDWELL ESSEX CO AIRPORT- NJ US,1308,2286,40.87645,285.71716000000004
38846099999,HOVALING- TI,1283,560,38.3666666,69.9833333
72218604892,BEAVER ISLAND AIRPORT- MI US,1356,2195,45.68889,274.43389
01160099999,SKROVA FYR- NO,1581,117,68.15,14.65
99840599999,MANISTEE HARBOR- MI US,1342,2189,44.248,273.654
95639099999,SALMON GUMS RES. STATION- AS,570,973,-32.9833333,121.6166666
72025963844,MACON CO AIRPORT- NC US,1252,2213,35.2225,276.58083
47549099999,HANAMAKI- JA,1294,1129,39.428611,141.135278
35085099999,AKKOL- KZ,1419,568,52.0,70.95
72522014750,GLENS FALLS AIRPORT- NY US,1333,2291,43.33849,286.38976
72269593041,LAS CRUCES MUNICIPAL AIRPORT- NM US,1222,2025,32.28333,253.08333
93186099999,TAURANGA- NZ,523,1410,-37.671944,176.19611
71435099999,UPSALA AUT ONT- CA,1390,2156,49.0333333,269.5333334
94836099999,STAWELL AERODROME- AS,529,1142,-37.0666666,142.7333333
72577624166,JACKSON HOLE AIRPORT- WY US,1335,1994,43.6,249.26667
80099099999,SANTIAGO PEREZ- CO,970,2314,7.068881,289.263075
08048099999,ORENSE- SP,1323,2817,42.3333333,352.1333334
72221403070,DUMAS MOORE CO AIRPORT- TX US,1258,2064,35.85806,257.98694
72312314886,KINGS LAND O LAKES AIRPORT- WI US,1361,2166,46.15,270.78333
02768099999,HEINOLA ASEMANTAUS- FI,1511,208,61.2,26.05
95573099999,IGLEVOOD FOREST- AS,616,1208,-28.35,150.95
37553099999,TELAVI- GG,1319,364,41.9333333,45.5122222
42706099999,BANKURA- IN,1133,697,23.3833333,87.0833333
70104026631,CAPE LISBURNE AFS- AK US,1588,1551,68.86667,193.86667
24790099999,SUSUMAN- RS,1527,1185,62.7833333,148.1666666
33325099999,ZHYTOMYR- UP,1402,230,50.2333333,28.7333333
85418099999,DIEGO ARACENA INTERNATIONAL- CI,694,2319,-20.535222,289.818725
53083099999,NARAN BULAG- CH,1346,913,44.6166666,114.15
94335099999,CLONCURRY AIRPORT- AS,693,1124,-20.6666666,140.5
16434099999,PRIZZI- IT,1277,107,37.7166667,13.4333333
16214099999,CIVITAVECCHIA- IT,1320,95,42.0166666,11.8166666
48953099999,SEKONG- LA,1053,853,15.3333333,106.6833333
95749099999,KIAMA BOMBO HEADLAND- AS,553,1207,-34.65,150.85
95718099999,COONAMBLE AIRPORT- AS,590,1187,-30.9833333,148.3833333
04360099999,TASIILAQ- GL,1555,2579,65.6,322.3666667
86192099999,SAN ESTANISLAO- PA,653,2428,-24.6652,303.54290000000003
62145099999,MARADA- LY,1194,155,29.4666666,19.3333333
72033063853,MOUNT CARMEL MUNICIPAL AIRPORT- IL US,1286,2178,38.60667,272.27333
74794612886,TITUSVILLE NASA SHUTTLE LANDING FACILITY- FL US,1186,2235,28.61667,279.31667
40045099999,DEIR ZZOR- SY,1252,321,35.285374,40.175961
72356013968,TULSA INTERNATIONAL AIRPORT- OK US,1261,2113,36.19854,264.12175
47835099999,ABURATSU- JA,1215,1051,31.5833333,131.4
57399099999,MACHENG- CH,1211,920,31.1333333,114.95
96011099999,SULTAN ISKANDARMUDA- ID,955,763,5.523522,95.420372
72035363875,MIDDLESBORO BELL CO AIRPORT- KY US,1266,2210,36.61056,276.2625
56462099999,JIULONG- CH,1189,812,29.0,101.5
48892099999,SONG TU TAY SOUTH WEST CAY- VM,1014,915,11.4166666,114.3333333
78439099999,TOUSSAINT LOUVERTURE INTERNATIONAL- HA,1085,2302,18.58005,287.707458
99999994644,OLD TOWN 2 W- ME US,1349,2330,44.9281,291.2994
72268923077,CLOVIS MUNICIPAL AIRPORT- NM US,1244,2055,34.43333,256.91667
72582524121,ELKO REGIONAL AIRPORT- NV US,1308,1954,40.82402,244.21365
15120099999,CLUJ NAPOCA- RO,1367,189,46.785111,23.686167
61049099999,N GUIGMI- NG,1042,105,14.25,13.1166666
02161099999,NATTAVAARA- SW,1567,167,66.75,20.9333333
94260099999,BURKETOWN AIRPORT- AS,722,1116,-17.75,139.5333333
12210099999,RESKO SMOLSKO- PL,1437,123,53.7666666,15.4
48386099999,PICHIT AGROMET- TH,1063,803,16.3333333,100.3666666
71848099999,TRAVERS AGCM- CA,1402,1977,50.3,247.133334
96996099999,COCOS KEELING ISLAND- CK,778,775,-12.188333,96.833889
74694003708,GOLDSBORO WAYNE MUNICIPAL AIRPORT- NC US,1254,2256,35.46028,282.03528
89377099999,LETTAU- AY,74,1484,-82.5166666,185.55
26145099999,TILRIKOJA- EN,1488,216,58.8666666,26.95
72785024157,SPOKANE INTERNATIONAL AIRPORT- WA US,1376,1940,47.62168,242.47204
94610099999,PERTH INTERNATIONAL- AS,580,928,-31.940278,115.966944
02915099999,VIITASAARI- FI,1530,207,63.0833333,25.8666667
72381523161,BARSTOW DAGGETT AIRPORT- CA US,1248,1946,34.85371,243.21298000000002
07648099999,SALON- FR,1336,41,43.606415,5.10925
10172099999,LAAGE- GM,1439,98,53.918167,12.278333
11855099999,NITRA- LO,1382,145,48.2833333,18.1333333
40911099999,MAZAR I SHARIF- AF,1267,538,36.706914,67.209678
72220404996,SAVANNA TRI TOWNSHIP AIRPORT- IL US,1320,2159,42.04583,269.89194
68587099999,PORT EDWARD- SF,589,242,-31.0666666,30.2333333
35796099999,BALHASH- KZ,1367,601,46.8,75.0833333
41140099999,KING ABDULLAH BIN ABDULAZIZ- SA,1069,341,16.901111,42.585833
76581099999,RIO VERDE S.L.P.- MX,1119,2080,21.9333333,260.0166667
68331099999,KATHU- SF,623,184,-27.6666666,23.0
89532099999,SYOWA- AY,209,317,-69.0,39.5833333
72747694961,BAUDETTE INTERNATIONAL AIRPORT- MN US,1387,2123,48.72606,265.38784
11683099999,SVRATOUCH- EZ,1397,128,49.7333333,16.0333333
50564099999,SUNWU- CH,1394,1019,49.4333333,127.35
99842799999,KODIAK ISLAND- AK US,1477,1660,57.73,207.486
70264726499,HEALY RIVER AIRPORT- AK US,1538,1688,63.86611,211.03111
57245099999,ANKANG- CH,1227,872,32.7166666,109.0333333
02771099999,JOUTSA LEIVONMAKI SAVENAHO- FI,1518,209,61.8833333,26.1
04137099999,AKUREYRI A- IC,1556,2735,65.6833333,341.8833334
78708099999,LA MESA INTERNATIONAL- HO,1054,2177,15.452639,272.076444
56946099999,GENGMA- CH,1135,795,23.55,99.4
71392099999,STE FOY U. LAVAL QUE- CA,1367,2310,46.7802778,288.7166667
71442099999,FISHER BRANCH AUT MAN- CA,1410,2100,51.0833333,262.45
03140099999,GLASGOW- UK,1458,2845,55.871944,355.566944
27402099999,TVER- RS,1468,287,56.8833333,35.8666666
11112099999,LANDECK- AU,1371,85,47.1402778,10.5636111
95458099999,COOBER PEDY AIRPORT- AS,609,1078,-29.0333333,134.7166666
76323099999,HIDALGO DEL PARRAL CHIH.- MX,1169,2035,26.9333333,254.33333340000001
01122099999,KJAERSTAD- NO,1557,106,65.783997,13.214914
72037963882,MONTICELLO WAYNE CO AIRPORT- KY US,1268,2201,36.85528,275.14389
51656099999,KORLA- CH,1317,687,41.7333333,85.8166666
72476994035,FORT COLLINS LOVELAND AIRPORT- CO US,1304,2040,40.45,254.98333
95981099999,ST HELENS AERODROME- AS,486,1186,-41.3333333,148.2666666
16344099999,MONTE SCURO- IT,1293,131,39.3333333,16.4
71590099999,EDMUNSTON- CA,1374,2333,47.42,291.68
72231203908,HAMMOND MUNICIPAL AIRPORT- LA US,1205,2157,30.52083,269.5825
47779099999,YAO- JA,1245,1085,34.596311,135.602944
71818099999,CARTWRIGHT- CA,1437,2424,53.7166666,302.9666667
70274025331,PALMER AIRPORT- AK US,1515,1687,61.59505,210.90825
01347099999,SOGNDAL HAUKASEN- NO,1511,57,61.156111,7.136614
72205712854,ORLANDO SANFORD AIRPORT- FL US,1187,2230,28.77951,278.75644
52203099999,HAMI- CH,1328,748,42.8166667,93.5166667
29752099999,NENASTNAYA- RS,1447,711,54.75,88.8166666
71154099999,WATERTON PARK GATE- CA,1391,1969,49.1333333,246.18333339999998
72282303749,CAMP DAVID- MD US,1296,2260,39.645,282.532
78322099999,BATABANO LA HABANA- CU,1127,2222,22.7166666,277.7166667
56691099999,WEINING- CH,1168,834,26.8666666,104.2833333
26094099999,TIHVIN- RS,1496,268,59.65,33.55
31439099999,BOGORODSKOE- RS,1423,1124,52.3833333,140.4666666
84452099999,CAPT JOSE A QUINONES GONZALES INTERNATIONAL- PE,832,2241,-6.787475,280.171903
08575099999,BRAGANCA- PO,1318,2826,41.859583,353.293928
72231453915,NEW IBERIA AIRPORT ACADIANA REGIONAL- LA US,1200,2145,30.02916,268.11544000000004
80437099999,EL VIGIA- VE,986,2307,8.6333333,288.35
99443099999,MOLASSES REEF FL- US,1150,2237,25.01,279.62
70104326623,POINT HOPE AIRPORT- AK US,1583,1546,68.35,193.2
68328099999,TSABONG- BC,639,180,-26.05,22.45
72451713940,GREAT BEND MUNICIPAL AIRPORT- KS US,1283,2089,38.35,261.13333
68906099999,GOUGH ISLAND- SH,496,2801,-40.35,350.1166667
70268527518,ATQASUK EDWARD BURNELL SR MEMORIAL AIRPORT- AK US,1604,1621,70.46722,202.56417
47640099999,KAWAGUCHIKO- JA,1254,1110,35.5,138.7666666
99799399999,GREAT BAY RESERVE- NH US,1330,2313,43.05,289.1666667
86210099999,SALTOS DEL GUAIRA- PA,659,2445,-24.0333333,305.65
94599099999,CAPE BYRON AWS- AS,613,1229,-28.6333333,153.6333333
04341099999,CONSTABLE POINT- GL,1607,2699,70.75,337.35
72493893231,SAN CARLOS AIRPORT- CA US,1275,1902,37.51667,237.75
58239099999,LISHE- CH,1198,972,29.824944,121.465069
17340099999,MERSIN- TU,1267,277,36.8,34.6333333
70251026528,TALKEETNA AIRPORT- AK US,1523,1679,62.31978,209.90256
72265623040,WINK FAA AIRPORT- TX US,1217,2054,31.78011,256.7983
21946099999,CHOKURDAH- RS,1606,1183,70.6166666,147.8833333
95606099999,LANCELIN- AS,589,923,-31.0166666,115.3166666
68014099999,GROOTFONTEIN- WA,703,145,-19.602167,18.122667
71578099999,BEAUPORT QUE- CA,1368,2311,46.8333333,288.8166667
71585099999,FORT MCMURRAY CS ALTA- CA,1466,1990,56.65,248.7833334
72210900355,CHEROKEE CO AIRPORT- GA US,1243,2205,34.317,275.58299999999997
71196099999,PEMBROKE CLIMATE- CA,1358,2262,45.8666666,282.75
65505099999,DEDOUGOU- UV,1024,2852,12.4666667,356.5166667
01002099999,VERLEGENHUKEN- NO,1700,130,80.05,16.25
96195099999,SULTAN THAHA- ID,883,829,-1.638017,103.644378
02603099999,BROEN- SW,1468,101,56.8666666,12.6666666
72036363872,EUFAULA WEEDON FIELD AIRPORT- AL US,1219,2199,31.95163,274.86878
12226099999,MIROSLAWIEC- PL,1433,129,53.395072,16.082814
47099099999,PAJU- KS,1278,1014,37.8830555,126.766472
78762099999,JUAN SANTAMARIA INTERNATIONAL- CS,999,2206,9.993861,275.791194
89376099999,GILL- AY,100,1451,-79.9833333,181.4
60545099999,LAGHOUAT- AG,1237,23,33.764025,2.927297
72464603028,SPRINGFIELD COMANCHE NATIONAL GRASSLAND- CO US,1272,2059,37.28346,257.386216
40836199999,PERSIAN GULF AIRPORT- IR,1173,422,27.3666666,52.7333333
72049199999,GWINNER ROGER MELROE FIELD- ND US,1362,2099,46.218723,262.35675000000003
72411763802,WISE LONESOME PINE AIRPORT- VA US,1269,2220,36.9875,277.47
91697099999,MATUKU AWS- FJ,708,1438,-19.1333333,179.75
99817899999,BARTLET COVE- AK US,1484,1793,58.45,224.1166667
59316099999,SHANTOU- CH,1133,933,23.4,116.6833333
03660099999,HIGH WYCOMBE HQAIR- UK,1416,2874,51.6833333,359.2
94553099999,APPLETHORPE- AS,613,1216,-28.6166666,151.95
72552494958,ORD EVELYN SHARP FIELD- NE US,1316,2088,41.62342,261.05113
71883499999,BLUE RIVER CS- CA,1421,1926,52.13,240.72
48333099999,NAN AGROMET- TH,1088,806,18.8666666,100.75
01414099999,ROVER- NO,1494,41,59.4333333,5.0666666
02286199999,SODERHAMN- SW,1512,137,61.2666667,17.1
93947099999,CAMBELL ISLAND AWS- NZ,374,1353,-52.55,169.15
30739099999,HORINSK- RS,1421,878,52.1666666,109.7833333
01332099999,FJAERLAND BREMUSEET- NO,1514,54,61.43,6.77
40923099999,BALA MOORGHAB- AF,1255,507,35.5833333,63.3166666
04339099999,SCORESBYSUND- GL,1604,2704,70.4833333,338.05
72221292814,ST AUGUSTINE AIRPORT- FL US,1199,2229,29.95917,278.66028
78265099999,CABO LURECIA- CU,1110,2275,21.0666666,284.38333339999997
07106099999,LANDIVISIAU- FR,1385,2847,48.530258,355.848358
94595299999,HAMILTON ISLAND- AS,696,1192,-20.358056,148.951667
68918099999,HERMANUS- SF,555,154,-34.4333333,19.2166666
01455099999,TVEITSUND- NO,1490,68,59.0333333,8.5166666
91784099999,HAAPAI- TN,702,1485,-19.777006,185.658681
30521099999,ZHIGALOVO- RS,1447,841,54.8,105.1666666
02243099999,JUNSELE- SW,1536,136,63.6833333,16.95
23418099999,PECHORA- RS,1551,457,65.1333333,57.1333333
40438099999,KING SALMAN AB- SA,1147,374,24.721944,46.724722
94746099999,MOSS VALE AWS- AS,554,1203,-34.5166666,150.4166666
99999953960,LAFAYETTE 13 SE- LA US,1200,2145,30.0918,268.1269
99821999999,BAY WAVELAND YACHT CLUB- MS US,1203,2165,30.3166666,270.6833334
72289793206,SAN LUIS OBISPO MCCHESNEY FIELD- CA US,1252,1915,35.23815,239.35594
31801099999,GVASJUGI- RS,1376,1089,47.6666666,136.1833333
83778099999,CABO FRIO- BR,670,2543,-22.921681,317.925731
12495099999,LUBLIN RADAWIEC- PL,1412,179,51.2166666,22.4
68523099999,BRANDVLEI- SF,595,164,-30.4666666,20.4833333
13610099999,KUKES INTERNATIONIONAL AIRPORT- AL,1320,163,42.03413,20.41531
87715099999,PRESIDENTE PERON- AR,510,2335,-38.949,291.844289
63334099999,DEBRE MARCOS- ET,1003,302,10.35,37.7166667
72467894033,STEAMBOAT SPRINGS ADAMS FIELD- CO US,1305,2025,40.51667,253.13333
60677099999,AFARA- AG,1153,62,25.3333333,7.8
65453099999,HO- GH,965,4,6.6,0.4666667
01430099999,MANDAL II- NO,1480,60,58.0166666,7.45
72514554746,MONTICELLO SULLIVAN- NY US,1317,2282,41.70139,285.205
99416099999,CAPE LOOKOUT NC- NC US,1246,2268,34.62,283.48
86134099999,TENIENTE COL CARMELO PERALTA- PA,665,2421,-23.44175,302.572878
04202099999,PITUFFIK SPACE BASE- GL,1665,2330,76.531203,291.296839
22619099999,PADANY- RS,1532,267,63.2666666,33.4166666
30692099999,SKOVORODINO- RS,1439,992,54.0,123.9666666
44386099999,UNKNOWN MONGOLIA- MG,1331,874,43.1833333,109.2166667
06658099999,ALPNACH- SZ,1369,66,46.943889,8.284167
99401199999,ASTORIA- OR US,1362,1890,46.208,236.233
71725099999,VAL D OR- CA,1380,2258,48.053333,282.217222
06010099999,VAGAR- FO,1520,2822,62.063628,352.722781
72651014944,SIOUX FALLS FOSS FIELD- SD US,1335,2106,43.57751,263.24613
71516099999,CORONACH SPC SASK- CA,1390,2036,49.05,254.5166667
99773699999,PORT WASHINGTON- WI US,1333,2177,43.38,272.13
47838099999,USHIBUKA- JA,1221,1040,32.2,130.0333333
15470099999,ROSIORII DE VEDE- RO,1340,200,44.1,24.9833333
11934099999,TATRY- LO,1390,162,49.073594,20.241142
06456099999,FLORENNES- BE,1402,37,50.243333,4.645833
06277099999,LAUWERSOOG AWS- NL,1434,50,53.4166666,6.2
14216099999,RIJEKA KOZALA- HR,1353,116,45.3333333,14.45
48694099999,PAYA LEBAR- SN,913,831,1.360417,103.90953
17296099999,FETHIYE- TU,1266,233,36.6166666,29.1166666
74787012834,DAYTONA BEACH INTERNATIONAL AIRPORT- FL US,1191,2231,29.17351,278.92815
47014099999,CHUNGGANG- KN,1317,1015,41.7833333,126.8833333
01062099999,HOPEN ISLAND- NO,1664,201,76.5,25.0666667
72086299999,ROBERTSON FIELD- ND US,1387,2093,48.753017,261.606664
97230099999,DENPASAR NGURAH RAI- ID,812,921,-8.7487,115.167211
38799099999,UCHADZHY- TX,1280,502,38.0833333,62.8
74780863803,LAWRENCEVILLE GWINNET CO BRISCOE FIELD AIRPORT- GA US,1239,2208,33.97972,276.03667
51777099999,RUOQIANG- CH,1290,705,39.0333333,88.1666666
72551403757,ST INIGOES WEBSTER NAVAL OUTLYING FIELD- MD US,1281,2269,38.14167,283.57083
72290993115,IMPERIAL BEACH REAM FIELD NAS- CA US,1225,1943,32.56797,242.88285000000002
93119099999,AUCKLAND INTERNATIONAL- NZ,529,1398,-37.008056,174.791667
72483793216,BEALE AFB- CA US,1291,1909,39.13333,238.56667
16172099999,AREZZO- IT,1334,95,43.4666667,11.85
26695099999,VJAZ MA- RS,1451,275,55.1666666,34.4
71844299999,SALLUIT- CA,1521,2275,62.179167,284.333056
68267099999,ERMELO- SF,634,240,-26.5,29.9833333
72429793812,CINCINNATI MUNICIPAL AIRPORT LUNKEN FIELD- OH US,1291,2205,39.106,275.58391
72036854924,SLAYTON MUNICIPAL AIRPORT- MN US,1339,2114,43.98667,264.2175
72343403973,SPRINGDALE MUNICIPAL AIRPORT- AR US,1261,2127,36.1764,265.8807
72750304909,CAMBRIDGE MUNICIPAL AIRPORT- MN US,1355,2134,45.55944,266.735
06620099999,SCHAFFHAUSEN- SZ,1376,69,47.6833333,8.6166666
48946099999,THAKHEK- LA,1073,837,17.3833333,104.65
42369099999,LUCKNOW- IN,1167,647,26.760594,80.889339
86582399999,CAPITAN CORBETA C A CURBELO INTERNATIONAL- UY,551,2439,-34.855139,304.90572199999997
58506099999,LU SHAN- CH,1195,928,29.5833333,115.9833333
71732099999,BARRAGE TEMISCAMINGUE- CA,1367,2247,46.7166666,280.9
47897099999,SUKUMO- JA,1229,1062,32.9166666,132.7
03281099999,FYLINGDALES- UK,1443,2875,54.3666666,359.3333334
72666494173,YELLOWSTONE LAKE- WY US,1345,1997,44.544778,249.577936
72072200256,SOUTH MARSH 268 OIL PLATFORM- LA US,1191,2145,29.117,268.133
65432099999,WENCHI- GH,977,2863,7.75,357.9
47574099999,FUKAURA- JA,1306,1119,40.65,139.9333333
72679724132,BOZEMAN GALLATIN FIELD AIRPORT- MT US,1357,1991,45.78759,248.83848
72473700377,INVERNESS AIRPORT- FL US,1188,2221,28.817,277.683
72533594833,PERU GRISSOM AFB- IN US,1306,2191,40.65,273.85
43329099999,CUDDALORE- IN,1017,638,11.7666666,79.7666666
72212504829,SAGINAW HARRY W BROWNE AIRPORT- MI US,1334,2209,43.43333,276.13333
12520099999,KLODZKO- PL,1404,133,50.4333333,16.6166666
99823899999,PETITS BOIS ISLAND- US,1202,2172,30.2166666,271.5
72636404883,LUDINGTON MASON CO AIRPORT- MI US,1339,2189,43.9625,273.59222
23625099999,SOSVA- RS,1536,497,63.65,62.1
47108099999,SEOUL CITY- KS,1275,1016,37.5666667,126.9666667
62458099999,ABURDEES- EG,1188,265,28.9,33.1833333
01386099999,HAMAR II- NO,1507,89,60.8,11.1
98531099999,SAN JOSE- RP,1023,968,12.361517,121.046639
72203163839,CULLMAN FOLSOM FIELD AIRPORT- AL US,1242,2185,34.26889,273.14167
72433903865,MARION WILLIAMSON CO AIRPORT- IL US,1277,2168,37.75,271.0
98432099999,AMBULONG- RP,1040,968,14.0833333,121.05
78704099999,TRUJILLO HONDURAS- HO,1059,2193,15.93,274.07
33000199999,LUHANSK INTERNATIONAL- UP,1384,315,48.417381,39.374125
72220804224,EASTSOUND ORCAS ISLAND AIRPORT- WA US,1387,1897,48.70833,237.08944
48866099999,PLEIKU- VM,1040,864,14.004522,108.017158
72357503950,LAWTON MUNICIPAL AIRPORT- OK US,1245,2093,34.55771,261.5828
61052099999,DIORI HAMANI- NG,1034,17,13.481547,2.183614
42840099999,SURAT- IN,1111,583,21.2,72.8333333
06124099999,SYDFYNS TASINGE ISL- DA,1450,85,55.0166667,10.5666667
72793524234,SEATTLE BOEING FIELD- WA US,1375,1901,47.54554,237.68525
94341099999,RICHMOND- AS,692,1145,-20.701944,143.114722
84370099999,PEDRO CANGA- PE,864,2237,-3.552528,279.618644
91693099999,VUNISEA- FJ,709,1425,-19.05,178.1666666
92036099999,LOMBRUM MANUS ISLAND- PP,875,1179,-2.4166666,147.3833333
99999913301,CHILLICOTHE 22 ENE- MO US,1298,2135,39.8668,266.853
95957099999,WYNYARD AIRPORT- AS,489,1166,-41.0,145.7333333
64450099999,MAYA MAYA- CF,857,122,-4.2517,15.253031
72059900192,CHESTER CATAWBA REGIONAL AIRPORT- SC US,1247,2230,34.783,278.8
99999926655,RED DOG MINE 3 SSW- AK US,1580,1577,68.0277,197.0788
72695024285,NEWPORT MUNICIPAL AIRPORT- OR US,1345,1888,44.58333,235.95
06662199999,GRENCHEN- SZ,1371,59,47.181628,7.417189
02311099999,HOGFJALLSHOTELLET- SW,1511,105,61.15,13.1166666
72233403976,DE RIDDER BEAUREGARD PARISH AIRPORT- LA US,1208,2133,30.83333,266.66667
47637099999,IIDA- JA,1255,1103,35.5166666,137.8166666
40420099999,AL AHSA- SA,1152,396,25.285306,49.485189
47687099999,TOKYO HELIPORT- JA,1256,1119,35.6333333,139.85
47787099999,OZUKI- JA,1240,1048,34.045322,131.052144
08272099999,TOLEDO- SP,1298,2848,39.8833333,355.95
02217099999,ARE- SW,1533,105,63.3666666,13.1666666
40766099999,SHAHID ASHRAFI ESFAHANI- IR,1243,377,34.345853,47.158125
93334099999,WAIOURU AWS- NZ,505,1405,-39.4666666,175.6833333
70235026534,SPARREVOHN MOUNTAIN AFS- AK US,1510,1635,61.1,204.41667
94612099999,PEARCE- AS,583,928,-31.667778,116.015
44242099999,HADATYN- MG,1394,858,49.45,107.2
89575099999,DRUZHNAJA 4- AY,202,590,-69.75,73.7
78221099999,RAFAEL CABRERA- CU,1118,2218,21.834689,277.216181
23022099999,AMADERMA- RS,1597,494,69.75,61.7
29838099999,BARNAUL- RS,1433,668,53.363775,83.538533
16098099999,ISTRANA- IT,1356,97,45.684867,12.082881
04202299999,JAKOBSHAVN LUFTHAVN- GL,1592,2471,69.233,308.933
71163099999,WHATI NT- CA,1531,1942,63.1333333,242.75
72282003949,PEASON RIDGE RANGE- LA US,1213,2135,31.35694,266.82397000000003
14241099999,ZAGREB- HR,1357,129,45.742931,16.068778
72220103723,SANFORD LEE CO REGIONAL AIRPORT- NC US,1255,2247,35.58222,280.89889
72643014920,LA CROSSE REGIONAL AIRPORT- WI US,1338,2150,43.87922,268.74699
72414013866,CHARLESTON WEST VIRGINIA INTERNATIONAL YEAGER AIRPORT- WV US,1283,2227,38.3795,278.40888
99734799999,FERNANDINA BEACH- FL US,1206,2228,30.67,278.53
16204099999,RADICOFANI- IT,1328,94,42.9,11.7666667
72406093721,BALTIMORE WASHINGTON INTERNATIONAL AIRPORT- MD US,1291,2267,39.17329,283.31592
28434099999,KRASNOUFIMSK- RS,1466,462,56.65,57.7833333
43467099999,COLOMBO RATMALANA- CE,968,639,6.821994,79.886208
70333325518,CHIGNIK AIRPORT- AK US,1463,1613,56.31139,201.62694
76005399999,GENERAL RODOLFO SANCHEZ TABOADA INTERNATIONAL- MX,1226,1958,32.630634,244.758363
35699099999,BEKTAUATA- KZ,1374,599,47.45,74.8166666
40415099999,DAMMAM KING FAHD INTERNATIONAL AIRPORT- SA,1164,398,26.4333333,49.8
72222313899,PENSACOLA REGIONAL AIRPORT- FL US,1204,2183,30.47612,272.81425
47025099999,KIMCHAEK SONGJIN- KN,1306,1034,40.6666667,129.2
56951099999,LINCANG- CH,1139,802,23.95,100.2166666
94403099999,GERALDTON- AS,612,918,-28.796111,114.7075
41768099999,CHHOR- PK,1155,558,25.5166666,69.7833333
16253099999,GRAZZANISE- IT,1310,113,41.060833,14.081944
63658099999,SOROTI- UG,917,269,1.727692,33.622803
34336099999,BOGUCAR- RS,1399,325,49.9333333,40.5666666
42492099999,PATNA- IN,1155,681,25.591317,85.087992
72335013877,BRISTOL AIRPORT- TN US,1264,2221,36.47964,277.60107
71985099999,TUKTOYAKTUK NWT- CA,1594,1816,69.4333333,226.9833334
71172099999,PARRY SOUND CCG ONT- CA,1353,2240,45.3333333,279.9666667
03649099999,BRIZE NORTON- UK,1417,2867,51.749964,358.416383
40680099999,AMARAH- IZ,1218,377,31.85,47.1666666
68010099999,OKAUKUEJO- WA,708,127,-19.1833333,15.9166666
74251353937,DURANT EAKER FIELD AIRPORT- OK US,1239,2109,33.94222,263.60555999999997
44231099999,MUREN- MG,1396,801,49.6333333,100.1666666
03391099999,CONINGSBY- UK,1430,2879,53.093014,359.833986
72242712975,HOUSTON CLOVER FIELD- TX US,1195,2118,29.51924,264.7577
72768094008,GLASGOW INTERNATIONAL AIRPORT- MT US,1382,2027,48.21416,253.37860999999998
36859099999,ZHARKENT- KZ,1341,641,44.1666666,80.0666666
26446099999,REZEKNE- LG,1465,218,56.5333333,27.2666666
65516099999,BOROMO- UV,1017,2857,11.75,357.0666667
78644599999,ZACAPA- GT,1049,2164,14.9666667,270.4666667
02343099999,TORPSHAMMAR- SW,1524,130,62.5,16.2833333
71081099999,HALL BEACH- CA,1587,2230,68.776111,278.756389
82244099999,SANTAREM- BR,875,2442,-2.422431,305.20721100000003
71207099999,SQUAMISH BC- CA,1397,1895,49.7833333,236.83333340000001
01265099999,TYNSET HANSMOEN- NO,1522,86,62.2666666,10.7333333
72257503972,KILLEEN MUNICIPAL AIRPORT- TX US,1210,2099,31.08333,262.31667
14246099999,VARAZDIN- HR,1362,131,46.294724,16.38125
47175099999,JINDO RADAR- KS,1244,1011,34.4666666,126.3333333
38198099999,TURKESTAN- KZ,1332,546,43.2666666,68.2166666
53391099999,HUADE- CH,1318,912,41.9,114.0
72063500221,H A CLARK MEMORIAL FIELD AIRPORT- AZ US,1252,1982,35.3,247.8
14240099999,ZAGREB\MAKSIMIR- HR,1358,128,45.8166667,16.0333333
01277099999,STEINKJER- NO,1540,92,64.0166666,11.45
71510099999,ROSETOWN EAST SASK- CA,1415,2017,51.5666666,252.08333340000001
72449013993,ST JOSEPH ROSECRANS MEMORIAL AIRPORT- MO US,1297,2121,39.76829,265.09047
89266099999,UNIVERSITY WI ID 8902 BUTLER ISLAND- AY,177,2399,-72.2,299.8333334
71967599999,BEAVER CREEK AIRPORT- CA,1524,1753,62.4166667,219.1333333
72381603159,LANCASTER- CA US,1247,1934,34.74121,241.78745
76738399999,MINATITLAN- MX,1081,2123,18.103419,265.419319
99999994088,SUNDANCE 8 NNW- WY US,1345,2045,44.5169,255.56369999999998
74718603164,CAMPO ASOS- CA US,1226,1948,32.6261,243.5319
78925000404,MARTINIQUE AIME CESAIRE INTERNATIONAL AIRPORT- MB,1045,2392,14.6,299.0
47743099999,MIHO- JA,1254,1066,35.492222,133.236389
94584099999,DOUBLE ISLAND POINT LIGHTHOUSE- AS,640,1225,-25.9333333,153.1833333
71271099999,ATHABASCA AGCM- CA,1446,1973,54.6333333,246.6166667
85207099999,SAN IGNACIO DE VELASCO AIRPORT- BL,735,2392,-16.40124,298.9548
94342099999,WINTON AIRPORT- AS,676,1145,-22.3666666,143.0833333
91190522524,LANAI AIRPORT 656- HI US,1107,1624,20.7895,203.0515
01088699999,SLEIPNER A OIL PLATFORM- NO,1483,15,58.3666666,1.9
72039700131,OHIO UNIVERSITY AIRPORT SNYDER FIELD- OH US,1292,2222,39.217,277.767
34929099999,KRASNODAR- RS,1350,313,45.0333333,39.15
03002099999,BALTASOUND NUMBER 2- UK,1507,2873,60.75,359.15
36020099999,RODINO- RS,1424,641,52.4833333,80.1666666
72749704984,LONGVILLE MUNICIPAL AIRPORT- MN US,1369,2126,46.99,265.79611
72688024155,PENDLETON E OR REGIONAL AIRPORT- OR US,1356,1929,45.6975,241.16554
68212099999,MARIENTAL- WA,654,143,-24.5,17.8666667
47037099999,KUSONG- KN,1299,1002,39.9833333,125.25
72747404923,EVELETH VIRGINIA MUNICIPAL AIRPORT- MN US,1374,2140,47.42417,267.5025
62455099999,RAS SEDR- EG,1195,262,29.5833333,32.7166666
54423099999,CHENGDE- CH,1309,943,40.9666666,117.9166666
13289099999,CRNI VRH- RI,1341,176,44.1166666,21.95
71770099999,CRESTON CAMPBELL SCIENTIFIC BC- CA,1390,1948,49.0833333,243.5
76691399999,GENERAL HERIBERTO JARA INTERNATIONAL- MX,1091,2111,19.145931,263.812733
10136099999,NORDHOLZ- GM,1437,69,53.767667,8.6585
12772099999,MISKOLC- HU,1380,166,48.0833333,20.7666667
38987099999,GYSHGY- TX,1252,499,35.2833333,62.35
65557099999,GAGNOA- IV,961,2832,6.1333333,354.05
04063099999,AKUREYRI- IC,1556,2735,65.659994,341.927297
10935099999,FRIEDRICHSHAFEN- GM,1376,76,47.671317,9.511486
72652594911,YANKTON 2 E- SD US,1328,2101,42.87856,262.63639
13592099999,DEMIR KAPIJA- MK,1314,178,41.4166666,22.25
27518599999,VNUKOVO- RS,1455,298,55.591531,37.261486
65442099999,KUMASI- GH,967,2867,6.714564,358.409181
72270499999,BIGGS ARMY AIR FIELD FORT BLISS TEXAS USA- TX US,1218,2029,31.849528,253.619961
85864099999,TENIENTE VIDAL- CI,444,2303,-45.594211,287.893867
02705099999,PELKOSENNIEMI PYHATUNTURI- FI,1570,218,67.0166666,27.2166666
71898099999,PRINCE RUPERT- CA,1442,1836,54.2833333,229.55
35026099999,ZILAIR- RS,1422,460,52.2166666,57.4522222
43555099999,MALE INTERNATIONAL- MV,941,588,4.191833,73.529128
82899099999,GUARARAPES GILBERTO FREYRE INTERNATIONAL- BR,818,2601,-8.126486,325.076408
71276099999,TWO HILLS AGDM ALTA- CA,1436,1987,53.6166666,248.33333340000001
28116099999,KUDYMKAR- RS,1489,437,58.9833333,54.65
40592099999,WAFRA- KU,1185,385,28.5666666,48.0666666
16158099999,PISA- IT,1336,83,43.683917,10.39275
22867099999,VEL SK- RS,1510,337,61.0833333,42.0666666
71045099999,TESLIN AUT YT- CA,1501,1818,60.1666666,227.2666667
16641099999,IOANNIS KAPODISTRIAS INTERNATIONAL- GR,1296,159,39.601944,19.911667
99734499999,TOLEDO LIGHT 2- OH US,1318,2215,41.82,276.82
02054099999,NEDRE SOPPERO- SW,1580,174,68.05,21.75
95575099999,BEAUDESERT DRUMLEY ST- AS,620,1224,-27.9666666,152.9833333
40416099999,KING ABDULAZIZ AB- SA,1162,401,26.265417,50.152027
80448099999,GUASDUALITO- VE,972,2314,7.211081,289.24355
48300099999,MAE HONG SON- TH,1093,784,19.301253,97.975831
28645099999,CHELYABINSK GOROD- RS,1451,490,55.15,61.3
27225099999,RYBINSK- RS,1480,309,58.1,38.6833333
40974099999,FARAH- AF,1223,497,32.3666667,62.1833333
94530099999,GOONDIWINDI AIRPORT- AS,614,1203,-28.5166666,150.3166666
59644099999,BEIHAI- CH,1114,873,21.4833333,109.1
06762099999,LOCARNO MAGADINO- SZ,1361,71,46.17,8.88
02812099999,YLITORNIO MELTOSJARVI- FI,1565,197,66.5333333,24.65
80315099999,BENITO SALAS- CO,929,2278,2.950258,284.705928
11546099999,C. BUDEJOVICE ROZNOV- EZ,1389,116,48.95,14.4666666
94889099999,WANGARATTA AERO- AS,535,1170,-36.4166666,146.3
72654014936,HURON REGIONAL AIRPORT- SD US,1343,2094,44.37916,261.77725
71008099999,BASSANO AGCM- CA,1408,1980,50.8833333,247.55
89592099999,MIRNYJ- AY,234,744,-66.55,93.0166666
86545099999,FLORIDA- UY,559,2430,-34.0833333,303.7666667
42452099999,KOTA- IN,1151,607,25.160219,75.845631
78767099999,LIMON INTERNATIONAL- CS,999,2216,9.957961,276.97799399999997
23921099999,IVDEL- RS,1506,484,60.6833333,60.45
11240099999,GRAZ- AU,1369,124,46.991067,15.439628
07775099999,ALISTRO- FR,1322,76,42.2666666,9.5333333
94662099999,CLEVE AERODROME- AS,562,1092,-33.7166666,136.5
96471099999,KOTA KINABALU INTERNATIONAL- MY,959,928,5.937208,116.051181
47740099999,SAIGO- JA,1261,1067,36.2,133.3333333
54945099999,RIZHAO- CH,1254,956,35.4333333,119.5333333
72594524283,ARCATA EUREKA AIRPORT- CA US,1309,1887,40.97844,235.89521000000002
72250012919,BROWNSVILLE S PADRE ISLAND INTERNATIONAL AIRPORT- TX US,1159,2101,25.91459,262.57686
93436000488,WELLINGTON INTERNATIONAL- NZ,487,1398,-41.3,174.8
65271099999,MAKURDI- NI,977,69,7.703883,8.613939
24908099999,VANAVARA- RS,1503,818,60.3333333,102.2666666
40980499999,VSSA WARRIOR- AF,1227,541,32.737119,67.628004
72281353146,FORT HUACHUCA PIONEER AIRFIELD- AZ US,1216,1997,31.60563,249.57191
60661099999,ABDENNIZI- AG,1152,41,25.2166666,5.1166666
37925099999,NEFTCHALA- AJ,1293,394,39.4,49.25
03405499999,DONCASTER SHEFFIELD- UK,1434,2872,53.474722,358.995556
84501099999,CAPITAN CARLOS MARTINEZ DE PINILLOS- PE,819,2247,-8.081411,280.891239
72576024021,LANDER AIRPORT- WY US,1328,2010,42.81536,251.27396
42542099999,UDAIPUR- IN,1146,591,24.617697,73.8961
80112099999,JOSE MARIA CORDOVA- CO,961,2277,6.164536,284.576881
47707099999,TOYAMA- JA,1266,1097,36.648333,137.1875
04082099999,HORNAFJORDUR- IC,1542,2758,64.295556,344.772778
71084099999,HAT ISLAND- CA,1583,2079,68.32,259.92
14543099999,JAJCE- BK,1343,138,44.35,17.2666666
72551594947,BEATRICE MUNICIPAL AIRPORT- NE US,1303,2106,40.30139,263.24611
10752099999,ILLESHEIM AHP- GM,1394,83,49.473817,10.387831
42867099999,DR AMBEDKAR INTERNATIONAL- IN,1110,632,21.092192,79.047183
48478099999,RAYONG- TH,1026,811,12.6333333,101.35
99842699999,HATTERAS- NC US,1252,2274,35.209,284.296
94672099999,ADELAIDE INTERNATIONAL- AS,550,1108,-34.945,138.530556
08540099999,MONTE REAL- PO,1298,2809,39.831244,351.112739
44215099999,OMNO GOBI- MG,1390,734,49.0166666,91.7166666
30252099999,MAMAKAN- RS,1478,912,57.8166666,114.0166666
06666099999,LEIBSTADT- SZ,1375,65,47.6,8.1833333
47583099999,ODATE NOSHIRO- JA,1301,1123,40.191872,140.371431
48567099999,TRANG- TH,975,797,7.508744,99.616578
01411099999,KVITSOY NORDBO- NO,1490,43,59.0666666,5.4166666
65420099999,YENDI- GH,994,2879,9.45,359.9833333
72311013873,ATHENS BEN EPPS AIRPORT- GA US,1239,2213,33.94773,276.67264
72405303717,WINCHESTER REGIONAL AIRPORT- VA US,1291,2255,39.14333,281.85555999999997
38545099999,DARGANATA- TX,1304,498,40.4666666,62.2833333
01232099999,VINJEORA II- NO,1524,63,62.45,7.85
83928099999,RUBEM BERTA- BR,602,2424,-29.782178,302.961811
38262099999,CHIMBAJ- UZ,1329,479,42.95,59.8166666
99999903063,LA JUNTA 17 WSW- CO US,1278,2049,37.8639,256.1776
70265026407,EIELSON FIELD- AK US,1546,1703,64.68333,212.91667
51709099999,KASHI- CH,1295,608,39.542922,76.019956
27675099999,PORETSKOE- RS,1451,371,55.1833333,46.3333333
65376099999,ATAKPAME AKPAKA- TO,975,9,7.5833333,1.1166667
99462099999,LONG KEY FL- FL US,1148,2233,24.84,279.14
06720099999,SION- SZ,1362,59,46.219592,7.326764
27962299999,CHEBOKSARY- RS,1460,379,56.090269,47.34725
94830099999,PORT FAIRY AWS- AS,516,1138,-38.4,142.2333333
48941099999,PHONHONG- LA,1084,819,18.4666666,102.4
71405099999,SHONTS AGCM- CA,1433,1980,53.3333333,247.46666670000002
71627899999,KUUJJUARAPIK AIRPORT- CA,1452,2258,55.2833333,282.25
71586099999,LA RONGE RCS SASK- CA,1451,2038,55.15,254.7333334
10852099999,AUGSBURG- GM,1384,87,48.425158,10.931764
71550099999,DAUPHIN CS MAN- CA,1410,2080,51.1,259.95
95617099999,SHANNON- AS,554,931,-34.5833333,116.35
54292099999,YANJI- CH,1328,1036,42.8833333,129.5
02975099999,HELSINKI MALMI- FI,1502,200,60.254558,25.042828
71852099999,WINNIPEG INTERNATIONAL- CA,1399,2102,49.910036,262.760114
72270023044,EL PASO INTERNATIONAL AIRPORT- TX US,1218,2029,31.81234,253.62263000000002
02226099999,OSTERSUND- SW,1531,116,63.2,14.5
02216099999,MATTMAR- SW,1532,111,63.3,13.8833333
94605099999,MANDURAH- AS,574,926,-32.5166666,115.7166666
02259099999,KRAMFORS SOLLEFTEA- SW,1530,142,63.048597,17.768856
59265099999,WUZHOU- CH,1134,890,23.4833333,111.3
91520099999,HONIARA INTERNATIONAL- BP,805,1280,-9.428,160.054789
25138099999,OSTROVNOE- RS,1581,1313,68.1166666,164.1666666
47185043263,CHEJU DO K 39- KS,1231,1010,33.2,126.266667
17031099999,CARSAMBA- TU,1312,293,41.254481,36.567106
72568694057,CONVERSE CO AIRPORT ASOS- WY US,1327,2037,42.79599,254.61954
29675099999,KOLBA- RS,1450,747,55.0833333,93.3666666
50745099999,SANJIAZI- CH,1372,991,47.239628,123.918131
28952099999,KOSTANAY- KZ,1432,508,53.206944,63.550278
44221099999,GANDAN HURYEE- MG,1396,766,49.65,95.7833333
97796099999,KOKONAO TIMUKA- ID,852,1091,-4.7166667,136.4333333
83576099999,UBERABA- BR,702,2496,-19.765,312.035222
02347099999,DELSBO- SW,1518,132,61.8333333,16.55
40594099999,NUWASIB- KU,1185,387,28.55,48.3833333
47102099999,BAENGNYEONGDO- KS,1279,997,37.966099,124.630447
71736699999,ROYAL ISLAND AUT- CA,1394,2122,49.4666666,265.2333334
47433099999,KUTCHAN- JA,1328,1126,42.9,140.75
10616399999,ZWEIBRUCKEN- GM,1392,59,49.209525,7.400647
83248099999,DEPUTADO LUIS EDUARDO MAGALHAES- BR,770,2573,-12.910994,321.668956
83818099999,BASE AEREA DE SANTOS- BR,660,2510,-23.925206,313.7125
72282153988,FORT POLK FULLERTON LANDING STRIP- LA US,1210,2137,31.0217,267.0893
61096099999,MAINE SOROA- NG,1032,96,13.2333333,11.9833333
71742099999,GANDER AIRPORT CS- CA,1389,2443,48.93,305.43
17116099999,BURSA- TU,1301,233,40.1833333,29.0666667
94615099999,GOOSEBERY HILL- AS,580,928,-31.95,116.05
72065799999,HINCKLEY FIELD OF DREAMS AIRPORT- MN US,1360,2137,46.0228681,267.1048256
14472099999,DUBROVNIK GORICA- HR,1326,145,42.65,18.0833333
94715099999,FORBES AIRPORT- AS,566,1183,-33.3666666,147.9166666
60353099999,JIJEL PORT- AG,1268,47,36.8166666,5.8833333
72541554821,MARSHALL BROOKS FIELD AIRPORT- MI US,1322,2200,42.25111,275.04444
72681604110,JEROME CO AIRPORT- ID US,1327,1964,42.72735,245.5453
99403399999,ALAMEDA- CA US,1277,1902,37.772,237.702
02815099999,SAVUKOSKI KK- FI,1572,225,67.2833333,28.1833333
99999904134,GRANITE PEAK DUGWAY PROVING GROUND- UT US,1301,1973,40.160386,246.649384
40780599999,KHORAM ABAD- IR,1234,386,33.433,48.283
02561099999,KVARN- SW,1486,123,58.65,15.4333333
68300099999,LUDERITZ DIAZ POINT- WA,633,122,-26.6833333,15.25
07765099999,SOLENZARA- FR,1319,75,41.924416,9.406
72094199999,HARVEY MUNICIPAL- ND US,1377,2081,47.791233,260.068258
72464523070,TRINIDAD AIRPORT- CO US,1272,2045,37.26217,255.66815
72646594890,MOSINEE- WI US,1347,2163,44.78333,270.33333
72039100127,BEEVILLE MUNICIPAL AIRPORT- TX US,1183,2098,28.35,262.283
76394399999,GENERAL MARIANO ESCOBEDO INTERNATIONAL- MX,1157,2079,25.778489,259.893122
57297099999,XINYANG- CH,1221,912,32.1333333,114.05
13577099999,LAZAROPOLE- MK,1315,166,41.5333333,20.7
99827199999,VALDEZ- AK US,1511,1709,61.1333333,213.6333334
12600099999,BIELSKO BIALA- PL,1397,152,49.8,19.0
47821099999,ASOSAN- JA,1228,1049,32.8833333,131.0666666
71924099999,RESOLUTE BAY- CA,1647,2120,74.716944,265.030556
95807099999,KINGSTONE AERO- AS,542,1100,-35.7166666,137.5166666
98543099999,MASBATE- RP,1023,989,12.369367,123.629236
61731099999,BASSE- GA,1033,2766,13.3166666,345.7833334
12530099999,OPOLE- PL,1406,144,50.6166666,17.9666666
48571099999,KHO HONG AGROMET- TH,969,804,7.0,100.5
12146099999,PRUSZCZ GDANSKI- PL,1442,149,54.247972,18.671583
87078099999,ALFEREZ ARMANDO RODRIGUEZ- AR,652,2396,-24.721367,299.451164
72549604976,STORM LAKE MUNICIPAL AIRPORT- IA US,1325,2118,42.59694,264.75944
71957099999,INUVIK MIKE ZUBKO- CA,1583,1812,68.304167,226.517222
60001099999,HIERRO- SP,1178,2737,27.814847,342.11294399999997
02426099999,GUSTAVSFORS- SW,1501,110,60.15,13.8
72607314615,WATERVILLE LEFLEUR AIRPORT- ME US,1345,2323,44.53333,290.33333
46696099999,SUNGSHAN- TW,1150,972,25.069444,121.551667
91756099999,APIA WHARF- WS,761,1506,-13.8166666,188.25
67867099999,GWERU THORNHILL- ZI,705,239,-19.436394,29.861911
95659099999,MINLATON AERO- AS,552,1100,-34.75,137.5166666
21908099999,DZALINDA- RS,1601,912,70.1333333,113.9666666
07602099999,ANGLET- FR,1334,2868,43.468419,358.476675
71986099999,ATLEE- CA,1407,1992,50.8,249.0
72510704780,FITCHBURG MUNICIPAL AIRPORT- MA US,1325,2306,42.55495,288.24301
93773099999,TIMARU AERODROME AWS- NZ,457,1370,-44.3,171.2333333
11010099999,LINZ- AU,1382,114,48.233219,14.187511
13295099999,NEGOTIN- RI,1342,180,44.2333333,22.55
87007099999,LA QUIACA- AR,678,2355,-22.150556,294.4225
83612099999,CAMPO GRANDE- BR,695,2443,-20.468667,305.3275
99999912946,CORPUS CHRISTI CABANISS FIELD NAVAL OUTLYING FIELD- TX US,1176,2101,27.7,262.56667
47790099999,IZUMO- JA,1254,1063,35.413611,132.89
31123099999,CJUL BJU- RS,1477,1047,57.7666666,130.9
72784094187,HANFORD- WA US,1365,1923,46.56667,240.4
71153099999,CARDSTON ALTA- CA,1391,1974,49.2,246.71666670000002
72311603742,DARLINGTON CO JETPORT AIRPORT- SC US,1244,2241,34.46583,280.10972
71043599999,FORT GOOD HOPE- CA,1562,1851,66.240833,231.349167
07747099999,RIVESALTES- FR,1327,23,42.740442,2.870667
72206593837,JACKSONVILLE NAS- FL US,1202,2227,30.23333,278.33333
71675099999,BIG TROUT LAKE- CA,1438,2161,53.8333333,270.1333333
25956099999,APUKA- RS,1504,1357,60.4333333,169.6666666
48334099999,LAMPANG AGROMET- TH,1083,794,18.3166666,99.2833333
94336099999,THE MONUMENT AIRPORT- AS,681,1119,-21.8,139.9166666
08451099999,JEREZ- SP,1267,2832,36.744622,353.939889
20674099999,OSTROV DIKSON- RS,1634,643,73.5,80.4
78990000413,FLAMINGO INTERNATIONAL AIRPORT- NL,1021,2334,12.15,291.717
02917099999,KUOPIO- FI,1530,222,63.00715,27.797756
23849099999,SURGUT- RS,1513,587,61.343694,73.401842
40061099999,PALMYRA- SY,1245,307,34.557361,38.316889
27835099999,RJAZSK- RS,1437,321,53.7166666,40.1166666
72640594869,MILWAUKEE TIMMERMAN AIRPORT- WI US,1331,2176,43.1086,271.9694
71226099999,HIGH PRAIRIE AGDM ALTA- CA,1453,1948,55.3833333,243.5333334
91348199999,POHNPEI WEATHER CENTER- FM,969,1266,6.9666667,158.2166667
01088099999,VADSO- NO,1600,239,70.0666667,29.85
11213099999,VILLACH- AU,1366,111,46.6166666,13.8833333
10304099999,MEPPEN MIL- GM,1427,59,52.7166667,7.3166667
57461099999,YICHANG- CH,1207,891,30.7333333,111.3666666
94595699999,TELFER- AS,682,978,-21.715,122.228611
06447099999,UCCLE- BE,1407,35,50.8,4.35
06181099999,JAEGERSBORG- DA,1457,100,55.7666666,12.5333333
70388425376,HYDABURG SEAPLANE BASE- AK US,1452,1817,55.20631,227.17169
48839099999,BACH LONG VI- VM,1101,862,20.1333333,107.7166666
71828099999,SCHEFFERVILLE A- CA,1447,2346,54.8,293.2
41055099999,AL BAHA- SA,1102,333,20.296139,41.634277
22028099999,TERIBERKA- RS,1591,281,69.2,35.1166666
68345099999,WELKOM- SF,619,213,-28.0,26.6666666
99738399999,NOME NORTON SOUND- AK US,1544,1557,64.5,194.58
15421099999,HENRI COANDA- RO,1345,209,44.570992,26.085119
26657099999,DOKSHITSY- BO,1448,222,54.8833333,27.75
01452099999,KJEVIK- NO,1482,65,58.204214,8.085369
30764099999,USUGLI- RS,1426,921,52.65,115.1666666
76525599999,GENERAL LEOBARDO C RUIZ INTERNATIONAL- MX,1128,2059,22.897112,257.31311
03827099999,PLYMOUTH MOUNTBATTE- UK,1403,2847,50.35,355.8833333
86218099999,SILVIO PETTIROSSI INTERNATIONAL- PA,647,2420,-25.23985,302.480867
94332099999,MOUNT ISA- AS,693,1116,-20.663889,139.488611
65445099999,SEFWI BEKWAI- GH,961,2861,6.2,357.6666667
44254099999,TATAAL- MG,1388,892,48.85,111.45
58715099999,NANCHENG- CH,1175,933,27.5833333,116.65
72203812897,NAPLES MUNICIPAL AIRPORT- FL US,1161,2226,26.15498,278.22486000000004
58321199999,PUDONG- CH,1211,974,31.143378,121.805214
99770499999,RED DOG DOCK- AK US,1575,1563,67.57,195.35
06711099999,PULLY- SZ,1365,53,46.5166666,6.6666666
72092100309,WEST CAMERON 368 A OIL PLATFORM- TX US,1189,2134,28.917,266.7
47591099999,MATSUSHIMA- JA,1284,1130,38.404919,141.219572
07057099999,CREIL- FR,1392,20,49.253547,2.519139
47035099999,SINUIJU- KN,1300,995,40.1,124.3833333
56444099999,DEQEN- CH,1184,791,28.45,98.8833333
72204253978,MINEOLA WOOD CO AIRPORT- TX US,1227,2116,32.74222,264.50361
71858099999,GRAND RAPIDS AUT- CA,1431,2086,53.1833333,260.7333334
72565003017,DENVER INTERNATIONAL AIRPORT- CO US,1298,2043,39.84657,255.34377
70162526542,ANAKTUVUK AUTO- AK US,1581,1666,68.16667,208.23333
07627099999,ANTICHAN- FR,1330,9,43.007764,1.10315
02321099999,ALVDALEN- SW,1512,112,61.25,14.0333333
71891099999,LYTTON- CA,1402,1907,50.23,238.42000000000002
30554099999,BAGDARIN- RS,1444,909,54.4833333,113.5833333
72505914702,BEDFORD HANSCOM FIELD- MA US,1324,2310,42.46811,288.70537
76625099999,QUERETARO INTERCONTINENTAL- MX,1106,2079,20.617289,259.814342
48042099999,MANDALAY- BM,1119,769,21.9833333,96.1
48430099999,KHAO E TO- TH,1040,811,14.077761,101.379883
72011354829,OAKLAND TROY AIRPORT- MI US,1325,2215,42.54306,276.82194
65501099999,DORI- UV,1040,2879,14.0333333,359.9666667
94374099999,ROCKHAMPTON- AS,666,1204,-23.381944,150.475278
71716099999,VALCARTIER AIRPORT- CA,1368,2308,46.9,288.5
03953099999,VALENTIA OBSERVATORY- EI,1419,2798,51.9333333,349.75
72033353175,CORONA MUNICIPAL AIRPORT- CA US,1238,1939,33.89765,242.39757
04202599999,UPERNAVIK- GL,1627,2431,72.783,303.83299999999997
28224099999,PERM- RS,1479,451,58.0,56.3333333
71002099999,CHURCHILL FALLS- CA,1435,2367,53.5666666,295.9
71843099999,WINNIPEG UA MAN- CA,1397,2103,49.8,262.8666667
37865099999,ORSK- RS,1410,469,51.072506,58.595586
57707099999,BIJIE- CH,1172,842,27.3,105.2333333
48425099999,SUPHAN BURI- TH,1044,801,14.4666666,100.1333333
65001099999,YELWA- NI,1008,38,10.8833333,4.75
12205099999,SZCZECIN- PL,1433,117,53.4,14.6166666
99999926562,PORT ALSWORTH 1 SW- AK US,1501,1645,60.1951,205.6804
83746099999,GALEAO ANTONIO CARLOS JOBIM- BR,671,2534,-22.808903,316.756353
72210103039,WOLF CREEK PASS- CO US,1274,2026,37.45,253.2
99999953009,RAMAH 9 SE- NM US,1250,2013,35.0461,251.6365
72538694898,PORT HOPE- MI US,1340,2218,44.021772,277.207068
99433099999,SHEBOYGAN WI- US,1337,2178,43.75,272.31
62721099999,KHARTOUM- SU,1055,260,15.589497,32.553161
71124099999,EDMONTON STONY PLAIN CS ALTA- CA,1435,1967,53.55,245.9
72092400311,ROSCOE TURNER AIRPORT- MS US,1249,2171,34.915,271.396
94387099999,BUNDABERG AERO- AS,650,1219,-24.9,152.3166666
68928099999,MOSSEL BAY LGT H- SF,558,177,-34.1833333,22.15
07386099999,DOLE TAVAUX- FR,1370,43,47.0333333,5.4166666
02664099999,RONNEBY- SW,1462,122,56.266667,15.265
89574099999,PROGRESS- AY,206,611,-69.3833333,76.3833333
78384199999,GERRARD SMITH INTERNATIONAL- CJ,1096,2241,19.686981,280.117211
03044099999,ALTNAHARRA NUMBER 2- UK,1482,2845,58.2833333,355.5666667
40859099999,FASA- IR,1188,430,28.891756,53.723339
47105099999,GANGNEUNG- KS,1277,1031,37.7709333,128.8680556
07255399999,TAVAUX- FR,1370,43,47.039014,5.42725
03105099999,ISLAY PORT ELLEN- UK,1456,2830,55.6833333,353.75
17250099999,NIGDE- TU,1279,277,37.9666666,34.6833333
03346599999,NEWQUAY CORNWALL- UK,1404,2840,50.4333333,355.0166667
35108099999,URALSK- KZ,1411,412,51.150833,51.543056
72479694128,LOGAN CACHE AIRPORT- UT US,1317,1985,41.7865,248.14812
16294099999,CAPRI ISLAND- IT,1305,114,40.55,14.25
99999925379,SITKA 1 NE- AK US,1470,1797,57.0574,224.6734
72537094847,DETROIT METRO AIRPORT- MI US,1322,2213,42.23113,276.66879
72297793184,SANTA ANA JOHN WAYNE AIRPORT- CA US,1236,1937,33.67975,242.13254
16261099999,AMENDOLA- IT,1315,126,41.541392,15.718083
54027099999,LINDONG- CH,1339,955,43.9833333,119.4
72638594894,MANISTEE CO BLACKER AIRPORT- MI US,1342,2190,44.26667,273.75
72548804955,OELWEIN MUNICIPAL AIRPORT- IA US,1326,2144,42.68083,268.02556
57793099999,YICHUN- CH,1177,915,27.8,114.3833333
71248099999,SUNDRE A ALTA- CA,1417,1963,51.7666666,245.31666669999998
70305800110,NELSON LAGOON AIRPORT- AK US,1460,1591,56.017,198.833
60522099999,MAGHNIA- AG,1248,2866,34.82,358.23
36021099999,KLJUCI- RS,1422,633,52.25,79.1833333
01023099999,BARDUFOSS- NO,1590,148,69.055758,18.540356
01281099999,NAMSSKOGAN- NO,1547,103,64.7333333,12.85
85154099999,TTE AV JORGE HENRICH ARAUZ- BL,751,2361,-14.818739,295.081981
17033099999,ORDU- TU,1309,303,40.9833333,37.9
85766099999,PICHOY- CI,503,2295,-39.649956,286.913889
71279099999,SEPT ILES QUE- CA,1402,2350,50.2166666,293.75
10856099999,LECHFELD- GM,1381,87,48.1855,10.861167
22802099999,SORTAVALA- RS,1517,246,61.7166666,30.7166666
47641099999,CHICHIBU- JA,1259,1113,35.9833333,139.0666666
31909099999,TERNEJ- RS,1349,1093,45.0,136.6
72511704827,WASHINGTON CO AIRPORT- PA US,1301,2238,40.13333,279.71667
72092800315,DELAWARE MUNICIPAL JIM MOORE FIELD AIRPORT- OH US,1302,2215,40.28,276.885
94232099999,VICTORIA RIVER DOWNS- AS,735,1048,-16.4,131.0166666
04361099999,KULUSUK LUFTHAVN- GL,1555,2583,65.5833333,322.85
72214103731,LOUISBURG FRANKLIN CO AIRPORT- NC US,1260,2253,36.02333,281.66972
72419003889,JACKSON JULIAN CARROLL AIRPORT- KY US,1275,2213,37.591335,276.686304
01492099999,OSLO BLINDERN- NO,1499,86,59.95,10.7166666
78739099999,CHINANDEGA- NU,1026,2183,12.6333333,272.8666667
27051099999,TOTMA- RS,1499,342,59.9666666,42.7666666
07061099999,ST. QUENTIN ROUPY- FR,1398,26,49.8166667,3.2
16716099999,ATHINAI- GR,1278,190,37.882236,23.734831
15292099999,CARANSEBES- RO,1354,178,45.42,22.253333
72572424174,PROVO AIRPORT- UT US,1302,1986,40.21889,248.27667
57972099999,CHENZHOU- CH,1157,904,25.7333333,112.9666666
29937099999,ALEJSKAJA- RS,1425,662,52.5166666,82.7666666
72529400383,ANSON CO AIRPORT JEFF CLOUD FIELD- NC US,1250,2239,35.017,279.91700000000003
71980099999,RABBIT KETTLE NWT- CA,1519,1862,61.95,232.8
48462099999,ARANYAPRATHET- TH,1036,820,13.7,102.5041667
94915099999,PERISHER VALLEY AWS- AS,536,1187,-36.4,148.4
48324099999,THOEN- TH,1076,794,17.6333333,99.25
72330003975,POPLAR BLUFF MUNICIPAL AIRPORT- MO US,1267,2157,36.76973,269.67759
71914099999,SATURNA CAPMON CS- CA,1387,1895,48.7666666,236.8833334
71075099999,COLLINS BAY SASK- CA,1481,2050,58.1833333,256.3
01337099999,VOSSEVANGEN- NO,1506,51,60.6333333,6.4333333
99999953013,CEDAR CITY 18 SSE- UT US,1274,1974,37.4572,246.77519999999998
72520754735,LATROBE- PA US,1302,2245,40.28333,280.6
94329099999,URANDANGI- AS,683,1106,-21.6,138.3
72584793230,SOUTH LAKE TAHOE AIRPORT- CA US,1288,1920,38.89838,240.00383
72217853953,POTEAU ROBERT S KERR AIRPORT- OK US,1250,2123,35.02139,265.37889
71037099999,POINT ATKINSON- CA,1393,1894,49.3302777,236.735278
72611694765,LEBANON MUNICIPAL AIRPORT- NH US,1336,2302,43.62707,287.69463
94303099999,THEVENARD ISLAND- AS,685,920,-21.45,115.0166666
40957099999,SHINDAND- AF,1233,498,33.391331,62.260975
72405013743,WASHINGTON REAGAN NATIONAL AIRPORT- VA US,1288,2264,38.84721,282.96546
71443099999,SWAN RIVER AUT MAN- CA,1421,2070,52.1166666,258.7666667
99800199999,HURON LIGHT- OH US,1313,2220,41.4,277.45
33429099999,KHMEL NYTS KYI- UP,1394,216,49.4333333,26.9833333
04228099999,KITSISSUT ATTU- GL,1577,2448,67.7833333,306.0333334
72753514919,JAMESTOWN MUNICIPAL AIRPORT- ND US,1369,2091,46.92586,261.32963
10502099999,NORVENICH- GM,1408,53,50.831167,6.658167
71904099999,WIMBORBE AGCM- CA,1419,1971,51.9333333,246.4166667
40745099999,MASHHAD INTERNATIONAL- IR,1262,477,36.235195,59.640972
72403603710,MANASSAS REGIONAL DAVIS FIELD AIRPORT- VA US,1287,2260,38.72139,282.48472
99999953961,MONROE 26 N- LA US,1228,2143,32.8833,267.8835
72688194273,MCMINNVILLE MUNICIPAL AIRPORT- OR US,1351,1895,45.19572,236.86619000000002
72217423097,PLAINVIEW HALE CO AIRPORT- TX US,1241,2066,34.16667,258.28333
71488099999,KEY LAKE A- CA,1472,2035,57.25,254.4
72248453905,SHREVEPORT DOWNTOWN AIRPORT- LA US,1225,2130,32.53984,266.25383999999997
95571099999,GRAFTON RESEARCH STATION- AS,603,1224,-29.6166666,152.9666666
28984099999,SUCINSK- KZ,1429,562,52.95,70.2166666
40827099999,NEHBANDAN- IR,1215,480,31.5333333,60.0333333
02548099999,VISINGSO- SW,1480,115,58.1,14.4166666
72038800469,PIERCE CO AIRPORT THUN FIELD- WA US,1371,1902,47.10391,237.71281
72464093058,PUEBLO MEMORIAL AIRPORT- CO US,1282,2044,38.28868,255.4943
71730099999,SUDBURY- CA,1366,2234,46.625,279.20111099999997
72389403181,MAMMOTH LAKES MAMMOTH YOSEMITE AIRPORT- CA US,1276,1929,37.63333,241.15
72207694891,DANVILLE VERMILION CO AIRPORT- IL US,1301,2179,40.2,272.4
10033099999,MEIERWIK- GM,1448,76,54.8333333,9.5
87648099999,DOLORES AIRPORT- AR,536,2418,-36.35,302.2666667
72405663805,MOUNTAIN EMPIRE AIRPORT- VA US,1268,2229,36.89472,278.65028
02468099999,STORA SPANSBERGET- SW,1503,121,60.3833333,15.1333333
11918099999,LIESEK- LO,1393,157,49.3666666,19.6833333
72067400249,WEST GEORGIA REGIONAL AIRPORT O V GRAY FIELD- GA US,1236,2199,33.633,274.85
71149099999,MC CREARY- CA,1407,2084,50.7166666,260.4666667
72549894998,AUDUBON MUNICIPAL AIRPORT- IA US,1316,2121,41.7,265.08333
72538404888,PORT HURON ST CLAIR CO INTERNATIONAL AIRPORT- MI US,1329,2220,42.91083,277.47139
71981099999,AZURE- CA,1404,1968,50.5,246.0
58931099999,JIUXIAN SHAN- CH,1157,945,25.7166666,118.1
99999953168,AJO 29 S- AZ US,1219,1978,31.9497,247.1987
22282099999,MYS MIKULKIN- RS,1577,373,67.8,46.6666666
47771099999,OSAKA INTERNATIONAL- JA,1247,1084,34.785528,135.438222
26038199999,PARNU- EN,1484,196,58.417,24.467
02752099999,KRISTIINANKAUPUNKI LIGHTHOUSE- FI,1521,169,62.2,21.1666666
72207853938,HALLIBURTON FIELD AIRPORT- OK US,1244,2096,34.47083,262.04917
72659604978,DODGE CENTER AIRPORT- MN US,1340,2137,44.01778,267.16861
34691099999,NOVYJ USHTOGAN- KZ,1378,390,47.9,48.8
71094099999,CAPE DYER- CA,1566,2389,66.65,298.6166667
71706099999,CHARLOTTETOWN- CA,1362,2375,46.2833333,296.8666667
89667099999,PEGASUS NORTH- AY,120,1332,-77.95,166.5
70218626651,HOOPER BAY AIRPORT- AK US,1515,1551,61.52417,193.85333
71857099999,TULLIBY LAKE AGCM- CA,1436,1999,53.65,249.93333339999998
72220212985,GARNER FIELD AIRPORT- TX US,1192,2082,29.21139,260.25639
34110099999,BOGORODITSKOE FENINO- RS,1411,299,51.1666666,37.35
03962099999,SHANNON- EI,1427,2809,52.701978,351.075183
84752099999,RODRIGUEZ BALLON- PE,736,2307,-16.341072,288.416917
24962099999,AMGA- RS,1508,1056,60.9,131.9833333
04211099999,MITTARFIK UPERNAVIK UPERNAVIK LUFTHAVN- GL,1627,2431,72.7833333,303.8666667
71085099999,PINCHER CREEK- CA,1395,1968,49.5166666,246.0
28481099999,VIKULOVO- RS,1468,565,56.8166666,70.6166666
71524099999,L ASSOMPTION QUE- CA,1357,2293,45.8,286.5666667
02319099999,BORTNAN- SW,1527,111,62.75,13.85
72531753802,MATTOON CHARLESTON COLES CO AIRPORT- IL US,1294,2174,39.47437,271.72765
65167099999,YOLA- NI,992,99,9.257553,12.430422
82030099999,AMAPA- BR,920,2473,2.0666666,309.15
71400099999,BADGER AUT NFLD- CA,1389,2431,48.9666666,303.9333334
02945099999,HALLI- FI,1518,198,61.85605,24.7866
56033099999,MADOI- CH,1249,786,34.9166666,98.2166666
72310503858,EASTOVER MCENTIRE ANG- SC US,1239,2234,33.96667,279.2
02727099999,ASIKKALA PULKKILANHARJU- FI,1512,204,61.2666666,25.5166666
95837099999,RUTHERGLEN RESEARCH- AS,538,1172,-36.1,146.5
95543099999,GAYNDAH AIRPORT- AS,643,1213,-25.6166666,151.6166666
63403099999,GORE- ET,981,284,8.1666667,35.55
99826499999,LAKE CHARLES- LA US,1202,2134,30.2166666,266.7833334
89769099999,LINDA- AY,115,1347,-78.4666666,168.3833333
03240099999,BOULMER- UK,1454,2867,55.424167,358.396667
72073800267,THOMASVILLE REGIONAL AIRPORT- GA US,1209,2209,30.902,276.119
91680099999,NADI INTERNATIONAL- FJ,722,1420,-17.755392,177.443378
41535099999,KAKUL- PK,1241,586,34.1833333,73.25
07240099999,VAL DE LOIRE- FR,1374,6,47.432222,0.727606
83111099999,RIO JACAREPAGUA- BR,670,2533,-22.983,316.633
61832099999,CONAKRY- GV,995,2771,9.576889,346.388039
95710099999,TRANGIE RESEARCH STATION- AS,580,1184,-31.9833333,147.95
76001399999,GENERAL ABELARDO L RODRIGUEZ INTERNATIONAL- MX,1225,1944,32.541064,243.029842
71270099999,COLLINGWOOD ONT- CA,1344,2238,44.5,279.7833334
47481099999,MEMANBETSU- JA,1338,1153,43.880606,144.164053
27515599999,SHEREMETYEVO- RS,1459,299,55.972642,37.414589
72308793735,FORT EUSTIS FELKER ARMY AIR FIELD- VA US,1271,2267,37.13333,283.4
72619614610,MILLINOCKET MUNICIPAL AIRPORT- ME US,1356,2330,45.64778,291.30755
72750504929,FOSSTON MUNICIPAL AIRPORT- MN US,1375,2114,47.59278,264.22472
99999963855,CROSSVILLE 7 NW- TN US,1260,2199,36.0138,274.8655
72344353955,SILOAM SPRINGS SMITH FIELD AIRPORT- AR US,1261,2124,36.19056,265.50917
14444099999,SPLIT- HR,1335,130,43.538944,16.297964
43353099999,COCHIN- IN,999,610,9.946133,76.272022
47690099999,NIKKO- JA,1267,1116,36.7333333,139.5
61297099999,SIKASSO- ML,1013,2835,11.35,354.3166667
74780563818,STATESBORO BULLOCH CO AIRPORT- GA US,1224,2226,32.48306,278.26278
94980099999,FLINDERS ISLAND AIRPORT- AS,498,1184,-40.1,148.0
11022099999,RETZ- AU,1387,128,48.7666666,15.95
72211612873,ST PETERSBURG CLEARWATER INTERNATIONAL AIRPORT- FL US,1179,2219,27.91255,277.31444999999997
72658304941,LITCHFIELD MUNICIPAL AIRPORT- MN US,1351,2124,45.14694,265.49278
26653099999,POLOTSK- BO,1454,230,55.4666666,28.7666666
38750099999,ESENGULY- TX,1274,432,37.4666666,53.9666666
72029703730,WILLIAMSBURG JAMESTOWN AIRPORT- VA US,1272,2266,37.23917,283.28389
47407099999,ASAHIKAWA- JA,1337,1139,43.75,142.3666666
60566099999,NOUMERAT- AG,1223,30,32.384106,3.794114
38734099999,DEHAVZ- TI,1294,562,39.45,70.2
76256099999,EMPALME SON.- MX,1179,1994,27.95,249.2333334
34009099999,KURSK- RS,1417,289,51.7666666,36.1666666
17070099999,BOLU- TU,1307,253,40.7333333,31.6
38613099999,DZHALAL ABAD- KG,1309,584,40.9166666,72.95
35532099999,MUGODZARSKAJA- KZ,1386,468,48.6333333,58.5
42571099999,SATNA- IN,1145,647,24.5666667,80.8333333
99816799999,KACHEMAK BAY RESERVE- AK US,1495,1669,59.6,208.5833334
94833099999,MOUNT WILLIAM- AS,527,1141,-37.3,142.6
71538099999,WINDSOR- CA,1322,2216,42.275556,277.044444
72060999999,WALTERBORO LOWCOUNTRY REGIONAL- SC US,1229,2235,32.920817,279.359131
14280099999,OSIJEK CEPIN- HR,1354,149,45.5,18.5666666
47156099999,GWANGJU- KS,1251,1015,35.1666666,126.9
72506794720,HYANNIS BARNSTABLE MUNICIPAL AIRPORT- MA US,1316,2318,41.6719,289.73028
44213099999,BARUUNTURUUN- MG,1396,755,49.65,94.4
72577504111,EVANSTON UINTA CO BURNS FIELD- WY US,1312,1992,41.27269,248.96944000000002
66160099999,LUANDA 4 DE FEVEREIRO- AO,811,106,-8.858375,13.231178
20087099999,MGMS IM. G.F. USHAKOVA- RS,1695,725,79.55,90.5666666
99999953005,BUENA VISTA 2 SSE- CO US,1288,2031,38.811,253.87810000000002
40835299999,MALAYER- IR,1242,391,34.28,48.82
74692503741,WARREN FIELD AIRPORT- NC US,1255,2264,35.57028,282.95028
95666099999,PORT AUGUSTA ARID LANDS- AS,574,1102,-32.5166666,137.7166666
68349099999,VENTERSDORP- SF,636,214,-26.32506,26.787998
36003099999,PAVLODAR- KZ,1421,617,52.195,77.073889
06472099999,HUMAIN- BE,1401,42,50.2,5.25
40009099999,TEL ABIADH- SY,1266,312,36.7,38.95
95958099999,SCOTTS PEAK DAM- AS,469,1170,-43.05,146.2666666
30683099999,EROFEJ PAVLOVIC- RS,1439,975,53.9666666,121.9333333
72039899999,WAUTOMA MUNICIPAL- WI US,1340,2166,44.041625,270.695514
68253099999,THABAZIMBI- SF,654,219,-24.5833333,27.4166666
65112099999,BIDA- NI,990,48,9.1,6.0166667
03971099999,MULLINGAR- EI,1435,2821,53.5333333,352.6333334
68026099999,SHAKAWE- BC,716,175,-18.3666667,21.85
72563624017,CHADRON MUNICIPAL AIRPORT- NE US,1328,2055,42.83736,256.90193999999997
99843899999,TESORO MARINE TERMINAL- LA US,1196,2150,29.6666666,268.7666667
03227099999,GREAT DUN FELL NUMBER 2- UK,1446,2860,54.6833333,357.55
83981099999,COMANDANTE GUSTAVO KRAEMER- BR,586,2447,-31.390528,305.887756
25400099999,ZYRYANKA- RS,1557,1207,65.7333333,150.9
62752099999,GEDAREF AZAZA- SU,1040,283,14.0333333,35.4
94596099999,BALLINA AIRPORT AWS- AS,611,1228,-28.8333333,153.55
72226100360,OKEECHOBEE CO AIRPORT- FL US,1172,2233,27.267,279.15
72506594726,NEW BEDFORD MUNICIPAL AIRPORT- MA US,1316,2312,41.67908,289.04089
41466099999,GANED- YM,1036,353,13.685964,44.139056
72389853119,HANFORD MUNICIPAL AIRPORT- CA US,1263,1923,36.3114,240.37681
10837099999,LAUPHEIM- GM,1382,79,48.220297,9.910019
72506114704,FALMOUTH OTIS AFB- MA US,1316,2316,41.65,289.48333
51765099999,TIKANLIK- CH,1306,702,40.6333333,87.7
72057800176,STEPHENS CO AIRPORT- TX US,1227,2089,32.717,261.108
97460099999,LABUHA TALIABU- ID,883,996,-1.6166667,124.55
41978099999,SHAH AMANAT INTERNATIONAL- BG,1122,735,22.249611,91.813286
94838099999,HOPETOUN AIRPORT- AS,542,1139,-35.7166666,142.35
70194026413,FORT YUKON- AK US,1565,1718,66.56667,214.73333
60549099999,MECHERIA- AG,1235,2878,33.535853,359.757647
48380099999,KAMPHAENG PHET- TH,1064,796,16.4833333,99.5333333
47829099999,MIYAKONOJO- JA,1217,1049,31.7333333,131.0833333
72217763811,ANDREWS MURPHY AIRPORT- NC US,1251,2209,35.195,276.13472
07157099999,CHARLES DE GAULLE- FR,1390,20,49.012779,2.55
71175099999,WHISTLER- CA,1401,1896,50.1333333,237.05
74498914747,DUNKIRK CHAUTAUQUA CO AIRPORT- NY US,1324,2246,42.4932,280.72377
47674299999,NOTO- JA,1272,1096,37.293097,136.961853
47584099999,MORIOKA- JA,1296,1129,39.7,141.1666666
72453013969,PONCA CITY MUNICIPAL AIRPORT- OK US,1267,2103,36.73689,262.89766
48331099999,NAN- TH,1088,806,18.807914,100.783419
10607099999,SPANGDAHLEM AB- GM,1399,54,49.972667,6.6925
01198099999,DIVIDALEN II- NO,1587,158,68.7833333,19.7
72594024213,EUREKA WEATHER FORECAST OFFICE WOODLEY ISLAND- CA US,1308,1887,40.8097,235.8398
11142099999,ST. JOHANN PONGAU- AU,1373,105,47.3166666,13.1833333
99801599999,WELLS RESERVE- ME US,1333,2316,43.3333333,289.45
71110099999,ST LAWRENCE- CA,1369,2437,46.9166666,304.6166667
94393099999,FREDERICK REEF- AS,690,1235,-20.9333333,154.4
71766099999,QUALICUM BEACH AIRPORT- CA,1393,1885,49.3333333,235.6
68186399999,TZANEEN- SF,661,243,-23.822174,30.3273
74394514710,MANCHESTER AIRPORT- NH US,1329,2309,42.92963,288.56441
53529099999,OTOG QI- CH,1290,864,39.1,107.9833333
99999953170,HEBER 3 SE- AZ US,1243,1995,34.3983,249.43439999999998
36096099999,KYZYL- RS,1417,756,51.7166666,94.5
99400699999,BIG CARLOS PASS- FL US,1163,2225,26.4,278.12
85104099999,SAN JOAQUIN- BL,769,2363,-13.0666667,295.3333333
99999925711,ST. PAUL 4 NE- AK US,1471,1518,57.1575,189.7881
47412099999,SAPPORO- JA,1330,1131,43.0666666,141.3333333
47119099999,SUWON- KS,1272,1016,37.2666666,126.9833333
47777099999,WAKAYAMA- JA,1242,1081,34.2333333,135.1666666
95142099999,MANINGRIDA AERO- AS,779,1074,-12.05,134.2333333
72094799999,COOPERSTOWN MUNICIPAL- ND US,1374,2095,47.422775,261.894127
71352099999,ELORA RCS ONT- CA,1336,2237,43.65,279.5833334
71155099999,EDMONTON INTERNATIONAL CS ALTA- CA,1432,1971,53.3,246.4
71041599999,LUNENBURG- CA,1343,2366,44.37,295.7
68346599999,ERMELO- SF,635,240,-26.495644,29.979764
94557099999,JIMNA FORESTRY- AS,633,1220,-26.6666666,152.4666666
78486599999,DR JOAQUIN BALAGUER INTERNATIONAL- DR,1085,2320,18.572511,290.014392
91375099999,MAJURA MARSHALL IS.- RM,971,1371,7.1166666,171.35
41316099999,SALALAH- MU,1070,433,17.038719,54.091297
47761099999,HIKONE- JA,1252,1090,35.2833333,136.25
72446203073,CROCKETT HOUSTON CO AIRPORT- TX US,1213,2117,31.30694,264.59611
11292099999,LASSNITZHOEHE- AU,1370,125,47.0666666,15.5833333
03462099999,WITTERING- UK,1426,2876,52.612558,359.523547
72641614921,LONE ROCK TRI CO AIRPORT- WI US,1332,2159,43.21106,269.81261
72356503959,BARTLESVILLE MUNICIPAL AIRPORT- OK US,1267,2112,36.7664,263.98708
99824599999,WILLOUGHBY DEGUASSING STATION- VA US,1269,2269,36.9833333,283.6833334
74531093065,COLORADO SPRINGS USAF ACADEMY- CO US,1289,2041,38.96667,255.18333
94588099999,GLEN INNES AIRPORT- AS,603,1214,-29.6833333,151.7
91551099999,SOLA VANUA LAVA ISL- NH,761,1340,-13.85,167.55
94959099999,BUTLERS GORGE- AS,477,1170,-42.2833333,146.2833333
78346599999,ABEL SANTAMARIA- CU,1124,2240,22.492192,280.05638899999997
94365099999,PROSERPINE WHITSUNDAY COAST- AS,695,1188,-20.495,148.552222
97284099999,RUTENG SATAR TACIK- ID,813,964,-8.6333333,120.45
10763099999,NURNBERG- GM,1394,89,49.498644,11.078106
71949099999,FARO AUT YT- CA,1522,1813,62.2333333,226.65
02615099999,FALSTERBO A- SW,1453,103,55.3833333,12.8166666
12815099999,MOSONMAGYAROVAR- HU,1378,138,47.8833333,17.2833333
93004099999,CAPE REINGA AWS- NZ,555,1381,-34.4333333,172.6833333
59287199999,HUANGHUA- CH,1181,906,28.189158,113.219633
28661099999,KURGAN- RS,1454,523,55.4666666,65.4
72025763835,EARLY CO AIRPORT BLAKELY- GA US,1213,2201,31.39694,275.10472
47406099999,RUMOI- JA,1339,1133,43.95,141.6333333
10193599999,HERINGSDORF- GM,1438,113,53.878706,14.152347
74704003102,ONTARIO INTERNATIONAL AIRPORT- CA US,1240,1939,34.05314,242.42311
71206099999,BELLA COOLA- CA,1423,1867,52.387501,233.404167
60374099999,AIN BENAIN- AG,1267,23,36.7833333,2.8833333
06650099999,LUZERN- SZ,1370,66,47.0333333,8.3
72309013754,HAVELOCK CHERRY POINT MCAS- NC US,1248,2265,34.9,283.11667
99999953171,MILFORD 42 WNW- UT US,1285,1970,38.5943,246.2489
68032099999,MAUN- BC,700,187,-19.972564,23.431086
99482099999,TYNDALL AFB TOWER C N4 FL- US,1194,2201,29.41,275.14
48657099999,KUANTAN- MY,937,826,3.775389,103.209056
59007099999,GUANGNAN- CH,1140,841,24.0666666,105.0666666
71888099999,VIKING AGCM- CA,1431,1986,53.1833333,248.2666667
06240099999,SCHIPHOL- NL,1423,38,52.308613,4.763889
07500099999,CAP FERRET- FR,1346,2870,44.6333333,358.75
98642099999,DUMAGUETE- RP,993,986,9.333714,123.300472
24944099999,OLEKMINSK- RS,1503,963,60.4,120.4166666
03644099999,FAIRFORD- UK,1416,2866,51.682167,358.209972
78482099999,MARIA MONTEZ INTERNATIONAL- DR,1082,2311,18.251464,288.8796
72517199999,ALLENTOWN QUEEN CITY MUNICIPAL- PA US,1305,2276,40.5666666,284.5166667
47031299999,ZHENGDING- CH,1282,918,38.280686,114.6973
95630099999,BUSSELTON- AS,563,923,-33.65,115.3166666
94204099999,CURTIN AERO- AS,724,991,-17.5833333,123.8166666
13601099999,TIRANA LA PRAKA- AL,1313,158,41.3333333,19.8
72681894194,REXBURG MADISON CO AIRPORT- ID US,1338,1986,43.83211,248.19249000000002
74904800415,KEYSTONE AIRPARK- FL US,1198,2224,29.84475,277.95248
15726099999,ROJEN- BU,1318,198,41.8833333,24.7333333
72059300187,STARKE CO AIRPORT- IN US,1313,2187,41.333,273.33299999999997
99799499999,CHESAPEAKE BAY- MD US,1287,2266,38.7666666,283.3
96491099999,SANDAKAN- MY,959,944,5.900897,118.059486
57799099999,JI AN- CH,1171,920,27.1166666,114.9666666
72362603737,CURRITUCK CO AIRPORT- NC US,1263,2272,36.39889,283.98361
94125099999,BATCHELOR AERO- AS,769,1048,-13.05,131.0166666
08140099999,VALLADOLID- SP,1317,2841,41.706111,355.148056
48481099999,PHLIU AGROMET- TH,1024,817,12.5,102.1666666
91554099999,SANTO PEKOA INTERNATIONAL- NH,744,1338,-15.501253,167.222603
74724003148,GILA BEND ARMY AIR FIELD- AZ US,1228,1978,32.88333,247.28333
85289099999,TTE DE AV SALVADOR OGAYA G- BL,710,2417,-18.975281,302.179414
94600099999,CAPE NATURALISTE- AS,564,920,-33.5333333,115.0166666
72534804831,ROMEOVILLE WEATHER FORECAST OFFICE- IL US,1316,2175,41.60413,271.91503
06375099999,VOLKEL- NL,1416,46,51.656389,5.708611
72645694855,OSHKOSH WITTMAN REGIONAL AIRPORT- WI US,1339,2172,43.9871,271.44358
40551099999,MITRIBAH- KU,1198,379,29.8166666,47.35
95664099999,WHYALLA- AS,569,1100,-33.058889,137.514444
40780699999,HAMADAN- IR,1248,388,34.867,48.55
72537714804,MOUNT CLEMENS ANG BASE- MI US,1326,2217,42.6083,277.1817
47851099999,KAGOSHIMA- JA,1218,1046,31.803397,130.719408
72066199999,IONIA CO- MI US,1329,2200,42.937997,274.939475
72375600375,SEDONA AIRPORT- AZ US,1248,1986,34.85,248.21699999999998
70362125516,SELDOVIA AIRPORT- AK US,1494,1666,59.44597,208.29347
76685099999,HERMANOS SERDAN INTERNATIONAL- MX,1091,2093,19.158144,261.628553
71723099999,NICOLET QUE- CA,1362,2299,46.2166666,287.35
47799099999,TSUSHIMA- JA,1242,1035,34.284889,129.33055
48355099999,SAKON NAKHON AGROMET- TH,1071,832,17.1166666,104.05
72520404813,BEAVER FALLS- PA US,1307,2237,40.76667,279.6
71264099999,SHEARWATER RCS- CA,1346,2372,44.6333333,296.4833334
40623099999,SULYMANIYAH- IZ,1255,364,35.55,45.45
06494099999,MONT RIGI- BE,1405,49,50.5166666,6.0666666
72546804910,CARROLL ARTHUR N NEU AIRPORT- IA US,1320,2122,42.04611,265.21111
71756099999,BLACKCOMB BASE SLIDING CENTER- CA,1400,1897,50.1,237.06666669999998
82798099999,JOAO PESSOA- BR,828,2601,-7.1,325.13333339999997
72269100366,CLAXTON EVANS CO AIRPORT- GA US,1221,2225,32.2,278.13
17092099999,ERZINCAN- TU,1297,316,39.710203,39.527003
07591099999,EMBRUN- FR,1345,52,44.5666666,6.5
78349099999,SANCTI SPIRITUS SANCTI SPIRITUS- CU,1119,2244,21.9333333,280.55
95607099999,GARDEN ISLAND HSF- AS,577,925,-32.2333333,115.6833333
02723099999,KITTILA LEVITUNTURI- FI,1577,199,67.7833333,24.85
72642604895,STEVENS POINT MUNICIPAL AIRPORT- WI US,1345,2164,44.55,270.46667
99840899999,USS MIDWAY S NAVY PIER- CA US,1227,1943,32.714,242.825
56838099999,RUILI- CH,1139,783,24.0,97.85
16312099999,GIOIA DEL COLLE- IT,1307,135,40.767833,16.933333
64654099999,N DELE- CT,983,165,8.4,20.65
27906099999,OREL- RS,1429,288,52.9333333,36.0
40845099999,KHARG- IR,1192,402,29.2666666,50.2666666
64750099999,SARH CIV MIL- CD,991,147,9.15,18.3833333
48060099999,KENGTUNG- BM,1112,797,21.3,99.6166666
12195099999,SUWALKI- PL,1441,184,54.1333333,22.95
94558099999,TOOLARA KELLY- AS,640,1223,-25.9666666,152.8666666
71668099999,FREDERICKTON CDA CS- CA,1359,2347,45.92,293.4
10743099999,NIEDERSTETTEN- GM,1393,80,49.391833,9.958167
60514099999,KSAR CHELLALA- AG,1251,19,35.1666666,2.3166666
48390099999,KAMALASAI- TH,1063,829,16.3333333,103.5833333
72507554768,NORTH ADAMS HARRIMAN AIRPORT- MA US,1326,2295,42.69729,286.8304
72683604201,SCAPPOOSE INDUSTRIAL AIRPORT- OR US,1357,1897,45.76908,237.13632
02741099999,JOMALA JOMLABY- FI,1501,160,60.1833333,19.9833333
48001099999,PUTAO- BM,1173,779,27.3333333,97.4166666
91565099999,TANNA- NH,705,1354,-19.455103,169.223928
53798099999,XINGTAI- CH,1271,915,37.1833333,114.3666666
72551014939,LINCOLN AIRPORT- NE US,1308,2106,40.84781,263.23533
01223099999,KVERNBERGET- NO,1531,63,63.111781,7.824522
60670099999,TISKA- AG,1142,76,24.292767,9.452444
06626099999,GOESGEN- SZ,1373,64,47.3666666,7.9833333
33377099999,LUBNY- UP,1399,264,50.0,33.0166666
72212604879,CHICAGO LANSING MUNICIPAL AIRPORT- IL US,1315,2180,41.53972,272.46806
72032204129,SANDPOINT AIRPORT- ID US,1382,1948,48.29944,243.44
47159099999,BUSAN- KS,1250,1032,35.1,129.0333333
30337099999,KAZACHINSK- RS,1463,861,56.3166666,107.6166666
74455094982,DAVENPORT MUNICIPAL AIRPORT- IA US,1316,2155,41.61334,269.40516
47918099999,ISHIGAKI- JA,1143,993,24.344525,124.186983
74000154793,SUSSEX AIRPORT- NJ US,1311,2283,41.19925,285.37408
48927099999,VIENGSAY- LA,1104,834,20.4166666,104.2333333
85832099999,FUTALEUFU- CI,467,2305,-43.2,288.1833334
72406599999,TIPTON- MD US,1290,2266,39.085386,283.240586
17218099999,CIGLI- TU,1285,216,38.513022,27.010053
94595999999,WANGARATTA- AS,535,1170,-36.415833,146.306944
71051099999,MANYBERRIES AGCM- CA,1393,1995,49.3666666,249.31666669999998
20107099999,BARENTSBURG- SV,1680,114,78.0666666,14.25
72054500169,CHESTER AIRPORT- CT US,1313,2300,41.384,287.494
80144099999,EL CARANO- CO,956,2267,5.690758,283.358819
83899099999,HERCILIO LUZ- BR,623,2492,-27.670489,311.452819
71798099999,ESQUIMALT HARBOUR- CA,1384,1893,48.43,236.57
71515099999,INDIAN HEAD CDA SASK- CA,1405,2051,50.55,256.35
71627094792,MONTREAL DORVAL INTERNATIONAL AIRPORT- QC CA,1354,2290,45.46667,286.25
47686099999,NARITA INTERNATIONAL- JA,1257,1123,35.764722,140.386389
71208199999,POWELL RIVER- CA,1398,1884,49.834167,235.5
94637099999,KALGOORLIE BOULDER- AS,592,972,-30.789444,121.461667
07460099999,AUVERGNE- FR,1357,25,45.786661,3.169169
99834099999,SANTA BARBARA- CA US,1244,1923,34.408,240.34199999999998
95845099999,MOUNT GELLIBRAND- AS,517,1150,-38.2333333,143.7833333
23032099999,MARESALE- RS,1597,534,69.7166666,66.8
72027493799,WHITEVILLE COLUMBUS CO MUNICIPAL AIRPORT- NC US,1242,2250,34.27278,281.28528
71696099999,CHURCHILL CLIMATE- CA,1487,2127,58.72,265.93
72041300138,POSEY FIELD AIRPORT- AL US,1242,2179,34.267,272.4
10147099999,HAMBURG- GM,1436,80,53.630389,9.988228
99999923801,TROY 2 W- AL US,1217,2192,31.7901,273.9996
61036099999,TILLABERY- NG,1041,12,14.2,1.45
72054153806,OXFORD UNIVERSITY- MS US,1243,2164,34.38333,270.45
91170022508,WHEELER ARMY AIR FIELD 810.1- HI US,1114,1616,21.48722,201.97194
02049099999,GALLIVARE- SW,1571,167,67.132408,20.814636
17238099999,BURDUR- TU,1276,243,37.6666666,30.3333333
71733099999,SUDBURY CLIMATE- CA,1366,2234,46.633333,279.2
47070099999,KAESONG- KN,1279,1013,37.9666666,126.5666666
04221599999,QAANAAQ- GL,1674,2326,77.4666666,290.7833334
04208099999,KITSISSORSUIT EDDERFUGLE OEER- GL,1640,2417,74.0333333,302.1833334
72445003945,COLUMBIA REGIONAL AIRPORT- MO US,1288,2142,38.81704,267.78525
82984099999,SENADOR NILO COELHO- BR,806,2555,-9.362411,319.430903
02849099999,SALLA KK MYLLYTIE- FI,1568,229,66.8333333,28.6666666
31915099999,POGRANICHNYJ- RS,1343,1051,44.4,131.3833333
01068099999,HONNINGSVAG VALAN- NO,1610,208,71.0166667,25.9833333
72240312968,SALT POINT- LA US,1195,2148,29.559027,268.474946
72586724133,BURLEY MUNICIPAL AIRPORT- ID US,1325,1970,42.54525,246.2314
55472099999,XAINZA- CH,1209,709,30.95,88.6333333
17547099999,DIPKARPAZ- CY,1255,275,35.5833333,34.3833333
72545704904,ALGONA MUNICIPAL AIRPORT- IA US,1330,2126,43.07778,265.72806
07015099999,LESQUIN- FR,1405,25,50.561942,3.089444
29789099999,VERHNJAJA GUTARA- RS,1442,776,54.2166666,96.9666666
94562099999,UNIVERSITY OF QUEENSLAND GATTON- AS,624,1219,-27.55,152.3333333
96791099999,CIREBON JATIWANGI- ID,832,866,-6.75,108.2666666
11144099999,ZELL AM SEE AUT- AU,1373,102,47.3333333,12.8
11502099999,USTI NAD LABEM- EZ,1406,112,50.6833333,14.0333333
06203099999,P11 B DE RUYTER- NL,1423,27,52.3666666,3.35
72243612906,HOUSTON ELLINGTON AFB- TX US,1196,2119,29.61667,264.83333
72528704724,NIAGARA FALLS INTERNATIONAL AIRPORT- NY US,1331,2248,43.1083,281.06182
12295099999,BIALYSTOK- PL,1430,185,53.1,23.1666666
72374703101,SHOW LOW AIRPORT- AZ US,1242,2000,34.2639,249.9925
64211099999,KINSHASA N DOLO- CG,856,123,-4.3166666,15.3166666
40635599999,ALI BASE- IZ,1209,369,30.935758,46.090111
47039099999,HUICHON- KN,1301,1010,40.1666666,126.25
02487099999,SKARPO A- SW,1493,150,59.35,18.7333333
85459199999,AD MELINKA- CI,461,2290,-43.89389,286.260277
47610099999,NAGANO- JA,1266,1106,36.6666666,138.2
62366499999,ST CATHERINE INTERNATIONAL- EG,1186,273,28.6833333,34.0666666
06080099999,ESBJERG- DA,1455,68,55.525942,8.553403
85141099999,RURRENABAQUE- BL,755,2340,-14.4833333,292.5166667
14654099999,SARAJEVO BJELAVE- BK,1338,147,43.8666666,18.4333333
52533099999,JIUQUAN SUZHOU- CH,1297,788,39.7666667,98.4833333
32150099999,KHOMUTOVO- RS,1368,1142,46.888672,142.717531
76585099999,MATLAPA S.L.P.- MX,1113,2089,21.3166666,261.1833334
44282099999,TSETSERLEG- MG,1374,812,47.45,101.4666666
72653994056,FAITH MUNICIPAL AIRPORT- SD US,1350,2064,45.032601,257.98001
47580044402,MISAWA NAVAL AIR STATION- JA,1307,1131,40.703222,141.368364
96565099999,PUTUSSIBAU PAGSUMA- ID,908,903,0.8833333,112.9333333
72025804997,ISEDOR IVERSON AIRPORT- MN US,1366,2134,46.61889,266.69028000000003
68424099999,UPINGTON- SF,616,170,-28.399097,21.260239
16125099999,SARZANA LUNI- IT,1340,80,44.0833333,9.9833333
96615099999,RAHADI USMAN- ID,881,880,-1.816639,109.963483
24768099999,CURAPCA- RS,1520,1061,62.0333333,132.6
62790099999,NYALA- SU,1020,199,12.05,24.8833333
34214099999,BELGOROD- RS,1406,293,50.6333333,36.5833333
50844099999,TAILAI- CH,1363,988,46.4,123.45
57916099999,LUODIAN- CH,1154,854,25.4333333,106.7666666
72061500206,COLUMBIA AIRPORT- CA US,1280,1917,38.033,239.583
41620099999,ZHOB- PK,1213,556,31.358381,69.463606
07476099999,CAUMONT- FR,1339,39,43.9073,4.901831
72064354940,FOREST CITY MUNICIPAL AIRPORT- IA US,1332,2131,43.23475,266.3759
95402099999,SHARK BAY AIRPORT- AS,640,909,-25.9,113.5833333
71548099999,ST LINA AGCM- CA,1442,1988,54.2666666,248.55
94743099999,MOUNT BOYCE- AS,563,1202,-33.6166666,150.2666666
72540554816,ALMA GRATIOT COMMUNITY AIRPORT- MI US,1333,2202,43.32222,275.31194
08515599999,GRACIOSA- PO,1290,2656,39.092169,331.970153
30664099999,TUNGOKOCEN- RS,1435,925,53.5333333,115.6166666
03840099999,DUNKESWELL AERODROME- UK,1408,2854,50.8666666,356.7666667
41216099999,BATEEN- AE,1144,436,24.428333,54.458084
06806599999,BUOCHS AIRPORT STANS- SZ,1369,67,46.9666666,8.4
96015099999,MEULABOH CUT NYAK- ID,942,769,4.25,96.1166667
40405099999,GASSIM- SA,1162,350,26.3,43.7666666
71252099999,WILLOW CREEK 1 ALTA- CA,1433,1933,53.3833333,241.6666667
72200354930,STANTON AIRFIELD- MN US,1344,2136,44.47556,266.98361
89324099999,BYRD STATION- AY,99,1925,-80.0,240.6
40650899999,AL SAHRA ARMY AIR FIELD- IZ,1246,348,34.673231,43.542994
72656704980,NEW ULM MUNICIPAL AIRPORT- MN US,1343,2124,44.31944,265.49778000000003
23221099999,USINSK- RS,1559,459,66.0,57.3666666
94912099999,BAIRNSDALE AIRPORT- AS,521,1181,-37.8833333,147.5666666
72042600141,INDEPENDENCE MUNICIPAL AIRPORT- KS US,1271,2114,37.158,264.222
72274803914,CASA GRANDE MUNICIPAL AIRPORT- AZ US,1229,1986,32.95,248.23333
58834099999,NANPING- CH,1166,945,26.6333333,118.15
83840099999,AFONSO PENA- BR,644,2487,-25.528475,310.824225
58150099999,SHEYANG- CH,1237,962,33.75,120.3
97430099999,BABULLAH- ID,908,1019,0.831414,127.381486
72303793765,BEAUFORT MICHAEL J. SMITH FIELD- NC US,1247,2267,34.73258,283.34341
71096099999,BROUGHTON ISLAND- CA,1575,2370,67.53,296.22
43185099999,MACHILIPATNAM FRANCHPET- IN,1061,649,16.2,81.15
54751099999,CHANG DAO- CH,1279,966,37.9333333,120.7166666
38402099999,KHATANGA- RS,1619,820,71.978058,102.490514
89586099999,MOUNT BROWN- AY,208,688,-69.1166666,85.9833333
26247099999,VALGA- EN,1477,208,57.7833333,26.0333333
99820599999,STROM THURMOND DAM- US,1236,2222,33.6666666,277.8
33135099999,CHERNIHIV- UP,1414,250,51.4666666,31.25
84686099999,TENIENTE ALEJANDRO VELASCO ASTETE INTERNATIONAL- PE,764,2304,-13.535722,288.061219
22831099999,PUDOZ- RS,1517,293,61.8,36.5833333
60731099999,ENFIDHA- TS,1260,83,36.0833333,10.4333333
38141799999,KARSHI KHANABAD- UZ,1288,527,38.833636,65.921464
71989099999,MOULD BAY CS NWT- CA,1662,1925,76.2333333,240.6666667
36064099999,YAJLJU- RS,1417,701,51.7666666,87.6
72319393807,WINSTON SALEM REYNOLDS AIRPORT- NC US,1261,2238,36.13347,279.77558999999997
47780099999,NARA- JA,1246,1087,34.7,135.8333333
31825099999,AGZU- RS,1375,1107,47.6,138.4
15020099999,BOTOSANI- RO,1377,213,47.7333333,26.65
71264399999,BUTTONVILLE MUNICIPAL- CA,1338,2245,43.862221,280.63
53463099999,BAITA- CH,1308,895,40.851422,111.824103
71349099999,RICH LAKE AGDM ALTA- CA,1444,1986,54.5,248.3
16181099999,PERUGIA- IT,1330,100,43.095906,12.513222
47136099999,ANDONG- KS,1265,1030,36.5666666,128.7
47617099999,TAKAYAMA- JA,1261,1098,36.15,137.25
87576099999,MINISTRO PISTARINI- AR,551,2412,-34.822222,301.464167
47836099999,YAKUSHIMA- JA,1203,1045,30.385569,130.659017
30925099999,KJAHTA- RS,1403,852,50.3666666,106.45
40706099999,TABRIZ INTERNATIONAL- IR,1281,370,38.133889,46.235
99999953015,HAGERMAN 10 ESE- NM US,1230,2047,33.0875,255.8383
12805099999,SOPRON- HU,1376,133,47.6833333,16.6
71791099999,GILT EDGE NORTH AGCM- CA,1430,1995,53.0666666,249.3833334
47670099999,YOKOHAMA- JA,1254,1117,35.4333333,139.65
72224754785,SOMERSET AIRPORT- NJ US,1306,2283,40.62406,285.33101999999997
72775524112,MALMSTROM AFB- MT US,1375,1991,47.51667,248.81667
71389099999,DESCHAMBAULT CS QUE- CA,1366,2304,46.6833333,288.0333334
63881099999,SUMBAWANGA- TZ,820,253,-7.9666667,31.63
14253099999,BJELOVAR- HR,1359,135,45.9166666,16.8666666
89868099999,SCHWERDTFEGER- AY,100,1360,-79.9,169.9833333
22996099999,OB JACEVO- RS,1503,397,60.3666666,49.65
02542099999,HALLUM- SW,1483,104,58.3166666,13.0333333
65330099999,PARAKOU- BN,993,21,9.35,2.6166667
87270099999,RECONQUISTA AERO- AR,608,2402,-29.1833333,300.3
72775024143,GREAT FALLS AIRPORT- MT US,1374,1989,47.47327,248.61719
65459099999,KOFORIDUA- GH,960,2878,6.0833333,359.75
72211253982,GILMER MUNICIPAL AIRPORT- TX US,1226,2120,32.69889,265.05111
95721099999,COWRA AIRPORT AWS- AS,561,1189,-33.85,148.65
60765099999,GABES- TS,1238,81,33.876919,10.103333
37682099999,AMASIA- AM,1309,350,40.95,43.7833333
53787099999,YUSHE- CH,1270,904,37.0666666,112.9833333
01282099999,RORVIK RYUM- NO,1548,90,64.85,11.2333333
40645099999,RAMADI- IZ,1234,347,33.45,43.3166666
38264099999,NUKUS- UZ,1324,477,42.45,59.6166666
72063800224,BEND MUNICIPAL AIRPORT- OR US,1340,1910,44.095,238.8
43347099999,NAGAPPATTINAM- IN,1007,639,10.7666666,79.85
99999963858,SELMA 13 WNW- AL US,1224,2182,32.4567,272.7578
70367025322,GUSTAVUS- AK US,1484,1794,58.4111,224.2911
96477099999,KUDAT- MY,969,935,6.9166667,116.8333333
57025099999,FENGXIANG- CH,1245,859,34.5166666,107.3833333
71051499999,MARATHON- CA,1387,2189,48.755278,273.655556
99999903087,SANTA FE 20 WNW- NM US,1258,2029,35.8245,253.6822
01257099999,TRONDHEIM VOLL- NO,1534,84,63.4166666,10.45
72264093035,MARFA MUNICIPAL AIRPORT- TX US,1203,2048,30.37139,255.98333
47430099999,HAKODATE- JA,1318,1126,41.8166666,140.75
94809099999,EDITHBURGH AWS- AS,548,1102,-35.1166666,137.7333333
38403299999,URGENCH- UZ,1315,485,41.584272,60.641708
71767099999,TOBERMORY RCS- CA,1352,2227,45.2333333,278.3666667
17352099999,ADANA- TU,1269,282,36.982166,35.280388
72039500130,PLEASANTON MUNICIPAL AIRPORT- TX US,1189,2092,28.95,261.483
72086700293,RUGBY MUNICIPAL AIRPORT- ND US,1383,2080,48.39,259.976
63717099999,NYERI- KE,894,296,-0.5,36.9666667
72694024232,SALEM AIRPORT MCNARY FIELD- OR US,1349,1896,44.90488,236.99896999999999
11423099999,PRIMDA- EZ,1396,101,49.6666666,12.6833333
72521604842,WOOSTER WAYNE CO AIRPORT- OH US,1308,2225,40.87324,278.11136
72641404873,MONROE MUNICIPAL AIRPORT- WI US,1326,2163,42.61472,270.40944
71566099999,TOMAHAWK AGDM- CA,1434,1962,53.43,245.28
71274099999,SMOKY LAKE AGDM ALTA- CA,1442,1980,54.2666666,247.5166667
68271099999,KOPANE- SF,657,232,-24.2,29.0
72217003813,MACON MIDDLE GA REGIONAL AIRPORT- GA US,1226,2211,32.68889,276.34704
26961099999,BOBRUISK- BO,1432,233,53.2166666,29.1269444
70274626497,BIRCHWOOD AIRPORT- AK US,1514,1684,61.41639,210.49278
26941099999,BARANOVICHI- BO,1431,208,53.1166666,26.0
17197099999,TULGA- TU,1283,306,38.35375,38.253944
74923000393,TELLER AIRPORT- AK US,1552,1549,65.233,193.65
85459599999,DESIERTO DE ATACAMA- CI,627,2314,-27.261247,289.220778
71784099999,WEST VANCOUVER AUT- CA,1393,1894,49.35,236.8
71428099999,CAP CHAT QUE- CA,1390,2347,49.1,293.35
72328493839,MEMPHIS NAS- TN US,1253,2161,35.35,270.13333
72356453908,TULSA RICHARD L JONES JR AIRPORT- OK US,1260,2112,36.04243,264.00984
35394299999,ASTRAKHAN- RS,1362,384,46.283333,48.006278
11636099999,KOSTELNI MYSLOVA- EZ,1391,123,49.1666666,15.4333333
72091500305,EAST CAMERON 47 OIL PLATFORM- LA US,1194,2136,29.433,267.017
72215704949,MACOMB MUNICIPAL AIRPORT- IL US,1305,2155,40.52028,269.34778
72509854704,NORWOOD MEMORIAL AIRPORT- MA US,1321,2311,42.19123,288.82674
47783099999,IWAMI- JA,1246,1054,34.676389,131.790278
95940099999,PT PERPENDICULAR AWS- AS,549,1206,-35.0833333,150.8
72065899999,SAUK CENTRE MUNICIPAL- MN US,1357,2121,45.706561,265.066603
29869099999,ERMAKOVSKOE- RS,1432,739,53.3,92.4166666
72086300289,TIOGA MUNICIPAL AIRPORT- ND US,1383,2057,48.381,257.102
78485099999,LAS AMERICAS INTERNATIONAL- DR,1084,2323,18.429664,290.331075
28786099999,POLTAVKA- RS,1443,574,54.3666666,71.75
48415099999,AYUTTHAYA- TH,1045,806,14.5166666,100.7166666
72658514954,MANKATO MUNICIPAL AIRPORT- MN US,1342,2129,44.21667,266.08333
94628099999,NEWDEGATE RES. STATION- AS,568,951,-33.1166666,118.8333333
58556099999,SHENGXIAN- CH,1195,967,29.6,120.8166666
29998099999,ORLIK- RS,1424,799,52.5,99.8166666
48307099999,TUNG CHANG- TH,1094,807,19.4166666,100.8833333
07300099999,SAINT SAUVEUR- FR,1366,2861,46.7,357.6666667
53231099999,HAILS- CH,1314,851,41.45,106.3833333
23933099999,KHANTY MANSIYSK- RS,1510,553,61.028479,69.086067
33983099999,KERCH- UP,1353,291,45.4,36.4166666
40022099999,LATTAKIA- SY,1255,286,35.5333333,35.7666666
47709099999,MATSUMOTO- JA,1261,1103,36.166758,137.922669
42260099999,AGRA- IN,1171,624,27.155831,77.960892
94317099999,NEWMAN AERO- AS,665,958,-23.4166666,119.8
10771099999,KUEMMERSBRUCK- GM,1394,95,49.4333333,11.9
93891099999,DUNEDIN AERODROME AWS- NZ,440,1361,-45.9166666,170.1833333
61090099999,ZINDER- NG,1037,72,13.778997,8.983761
16742099999,KOS- GR,1267,217,36.793335,27.091667
40780299999,KISH ISLAND- IR,1165,432,26.517,53.983
03770099999,ST JAMES PARK- UK,1414,2879,51.5,359.8833334
70119600102,BOB BARKER MEMORIAL AIRPORT- AK US,1569,1597,66.983,199.567
85201099999,EL ALTO INTERNATIONAL- BL,734,2334,-16.513339,291.807744
22349099999,PJALICA- RS,1561,316,66.1833333,39.5333333
16280099999,PONZA ISLAND- IT,1309,104,40.9166667,12.95
71982099999,BLACK DIAMOND- CA,1406,1967,50.7,245.85
71483099999,FORT ASSINIBOINE AGCM- CA,1443,1962,54.4,245.2333334
54857099999,LIUTING- CH,1262,963,36.266108,120.374436
94925099999,TUGGERANONG ISABELLA PLAINS- AS,545,1193,-35.4166666,149.1
72307403703,EDENTON NORTHEAST REGIONAL AIRPORT- NC US,1260,2267,36.0275,283.43306
72224800359,SOUTHLAND FIELD AIRPORT- LA US,1201,2133,30.131,266.624
91792000487,FUA AMOTU TONGA- FJ,687,1479,-21.23,184.85
89832099999,D 10- AY,232,1119,-66.7166666,139.8333333
13597099999,GEVGELIJA- MK,1311,180,41.15,22.5
11153099999,MONDSEE- AU,1378,107,47.85,13.3666666
71772099999,ENTRANCE ISLAND CS BC- CA,1392,1890,49.2166666,236.2
48413099999,WICHIAN BURI- TH,1056,809,15.6569444,101.1052778
48353099999,LOEI- TH,1074,814,17.439133,101.722064
64401099999,DOLISIE- CF,857,102,-4.2,12.7
96505099999,LONGBAWAN JUVAI- ID,937,925,3.7333333,115.6833333
11016299999,LUGPLATZ VOSLAU- AU,1379,130,47.9666667,16.2666667
38141399999,KHUDZHAND- TI,1302,558,40.215394,69.694708
70119526625,SHISHMAREF AIRPORT- AK US,1562,1551,66.24958,193.91064
70260725378,HOONAH SEAPLANE BASE- AK US,1480,1797,58.09619,224.59125
08085099999,PAMPLONA- SP,1327,2867,42.770039,358.353669
74207703763,ROCKINGHAM CO SHILOH AIRPORT- NC US,1264,2241,36.43722,280.14889
47476099999,ASAHIKAWA- JA,1336,1140,43.670833,142.4475
30957099999,AKSA- RS,1402,906,50.2666666,113.2666666
72683094185,BURNS MUNICIPAL AIRPORT- OR US,1335,1928,43.59486,241.04212
78705099999,GOLOSON INTERNATIONAL- HO,1057,2185,15.742481,273.146964
27252099999,NIKOLO POLOMA- RS,1483,347,58.35,43.3833333
38141199999,ATYRAU- KZ,1371,415,47.121944,51.821389
72779024146,KALISPELL GLACIER AIRPORT- MT US,1383,1966,48.30408,245.73574000000002
51463599999,DIWOPU- CH,1339,700,43.907106,87.474244
47172099999,GOCHANG- KS,1253,1013,35.3488889,126.5988889
99999913752,ANNAPOLIS UNITED STATES NAVAL ACADEMY ASOS- MD US,1289,2268,38.9913,283.5109
71316099999,LACLABICHE CLIMATE ALTA- CA,1447,1984,54.7666666,247.9833334
71116099999,ONEFOUR CDA ALTA- CA,1391,1996,49.1166666,249.5333334
65467099999,TAKORADI- GH,948,2866,4.896056,358.225244
53614099999,YINCHUAN- CH,1284,850,38.4833333,106.2166667
72063400220,FAIRFIELD CO AIRPORT- SC US,1243,2231,34.315,278.891
74732023002,HOLLOMAN AFB- NM US,1228,2031,32.85,253.9
44239099999,BULGAN- MG,1387,828,48.8,103.55
08397099999,MORON AB- SP,1271,2835,37.174917,354.384056
23678099999,VERHNEIMBATSK- RS,1531,704,63.15,87.95
91753099999,WALLIS- WF,767,1470,-13.238281,183.800772
30493099999,NAGORNYJ- RS,1459,999,55.9666666,124.8833333
78224099999,JOSE MARTI INTERNATIONAL- CU,1129,2221,22.989153,277.590914
72314453890,RUTHERFORD CO MARCHMAN FIELD AIRPORT- NC US,1254,2225,35.42806,278.065
17170099999,VAN- TU,1284,347,38.468219,43.3323
07217099999,MONTOIR- FR,1373,2863,47.312189,357.850819
35394499999,NOVY URENGOY- RS,1560,612,66.0666666,76.5166666
10864499999,OBERPFAFFENHOFEN- GM,1380,90,48.081364,11.283067
74614123141,INDIAN SPRINGS- NV US,1265,1955,36.58333,244.31667
37749099999,GOYCHAY- AJ,1306,382,40.65,47.75
72497593809,CAIRO REGIONAL AIRPORT- IL US,1270,2166,37.06444,270.78056
86233099999,VILLARRICA- PA,642,2428,-25.754,303.562
80110099999,OLAYA HERRERA- CO,962,2275,6.219958,284.409481
41749099999,NAWABSHAH- PK,1162,547,26.219442,68.390053
71289099999,STETTLER AGDM ALTA- CA,1423,1979,52.3333333,247.4166667
78793599999,BOCAS DEL TORO INTERNATIONAL- PM,993,2222,9.340853,277.74915799999997
56969099999,MENGLA- CH,1114,813,21.5,101.5833333
87047099999,SALTA- AR,651,2356,-24.855978,294.513831
71697099999,OSHAWA- CA,1339,2249,43.922779,281.105
28879099999,KOKSHETAY- KZ,1432,555,53.2833333,69.3833333
91367099999,AILINGLAPALAP ATOLL MARSHALL IS.- RM,972,1351,7.2666666,168.8333333
72548904959,ORANGE CITY MUNICIPAL AIRPORT- IA US,1329,2111,42.99,263.93722
83362099999,MARECHAL RONDON- BR,743,2431,-15.652931,303.883281
96557099999,NANGAPINOH- ID,896,894,-0.35,111.7833333
95925099999,MOUNT GININI- AS,544,1190,-35.5333333,148.7666666
47940099999,NAGO- JA,1165,1024,26.6,127.9666666
51716099999,BACHU- CH,1297,629,39.8,78.5666666
72344154921,ALBION MUNICIPAL AIRPORT- NE US,1317,2096,41.73,261.94556
99725799999,9075099 DE TOUR VILLAGE MI- US,1359,2209,45.99,276.1
83767099999,REGIONAL DE MARINGA SILVIO NAME JUNIOR- BR,665,2464,-23.476392,307.983594
72017063851,METROPOLIS MUNICIPAL AIRPORT- IL US,1271,2170,37.18583,271.24944
11927199999,KOSICE- LO,1386,170,48.663055,21.241112
71864099999,MOOSE JAW AIR VICE MARSHAL C M MCEWEN- CA,1403,2036,50.330278,254.440833
32098099999,PORONAJSK- RS,1392,1145,49.2166666,143.1
15150099999,BACAU- RO,1365,215,46.521946,26.910278
37735099999,GANDJA- AJ,1307,371,40.7166666,46.4166666
72650754907,MINERAL POINT IOWA CO AIRPORT- WI US,1328,2158,42.88667,269.76389
91066022701,MIDWAY ISLAND HENDERSON FIELD AIRPORT- UM MQ,1181,1461,28.2,182.61667
98132099999,ITBAYAT- RP,1107,975,20.8,121.85
06183099999,DROGDEN- DA,1455,102,55.5333333,12.7166666
17080099999,CANKIRI- TU,1305,269,40.6,33.6166666
70296026410,CORDOVA AIRPORT- AK US,1504,1716,60.48604,214.5555
65418099999,TAMALE- GH,995,2873,9.557192,359.136786
28688099999,ISIL KUL- RS,1448,570,54.9,71.25
48440099999,SRAKAEW- TH,1037,816,13.7833333,102.0333333
72434753904,ST CHARLES CO AIRPORT- MO US,1289,2157,38.93043,269.56709
71313099999,HAVRE ST PIERRE- CA,1402,2371,50.2833333,296.4
91964099999,PITCAIRN ISLAND AWS- PC,649,1839,-25.0666666,229.9
72434503966,ST LOUIS SPIRIT OF ST LOUIS AIRPORT- MO US,1286,2155,38.65752,269.34423
68442099999,BLOEMFONTEIN INTERNATIONAL- SF,609,210,-29.092722,26.302444
71876099999,NORTH BATTLEFORD- CA,1427,2014,52.769167,251.75639
97790099999,NEIRA- ID,854,1039,-4.5333333,129.9
72092700314,FLETCHER FIELD AIRPORT- MS US,1242,2156,34.3,269.488
04013099999,STYKKISHOLMUR- IC,1550,2698,65.0833333,337.2666667
87803099999,ESQUEL- AR,470,2311,-42.90795,288.860528
28049099999,GARI- RS,1494,499,59.4333333,62.3333333
72063200218,SUMMERVILLE AIRPORT- SC US,1230,2238,33.063,279.721
72259003927,DAL FTW WSCMO AIRPORT- TX US,1228,2104,32.89744,262.97803999999996
02423099999,SUNNE- SW,1498,105,59.8666666,13.1166666
47100099999,DAEGWALLYEONG- KS,1276,1030,37.6833333,128.7166666
94289099999,HOLMES REEF- AS,735,1183,-16.4666666,147.8666666
11782099999,MOSNOV- EZ,1396,145,49.696292,18.111053
02546099999,GARDSJO- SW,1488,115,58.8833333,14.3833333
47016099999,HYESAN- KN,1313,1025,41.4,128.1666666
68267299999,JOHANNESBURG BARAGWANATH- SF,636,222,-26.348257,27.778303
99999903078,EADS 16 ENE- CO US,1285,2060,38.5443,257.4975
71357099999,QIKIQTARJUAQ CLIMATE- CA,1575,2368,67.55,295.97
30636099999,BARGUZIN- RS,1436,877,53.6166666,109.6333333
89864099999,MANUELA- AY,150,1309,-74.95,163.6833333
10727599999,KARLSRUHE BADEN BADEN- GM,1387,65,48.779353,8.0805
56096099999,WUDU- CH,1233,839,33.4,104.9166666
47638099999,KOFU- JA,1256,1108,35.6666666,138.55
40401099999,PRINCE ABDULMAJEED BIN ABDULAZIZ AIRPORT- SA,1162,305,26.2938,38.0637
57554099999,SANGZHI- CH,1193,881,29.4,110.1666666
71461099999,EAGLESHAM AGCM- CA,1457,1937,55.8,242.1166667
99726899999,9076070 S.W. PIER MI- US,1364,2205,46.5,275.63
72455503936,MANHATTAN ASOS- KS US,1291,2107,39.13456,263.32106
06344099999,ROTTERDAM- NL,1419,35,51.956944,4.437222
68263599999,LANSERIA- SF,640,223,-25.938514,27.926133
01426099999,EIGEROYA- NO,1484,47,58.4333333,5.8666666
21931099999,JUBILEJNAJA- RS,1607,1090,70.7666666,136.2166666
72556014941,NORFOLK KARL STEFAN MEMORIAL AIRPORT- NE US,1319,2101,41.97988,262.5665
06348099999,CABAUW TOWER- NL,1419,39,51.9666666,4.9333333
72476593013,MONTROSE REGIONAL AIRPORT- CO US,1285,2017,38.50538,252.10187000000002
99401899999,LA JOLLA- CA US,1228,1942,32.867,242.74200000000002
71401099999,WARFIELD RCS- CA,1391,1938,49.1166666,242.2666667
72750754904,BENSON MUNICIPAL AIRPORT- MN US,1353,2115,45.33194,264.34944
72407513735,MILLVILLE MUNICIPAL AIRPORT- NJ US,1293,2279,39.36623,284.92222
03969099999,DUBLIN- EI,1434,2830,53.421333,353.729925
95283099999,COOKTOWN AIRPORT- AS,745,1161,-15.45,145.1833333
06052099999,THYBOROEN- DA,1466,66,56.7,8.2166666
72532604894,STERLING ROCK FALLS WHITESIDE CO JOSH BITTORF FIELD AIRPORT- IL US,1317,2163,41.74278,270.32389
27607099999,BEGISHEVO- RS,1455,417,55.564686,52.092511
61277099999,SAN- ML,1033,2841,13.3333333,355.1666667
40634099999,HADITHAH- IZ,1241,339,34.1333333,42.35
72432093817,EVANSVILLE REGIONAL AIRPORT- IN US,1280,2180,38.05015,272.48535
60360099999,ANNABA- AG,1268,62,36.822225,7.809167
99402199999,NEAH BAY- WA US,1383,1883,48.368,235.38299999999998
26167099999,NIKOLAEVSKOE- RS,1485,238,58.5666666,29.8
78315099999,PINAR DEL RIO- CU,1124,2211,22.4166666,276.3166667
13388099999,NIS- RI,1333,175,43.337289,21.853722
95765099999,SYDNEY OLYMPIC PARK AWS ARCHERY CENTRE- AS,561,1209,-33.8333333,151.0666666
96559099999,SUSILO- ID,900,892,0.063619,111.473428
99408199999,EAST AMATULI STATION LIGHT AK- US,1489,1664,58.92,208.05
40651499999,AL TAJI ARMY AIR FIELD- IZ,1235,354,33.523861,44.256748
56065099999,HENAN- CH,1247,813,34.7333333,101.6
57731099999,SINAN- CH,1179,866,27.95,108.25
06464099999,RETIE- BE,1412,40,51.2166666,5.0333333
59211099999,BAISE- CH,1138,853,23.9,106.6
78742199999,PROVIDENCIALES- TK,1117,2302,21.773625,287.734114
72073399999,BOERNE STAGE FIELD- TX US,1197,2090,29.723931,261.305358
48852099999,PHUBAI- VM,1064,862,16.4015,107.702614
99817799999,LAKE MURRAY- SC US,1240,2230,34.1,278.7333334
99723999999,SOUTH TIMBALIER BLOCK 52 LA CSI06- US,1188,2156,28.87,269.52
72267703027,CLINES CORNERS- NM US,1250,2035,35.003027,254.337219
71614099999,STE CLOTHILDE QUE- CA,1351,2291,45.1666666,286.3333334
31713099999,BIROBIDZHAN- RS,1387,1064,48.7333333,132.95
72234853808,LAUREL HATTIESBURG PINE BELT REGIONAL AIRPORT- MS US,1214,2165,31.46667,270.66667
57178099999,NANYANG- CH,1230,900,33.1,112.4833333
95869099999,DENILIQUIN AIRPORT AWS- AS,544,1160,-35.5666666,144.95
06798099999,SCUOL- SZ,1367,82,46.8,10.2833333
72554014949,BELLEVUE OFFUTT AFB- NE US,1311,2113,41.11667,264.08333
72790024141,EPHRATA AIRPORT- WA US,1373,1924,47.30777,240.48449
54534099999,TANGSHAN- CH,1296,945,39.65,118.1
76665099999,MORELIA MICH.- MX,1096,2071,19.7,258.8166667
02521099999,BERGARUD- SW,1485,99,58.6,12.4166666
22820099999,PETROZAVODSK- RS,1518,274,61.8166666,34.2666666
08045099999,VIGO- SP,1322,2811,42.2318,351.373225
71166099999,TROUT LAKE NWT- CA,1504,1910,60.4333333,238.7666667
48077099999,PROME- BM,1087,762,18.8,95.2166666
47145099999,CHEONAN- KS,1267,1018,36.7625,127.2927778
70362025335,SKAGWAY AIRPORT- AK US,1494,1797,59.45383,224.67231
72744594926,IRONWOOD- MI US,1365,2159,46.53333,269.86667
94774099999,NEWCASTLE NOBBYS SIGNAL STATION- AS,570,1214,-32.9166666,151.7833333
97682099999,NABIRE- ID,866,1084,-3.368183,135.496406
78672099999,LA UNION CPI- ES,1033,2178,13.3166666,272.2166667
97016099999,BITUNG- ID,914,1001,1.4333333,125.1833333
99405099999,LAKE WORTH FL- US,1166,2240,26.61,279.97
74465753887,CENTRALIA MUNICIPAL AIRPORT- IL US,1285,2167,38.51472,270.90806
65416099999,BOLE- GH,990,2860,9.0333333,357.5166667
72792024227,OLYMPIA AIRPORT- WA US,1369,1897,46.97371,237.09507000000002
03346399999,LEEDS BRADFORD- UK,1438,2867,53.865897,358.339431
53480099999,JINING- CH,1310,905,41.0333333,113.0666666
41217099999,ABU DHABI INTERNATIONAL- AE,1144,437,24.432972,54.651138
78906000403,CANEFIELD AIRPORT- DO,1053,2389,15.333,298.617
94380099999,GLADSTONE RADAR- AS,661,1210,-23.85,151.2666666
71758099999,SYDNEY RCS- CA,1361,2400,46.17,299.95
71009099999,BEISEKER AGCM- CA,1413,1973,51.3666666,246.65
71503099999,DELINE CS NWT- CA,1552,1893,65.2166666,236.56666669999998
27962099999,PENZA- RS,1431,360,53.1333333,45.0166667
17510099999,GIRNE- CY,1253,267,35.35,33.3333333
06670099999,ZURICH- SZ,1374,68,47.464722,8.549167
98334099999,BALER RADAR- RP,1057,973,15.75,121.6333333
03917099999,ALDERGROVE- UK,1446,2830,54.6575,353.784167
11244099999,BAD GLEICHENBERG- AU,1368,127,46.8666666,15.9
72770024138,DILLON AIRPORT- MT US,1352,1980,45.2584,247.44546
02778099999,SAVONLINNA PUNKAHARJU- FI,1517,235,61.8,29.3166666
02559099999,GLADHAMMAR- SW,1476,132,57.7,16.4666666
72672024061,RIVERTON REGIONAL AIRPORT- WY US,1330,2012,43.06217,251.55295
11060099999,LINZ STADT- AU,1382,114,48.3,14.2833333
91408040310,BABELTHUAP KOROR AIRPORT- PW PS,973,1076,7.36722,134.54417
94768099999,SYDNEY OBSERVATORY HILL- AS,561,1210,-33.85,151.2
48303099999,CHIANG RAI- TH,1098,799,19.885361,99.826844
72216226554,MERRILL PASS WEST- AK US,1512,1650,61.26667,206.2
03761099999,ODIHAM- UK,1412,2872,51.234139,359.057175
72072100255,SABINE OIL PLATFORM- LA US,1194,2131,29.483,266.367
01434099999,VAAGSLI- NO,1497,59,59.7666666,7.3666666
03872099999,THORNEY ISLAND- UK,1408,2873,50.8166666,359.0833334
71822099999,CHAPAIS- CA,1397,2284,49.771944,285.471944
95977099999,GROVE RESEARCH STATION- AS,470,1177,-42.9833333,147.0666666
71344099999,HUSSAR AGDM ALTA- CA,1411,1980,51.1833333,247.5
10765099999,ROTH- GM,1392,89,49.2175,11.100167
60620199999,BORDJ MOKHTAR- AG,1113,8,21.333,0.95
15346099999,RAMNICU VALCEA- RO,1350,195,45.1,24.3666666
78714099999,CATACAMAS- HO,1048,2193,14.9,274.0666667
72545314930,ATLANTIC MUNICIPAL AIRPORT- IA US,1314,2120,41.40722,264.95333
61075099999,BIRNI N KONNI- NG,1037,42,13.8,5.25
99999923909,SALEM 10 W- MO US,1276,2146,37.6344,268.2774
47428099999,ESASHI- JA,1318,1121,41.8666666,140.1166666
71947099999,MATAGAMI- CA,1397,2258,49.761667,282.197222
72071200250,HENRY TIFT MYERS AIRPORT- GA US,1214,2212,31.429,276.51099999999997
64380099999,KAMEMBE- RW,875,231,-2.4666666,28.9166666
72306613713,GOLDSBORO SEYMOUR JOHNSON AFB- NC US,1253,2256,35.3444,282.0353
01218099999,TAFJORD- NO,1522,59,62.2333333,7.4166666
68185099999,LYDENBURG- SF,648,244,-25.1,30.4666666
23324099999,PETRUN- RS,1564,486,66.4333333,60.7666666
48328099999,LAMPANG- TH,1082,796,18.270933,99.504167
72254203999,BURNET MUNICIPAL AIRPORT- TX US,1207,2094,30.74067,261.76461
71157099999,EDMONTON MUNICIPAL CR10 ALTA- CA,1435,1972,53.5666666,246.4833334
95728099999,COONABARABRAN AIRPORT AWS- AS,586,1194,-31.3166666,149.2666666
06590099999,LUXEMBOURG- LU,1396,50,49.626575,6.211517
02245599999,LYCKSELE- SW,1545,150,64.548322,18.716219
94653099999,CEDUNA AMO- AS,578,1070,-32.1333333,133.7
96645099999,ISKANDAR- ID,872,893,-2.705197,111.673208
29594099999,TAJSHET- RS,1459,784,55.95,98.0
47892099999,UWAJIMA- JA,1232,1060,33.2333333,132.55
40833099999,AGHAJARI- IR,1207,397,30.74545,49.676261
71303099999,POINT PELEE CS ONT- CA,1319,2220,41.9333333,277.4833334
99778299999,DOMINION TERMINAL ASSOCIATION- VA US,1269,2269,36.9666666,283.5833334
67009099999,ARRACHART- MA,776,394,-12.3494,49.291747
99840999999,ANNAPOLIS- MD US,1289,2268,38.983,283.52
28711099999,BUGUL MA- RS,1446,422,54.6166666,52.8
94370099999,SAMUEL HILL AERO- AS,672,1205,-22.7333333,150.65
40841099999,KERMAN- IR,1202,456,30.274444,56.951111
55578099999,XIGAZE- CH,1192,711,29.25,88.8833333
44277099999,ALTAI- MG,1363,770,46.4,96.25
01365099999,BEITOSTOLEN II- NO,1512,71,61.2505556,8.9166666
84515099999,CAP FAP DAVID ABENZUR RENGIFO INTERNATIONAL- PE,816,2283,-8.377939,285.425703
16360099999,SANTA MARIA DI LEUC- IT,1298,147,39.8166667,18.35
60252099999,AL MASSIRA- MO,1203,2805,30.324997,350.586933
11978099999,MILHOSTOV- LO,1386,174,48.6666666,21.7333333
28552099999,SADRINSK- RS,1460,509,56.0666666,63.65
72382523131,VICTORVILLE SOUTHERN CALIFORNIA INTERNATIONAL AIRPORT- CA US,1245,1941,34.58333,242.61667
60550099999,EL BAYADH- AG,1237,9,33.7166667,1.0833333
71705099999,GREATER MONCTON INTERNATIONAL- CA,1361,2363,46.112221,295.321389
60457099999,MOSTAGANEM- AG,1258,1,35.8833333,0.1166666
41194099999,DUBAI INTERNATIONAL- AE,1152,443,25.254997,55.364278
23891099999,BAJKIT- RS,1516,771,61.6666666,96.3666666
37621099999,BOLNISI- GG,1314,356,41.45,44.55
16362099999,LAMEZIA TERME- IT,1289,130,38.905394,16.242269
04127099999,BOLUNGARVIK- IC,1561,2694,66.1666666,336.75
72555594946,BROKEN BOW MUNICIPAL AIRPORT- NE US,1314,2083,41.43653,260.36149
63474099999,ROBE BALE- ET,971,320,7.1333333,40.0
80475099999,MAYOR BUENAVENTURA VIVAS- VE,975,2304,7.565111,287.964875
71940099999,GRANDE PRAIRIE- CA,1451,1929,55.179722,241.115
65210099999,IJEBU ODE- NI,968,31,6.8333333,3.9333333
33631099999,UZHHOROD- UP,1386,178,48.6333333,22.2666666
16405099999,PALERMO- IT,1281,105,38.175958,13.091019
72651624024,PHILIP AIRPORT- SD US,1340,2067,44.05099,258.39862
24966099999,UST MAJYA- RS,1503,1076,60.3833333,134.45
95100099999,NORTHERN ENDEAVOUR- AS,793,1008,-10.6166666,125.9833333
87553099999,SAN FERNANDO- AR,555,2411,-34.453189,301.410356
99999953017,AZTEC 43 E- NM US,1267,2022,36.7499,252.78109999999998
96581099999,SUPADIO- ID,898,875,-0.150711,109.403892
72241012917,PORT ARTHUR SE TX REGIONAL AIRPORT- TX US,1199,2128,29.95205,265.97384
72058599999,ELBOW LAKE MUNICIPAL- MN US,1359,2112,45.9860711,264.0080014
08027099999,SAN SEBASTIAN IGUELDO- SP,1332,2864,43.3,357.9666667
72792394225,HOQUIAM BOWERMAN AIRPORT- WA US,1369,1889,46.97288,236.06925999999999
86585099999,PRADO- UY,551,2430,-34.85,303.8
02590099999,VISBY- SW,1476,147,57.662797,18.346211
02188099999,RODKALLEN- SW,1553,179,65.3166666,22.3833333
71077499999,BUFFALO NARROWS- CA,1458,2013,55.841944,251.58249999999998
06149099999,GEDSER- DA,1445,96,54.5666666,11.95
96995099999,CHRISTMAS ISLAND- KT,795,846,-10.450556,105.690278
47189099999,SEOGWIPO- KS,1232,1013,33.25,126.5666666
60770099999,MEDENINE- TS,1233,84,33.35,10.4833333
71478099999,SARTINE ISLAND AUT- CA,1408,1849,50.8166666,231.1
02632099999,UTKLIPPAN- SW,1459,126,55.95,15.7
62305099999,SALLUM PLATEAU- EG,1215,201,31.5666666,25.1333333
72240413941,LAKE CHARLES CHENNAULT INTERNATIONAL AIRPORT- LA US,1202,2135,30.21028,266.85667
48421099999,THONG PHAPHUM- TH,1047,789,14.75,98.6333333
72352013902,ALTUS AFB- OK US,1246,2086,34.65,260.73333
72030904947,MOUNT PLEASANT MUNICIPAL AIRPORT- IA US,1309,2148,40.94667,268.48888999999997
99816899999,NIAGARA COAST GUARD STATION- NY US,1332,2247,43.2666666,280.9333334
72224154925,WAYNE MUNICIPAL AIRPORT- NE US,1322,2104,42.24222,263.01694
06648099999,EGOLZWIL- SZ,1371,64,47.1833333,8.0
06418099999,ZEEBRUGGE- BE,1413,26,51.35,3.2
72228013876,BIRMINGHAM AIRPORT- AL US,1235,2186,33.56545,273.25509999999997
47688099999,TATEYAMA- JA,1249,1119,34.987053,139.829208
71612099999,MCTAVISH QUE- CA,1354,2291,45.5,286.4333334
72541404886,COLDWATER BRANCH CO MEMORIAL AIRPORT- MI US,1319,2200,41.93333,274.9475
74702023110,LEMOORE REEVES NAS- CA US,1263,1920,36.33333,240.05
29736099999,MASLJANINO- RS,1443,674,54.3333333,84.2166666
12910099999,SZENTGOTTHARD FARKASFA- HU,1369,131,46.9166666,16.3166666
71228099999,KILLAM AGDM ALTA- CA,1428,1985,52.8333333,248.1333334
08014199999,CIUDAD REAL- SP,1289,2849,38.9833333,356.0833333
13384099999,CUPRIJA- RI,1339,171,43.9333333,21.3833333
02501099999,VADEROARNA- SW,1485,89,58.5833333,11.0666666
01083099999,BERLEVAG- NO,1608,232,70.8666667,29.0333333
13274099999,BEOGRAD- RI,1347,164,44.8,20.4666666
72208593831,BEAUFORT MCAS- SC US,1224,2234,32.48333,279.28333
28411099999,IZHEVSK- RS,1468,428,56.8333333,53.45
72223863873,OZARK FORT RUCKER- AL US,1213,2195,31.35,274.33333
94857099999,GEELONG RACECOURSE- AS,518,1155,-38.1666666,144.3666666
38836099999,DUSHANBE- TI,1285,551,38.543333,68.825
40072099999,ABUKMAL- SY,1244,327,34.4166666,40.9166666
85832599999,GUARDIAMARINA ZANARTU- CI,350,2339,-54.9333333,292.3666667
41436399999,SAYUN- YM,1059,390,15.967,48.783
01300599999,STATFJORD OIL PLATFORM HELIPORT- FO,1512,15,61.25,1.85
76571099999,JESUS TERAN INTERNATIONAL- MX,1117,2061,21.705461,257.682131
71719099999,MISCOU ISLAND AUT- CA,1380,2364,48.0166666,295.5
76601399999,LICENCIADO GUSTAVO DIAZ ORDAZ INTERNATIONAL- MX,1106,2038,20.680083,254.745833
98325099999,DAGUPAN- RP,1060,963,16.0833333,120.35
07156099999,PARIS MONTSOURIS- FR,1388,19,48.8166666,2.3333333
06455099999,DOURBES- BE,1400,37,50.1,4.6
16643099999,AKTIO- GR,1289,166,38.925467,20.765311
48427099999,U THONG AGROMET- TH,1042,799,14.3,99.8666666
94872099999,FERNY CREEK- AS,521,1163,-37.8666666,145.3333333
72549504975,SHELDON MUNICIPAL AIRPORT- IA US,1332,2113,43.20833,264.16667
28909099999,BUZULUK- RS,1428,418,52.8166666,52.2166666
68821099999,WORCESTER- SF,563,156,-33.6166666,19.4666666
94791099999,COFFS HARBOUR- AS,596,1225,-30.3205556,153.1163889
72063600222,CLINTON MEMORIAL AIRPORT- MO US,1283,2131,38.35,266.317
99427099999,ISLE OF SHOALS NH- NH US,1329,2315,42.97,289.38
72062700214,STIGLER REGIONAL AIRPORT- OK US,1252,2119,35.283,264.9
15420099999,AUREL VLAICU- RO,1345,209,44.503194,26.102111
99999954937,JAMESTOWN 38 WSW- ND US,1367,2084,46.7702,260.5222
14321099999,RAB- HR,1347,118,44.75,14.7666666
72552594949,HASTINGS MUNICIPAL AIRPORT- NE US,1306,2093,40.60021,261.57363
01088499999,GEITERYGGEN- NO,1491,77,59.185,9.566944
14445099999,SPLIT MARJAN- HR,1335,131,43.5166666,16.4333333
72658414927,ST. PAUL DOWNTOWN AIRPORT- MN US,1349,2136,44.93234,266.94414
06780099999,WEISSFLUHJOCH- SZ,1368,79,46.8333333,9.8166666
72273003124,FORT HUACHUCA SIERRA VISTA MUNICIPAL AIRPORT- AZ US,1215,1997,31.58833,249.65582999999998
68481099999,PONGOLA- SF,625,253,-27.4166666,31.6
40732099999,RAMSAR- IR,1269,405,36.909908,50.679589
99999994078,LANDER 11 SSE- WY US,1326,2011,42.6754,251.3314
72366023007,CHILDRESS MUNICIPAL AIRPORT- TX US,1244,2078,34.42747,259.71609
74780413824,SAVANNAH HUNTER FIELD- GA US,1220,2231,32.01667,278.86667
13272599999,BEOGRAD BATAJNICA- RI,1349,162,44.935331,20.257506
72295503174,TORRANCE- CA US,1238,1933,33.80338,241.66039
71837099999,ST MARY RESEVOIR- CA,1393,1975,49.3666666,246.8833334
12415099999,LEGNICA- PL,1411,130,51.2,16.2
02964099999,KUSTAVI ISOKARI- FI,1507,168,60.7166666,21.0333333
71539099999,MOOSE JAW CS SASK- CA,1403,2036,50.3166666,254.45
95969099999,CRESSY RESEARCH STATION- AS,482,1177,-41.7333333,147.0833333
40550099999,ABDALY- KU,1200,381,30.0666666,47.6833333
26339099999,ZOSENI- LG,1471,207,57.1333333,25.9166666
87534099999,LABOULAYE- AR,558,2373,-34.135444,296.63775
55591099999,LHASA- CH,1196,729,29.6666667,91.1333333
94188099999,CAPE FLATTERY- AS,750,1163,-14.9666666,145.3166666
95369099999,ST LAWRENCE- AS,676,1196,-22.35,149.5166666
35358099999,TORGAI- KZ,1396,508,49.634722,63.482222
71794099999,HUGHENDEN AGCM- CA,1425,1994,52.5666666,249.21666670000002
72574424027,ROCK SPRINGS AIRPORT- WY US,1315,2008,41.59465,250.9471
72057599999,INDIANAPOLIS EXECUTIVE- IN US,1300,2190,40.030651,273.748561
99738699999,PRUDHOE BAY- AK US,1603,1692,70.4,211.48
08391099999,SEVILLA- SP,1274,2833,37.418,354.106894
62309099999,DABAA- EG,1210,227,31.0166666,28.4333333
47142099999,DAEGU AB- KS,1258,1029,35.894108,128.658856
72034253947,WATONGA AIRPORT- OK US,1258,2093,35.86444,261.57944
72481523257,MERCED MUNICIPAL AIRPORT- CA US,1272,1916,37.28597,239.48212
72066799999,OIL PLATFORM INNOVATOR- MS US,1182,2163,28.2166666,270.38333339999997
71339099999,MARYS HARBOUR- CA,1422,2433,52.3,304.1666667
86128099999,POZO COLORADO- PA,664,2410,-23.5,301.2166667
54929099999,FEZXZAN- CH,1252,944,35.25,117.95
28144099999,VERHOTUR E- RS,1488,486,58.8666666,60.7833333
58251099999,DONGTAI- CH,1228,962,32.85,120.2833333
31561099999,KOMSOMOLSK NA AMURE- RS,1405,1096,50.5333333,137.0333333
47931042204,KADENA AB- JA,1163,1022,26.35,127.76667
85293099999,CAPITAN NICOLAS ROJAS- BL,704,2354,-19.543069,294.276294
72451623020,LIBERAL MUNICIPAL AIRPORT- KS US,1270,2072,37.05,259.03333
63340099999,LEKEMTE- ET,990,292,9.0833333,36.45
22471099999,MEZEN- RS,1558,354,65.8666666,44.2166666
89055099999,BASE MARAMBIO CENTRO MET. ANTARTICO- AY,257,2426,-64.2333333,303.2833334
60630599999,IN SALAH- AG,1172,20,27.25,2.5
60007099999,LA GOMERA AEROPUERTO- SP,1180,2742,28.0333333,342.7833334
99828199999,FAIRPORT- OH US,1317,2230,41.7666666,278.7166667
16061099999,TORINO BRIC CROCE- IT,1350,62,45.0333333,7.7333333
38954099999,KHOROG- TI,1274,572,37.5,71.5
38844099999,SANGLOK- TI,1282,554,38.25,69.2333333
16684099999,SKIROS- GR,1289,196,38.967553,24.487228
72518014735,ALBANY INTERNATIONAL AIRPORT- NY US,1327,2290,42.74722,286.20087
82030699999,SANTO ANGELO- BR,617,2447,-28.281683,305.830861
59845099999,DANXIAN- CH,1095,877,19.5166666,109.5833333
94956099999,STRAHAN AERODROME- AS,478,1162,-42.15,145.2833333
41785099999,BADIN- PK,1146,551,24.6333333,68.9
54386099999,CHANGBAI- CH,1314,1025,41.4166666,128.1833333
03672099999,NORTHOLT- UK,1415,2877,51.553,359.581833
72217263810,PARIS EDGAR CO AIRPORT- IL US,1296,2179,39.7,272.33056
02765099999,LUHANKA JUDINSALO- FI,1516,204,61.7,25.5
02745099999,SALLA NARUSKA- FI,1571,233,67.1666666,29.1833333
31989099999,PREOBRAZHENIE- RS,1328,1071,42.9,133.9
67025099999,ANTSIRABATO- MA,750,403,-14.999411,50.320233
40747099999,SANANDAJ- IR,1252,376,35.246936,47.009011
72483993225,SACRAMENTO METROPOLITAN AIRPORT- CA US,1287,1907,38.70069,238.40521
62452099999,NEKHEL- EG,1199,270,29.9166666,33.7333333
07037099999,VALLEE DE SEINE- FR,1393,9,49.384172,1.1748
60515099999,BOU SAADA- AG,1253,34,35.3325,4.206389
35229099999,AKTYUBINSK- KZ,1402,458,50.245833,57.206667
74756012816,GAINESVILLE REGIONAL AIRPORT- FL US,1196,2222,29.6917,277.72397
95827099999,KANAGULK- AS,528,1134,-37.1166666,141.8
62733099999,HALFA EL GAIDIDA- SU,1053,285,15.3166666,35.6
47573043318,NIIGATA- JA,1279,1113,37.955892,139.120717
25356099999,EN MUVEEM- RS,1563,1387,66.3833333,173.3333333
26046099999,JOHVI- EN,1493,219,59.3333333,27.3833333
98232099999,APARRI- RP,1083,973,18.3666666,121.6333333
11930099999,LOMNICKY STIT- LO,1391,162,49.2,20.2166666
07360099999,GUERET- FR,1361,15,46.1666666,1.8666666
94510099999,CHARLEVILLE- AS,635,1170,-26.413334,146.2625
23804599999,OSTAFYEVO- RS,1455,300,55.508,37.505
47856099999,KUMAMOTO- JA,1228,1047,32.837319,130.85505
47655099999,OMAEZAKI- JA,1245,1106,34.6,138.2166666
29263099999,JENISEJSK- RS,1484,737,58.45,92.15
07053099999,CORMEILLES- FR,1390,16,49.0833333,2.0333333
53149099999,MANDAL- CH,1325,881,42.5333333,110.1333333
72029653945,JASPER CO BELL FIELD AIRPORT- TX US,1208,2128,30.88556,265.96528
72494023234,SAN FRANCISCO INTERNATIONAL AIRPORT- CA US,1276,1901,37.61962,237.63438
97980099999,MOPAH- ID,814,1123,-8.520294,140.418453
72327313827,SMYRNA AIRPORT- TN US,1260,2188,36.00889,273.48
87395099999,COMODORO PIERRESTEGUI- AR,587,2416,-31.296944,302.003369
94891099999,LATROBE VALLEY AIRPORT- AS,517,1172,-38.2166666,146.4666666
99999963871,BONIFAY TRI CO AIRPORT- FL US,1208,2195,30.84315,274.39569
72493023230,OAKLAND INTERNATIONAL AIRPORT- CA US,1277,1902,37.7178,237.76699000000002
47890099999,TADOTSU- JA,1242,1070,34.2833333,133.75
72746994992,GRAND MARAIS- MN US,1377,2157,47.745404,269.654361
14244099999,SISAK- HR,1354,131,45.5,16.3666666
13180099999,BANATSKI KARLOVAC- RI,1350,168,45.05,21.0333333
72650454838,EAGLE RIVER UNION AIRPORT- WI US,1359,2166,45.93167,270.73111
60376099999,BORDJ EL BAHRI- AG,1267,26,36.7833333,3.25
40872099999,BANDAR E DAYYER- IR,1178,415,27.8333333,51.9333333
71879099999,EDMONTON CITY CENTRE- CA,1435,1972,53.5725,246.479444
98336099999,CASIGURAN- RP,1062,977,16.2666666,122.1333333
06269399999,VLISSINGEN- NL,1414,29,51.45,3.6
89767099999,G3- AY,190,559,-70.9,69.8666666
71500099999,GLENEVIS AGCM- CA,1438,1964,53.8166666,245.46666670000002
48565099999,PHUKET INTERNATIONAL- TH,981,787,8.1132,98.316872
71535099999,FINCASTLE AGDM ALTA- CA,1397,1984,49.8,247.96666670000002
41288099999,MASIRAH- MU,1106,471,20.675434,58.890467
63021099999,ASMARA INTERNATIONAL- ER,1052,311,15.291853,38.910667
03809099999,CULDROSE- UK,1400,2838,50.086092,354.744289
72365623049,SANTA FE CO MUNICIPAL AIRPORT- NM US,1256,2031,35.61096,253.90426
71087099999,FORT PROVIDENCE NWT- CA,1513,1939,61.3166666,242.4
71217099999,CHAMPION AGDM ALTA- CA,1402,1973,50.2666666,246.65
76405099999,LA PAZ BCS- MX,1141,1998,24.1666666,249.7
72028404877,CHARLOTTE FITCH H BEACH AIRPORT- MI US,1325,2202,42.57444,275.18861
07666099999,LEUCATE- FR,1329,25,42.9166666,3.0666666
16215099999,CIVITAVECCHIA- IT,1320,95,42.02,11.82
10954099999,ALTENSTADT- GM,1378,87,47.8333333,10.8666667
71951099999,TERRACE- CA,1444,1851,54.468508,231.423781
72239003931,FORT POLK ARMY AIR FIELD- LA US,1210,2135,31.05,266.81667
08570099999,CASTELO BRANCO- PO,1298,2820,39.8333333,352.5166667
35011099999,SOROCHINSK- RS,1424,425,52.4333333,53.1333333
10633099999,WIESBADEN ARMY AIR FIELD- GM,1400,67,50.049819,8.325397
01203099999,KRAKENES- NO,1520,40,62.0333333,4.9833333
37531099999,GORI- GG,1319,353,41.9833333,44.1166666
43422099999,MAHA ILLUPPALLAMA- CE,981,644,8.1166666,80.4666666
63740099999,NAIROBI JKIA- KE,886,295,-1.319239,36.927775
94641099999,KATANNING- AS,563,941,-33.6833333,117.6
93245099999,TAUPO AWS- NZ,512,1409,-38.7333333,176.0666666
70388625348,PORT ALEXANDER- AK US,1462,1803,56.2472,225.3553
83552099999,CORUMBA INTERNATIONAL- BR,709,2419,-19.011931,302.326947
71278099999,VERMILLION AGDM ALTA- CA,1433,1993,53.3333333,249.1333334
94388099999,LADY ELLIOT ISLAND- AS,658,1222,-24.1166666,152.7166666
83809399999,PROFESSOR URBANO ERNESTO STUMPF- BR,667,2513,-23.229172,314.138492
91765061705,PAGO PAGO WEATHER SERVICE OFFICE AIRPORT- AS AQ,756,1514,-14.33056,189.28639
47173099999,NAMWON- KS,1254,1019,35.4166666,127.4
74611003182,BICYCLE LAKE FORT IRWIN ARMY AIR FIELD- CA US,1252,1947,35.28333,243.36667
01406099999,SLATTEROY FYR- NO,1499,41,59.9166666,5.0666666
72223513838,MOBILE DOWNTOWN AIRPORT- AL US,1206,2175,30.61465,271.93699
41746099999,PADIDAN- PK,1168,545,26.85,68.1333333
94835099999,BEN NEVIS- AS,527,1146,-37.2333333,143.2
11036099999,SCHWECHAT- AU,1381,133,48.110278,16.569722
71702099999,SUMMERSIDE- CA,1364,2369,46.4333333,296.1666667
72243012960,HOUSTON INTERCONTINENTAL AIRPORT- TX US,1199,2117,29.98438,264.63928
94399099999,LOCHINGTON- AS,660,1180,-23.9333333,147.5166666
72251812974,ORANGE GROVE- TX US,1178,2096,27.89469,261.95748000000003
99799999999,GENEVA ON THE LAKE- OH US,1318,2232,41.85,279.0333334
12424099999,STRACHOWICE- PL,1411,135,51.102683,16.885836
95676099999,EDINBURGH- AS,552,1109,-34.7025,138.620833
99999992826,EVERGLADES CITY 5 NE- FL US,1158,2229,25.8996,278.6817
38511099999,CHAGYL- TX,1307,443,40.7833333,55.3333333
15640099999,SLIVEN- BU,1326,211,42.6666666,26.3333333
06273099999,MARKNESSE AWS- NL,1426,47,52.7,5.8833333
16344599999,SCURO MOUNTAIN- IT,1293,131,39.3333333,16.4
87506099999,MALARGUE- AR,545,2323,-35.493597,290.425733
35067599999,UST KAMENOGORSK- KZ,1400,660,50.036597,82.494186
07059099999,MEAULTE- FR,1399,22,49.9666666,2.7038889
06786099999,CHUR- SZ,1368,76,46.8666666,9.5333333
56739099999,TENGCHONG- CH,1149,788,24.9833333,98.5
58437099999,HUANG SHAN- CH,1201,945,30.1333333,118.15
86011099999,ADRIAN JARA- PA,704,2405,-19.5333333,300.63333339999997
72326013891,KNOXVILLE AIRPORT- TN US,1258,2208,35.81801,276.01427
70389425367,KLAWOCK AIRPORT- AK US,1455,1815,55.58191,226.92532
15360099999,SULINA- RO,1351,238,45.1666666,29.7333333
13369099999,SJENICA- RI,1332,160,43.2833333,20.0
71966499999,DAWSON- CA,1540,1767,64.05,220.87
72750604952,WINDOM MUNICIPAL AIRPORT- MN US,1339,2119,43.91333,264.89083
99726199999,9087023 LUDINGTON MI- US,1339,2188,43.95,273.56
94727099999,MUDGEE AIRPORT AWS- AS,574,1197,-32.5666666,149.6166666
02284099999,JARNASKLUBB- SW,1534,157,63.4333333,19.6833333
11787099999,LYSA HORA- EZ,1395,148,49.55,18.45
94569099999,SUNSHINE COAST AIRPORT- AS,633,1225,-26.6,153.1
40984999999,FOB SKHIN- AF,1225,554,32.533,69.2
99999963896,SCOTTSBORO 2 NE- AL US,1246,2192,34.6941,274.0002
72259513911,FORT WORTH NAS- TX US,1227,2100,32.76667,262.55
72213353946,SALLISAW MUNICIPAL AIRPORT- OK US,1254,2122,35.43806,265.19722
59632099999,QINZHOU- CH,1119,869,21.95,108.6166666
70343025402,MIDDLETON ISLAND- AK US,1494,1709,59.43333,213.66667
78243099999,EL YABU- CU,1124,2240,22.4666666,280.0166667
71590199999,MALAY FALLS- CA,1349,2380,44.98,297.52
99780399999,PORT WING- MI US,1367,2149,46.7833333,268.6166667
98426041231,CUBI POINT NF- RP,1047,962,14.8,120.26667
40780199999,MAHSHAHR- IR,1205,393,30.556192,49.151879
94555099999,WARWICK- AS,617,1217,-28.2,152.1
71479099999,SOLANDER ISLAND AUT BC- CA,1400,1857,50.1,232.06666669999998
07317599999,BRAY- FR,1399,22,49.971531,2.697661
71752099999,WELLAND PELHAM- CA,1329,2245,42.97,280.67
99999903067,OAKLEY 19 SSW- KS US,1288,2072,38.8701,259.0373
78345099999,JUCARO CIEGO DE AVILA- CU,1116,2249,21.6166666,281.15
01151099999,MOIRANA- NO,1563,114,66.3666666,14.3
03874099999,SOLENT- UK,1407,2870,50.8,358.7833334
71263099999,HAMILTON- CA,1331,2241,43.173611,280.065
71795099999,IRVINE AGCM- CA,1399,1998,49.9833333,249.7333334
72262023055,PINE SPRINGS GUADALUPE MOUNTAINS NATIONAL PARK- TX US,1218,2042,31.832739,255.19097499999998
12650099999,KASPROWY WIERCH- PL,1392,160,49.2333333,19.9833333
02797099999,HAAPAVEST MUSTIKKAMAKI- FI,1541,203,64.15,25.4166666
06278099999,HEINO AWS- NL,1424,50,52.4333333,6.2666666
60640099999,ILLIZI TAKHAMALT- AG,1167,69,26.723536,8.622653
16550099999,CAPE BELLAVISTA- IT,1299,78,39.9333333,9.7166667
43150099999,CWC VISHAKHAPATNAM WALTAIR- IN,1076,666,17.7,83.3
26058099999,NARVA JOESUU- EN,1493,225,59.3894444,28.1166666
31969099999,POS ET- RS,1326,1046,42.65,130.8
13067099999,PALIC- RI,1360,158,46.1,19.7666666
99773899999,SAXON HARBOR- WI US,1365,2157,46.57,269.57
70104526649,RED DOG- AK US,1580,1577,68.03139,197.09694
30385099999,UST NJUKZHA- RS,1465,972,56.5833333,121.4833333
31832099999,BIKIN- RS,1367,1074,46.8,134.2666666
72376123901,CALDWELL MUNICIPAL AIRPORT- TX US,1205,2106,30.51556,263.29583
99736399999,GALVESTON PLEASURE- TX US,1192,2122,29.28,265.22
71910099999,CAPE DORSET A- CA,1542,2268,64.2333333,283.4666667
47153099999,GIMHAE INTERNATIONAL- KS,1251,1032,35.179528,128.938222
72546214937,IOWA CITY MUNICIPAL AIRPORT- IA US,1316,2148,41.6394,268.45545
65380099999,TABLIGBO- TO,965,12,6.5833333,1.5
71905099999,MONTREAL INTERNATIONAL MIRABEL- CA,1356,2288,45.6833333,285.9666667
91507099999,AUKI- BP,812,1286,-8.7833333,160.7333333
87791099999,GOBERNADOR CASTELLO- AR,491,2376,-40.869222,296.999611
08373099999,IBIZA- SP,1288,11,38.872858,1.373117
99999904126,ARCO 17 SW- ID US,1334,1972,43.4621,246.44400000000002
07147099999,VELIZY- FR,1387,18,48.774406,2.201536
17370099999,ISKENDERUN- TU,1265,289,36.573472,36.154
71926099999,BAKER LAKE- CA,1543,2112,64.31667,264.0
03063099999,AVIEMORE- UK,1471,2849,57.2,356.1666667
71393099999,CALGARY INTERNATIONAL CS- CA,1410,1968,51.1,246.0
72040100133,CLINTON MUNICIPAL AIRPORT- AR US,1255,2140,35.6,267.55
72435653866,SHELBYVILLE MUNICIPAL AIRPORT- IN US,1295,2194,39.58545,274.20018
47122099999,OSAN AB- KS,1270,1016,37.090617,127.029594
71188099999,GASPE- CA,1387,2364,48.775278,295.521389
41136099999,SHARURAH- SA,1074,377,17.466875,47.121431
03529099999,PERSHORE- UK,1421,2864,52.15,357.9666667
72447593909,OLATHE JOHNSON CO INDUSTRIAL AIRPORT- KS US,1288,2121,38.8221,265.10973
94862099999,YARRAWONGA- AS,539,1168,-36.0166666,146.0333333
71526099999,STRATHMORE AGDM ALTA- CA,1410,1974,51.0333333,246.71666670000002
74782053860,JACKSONVILLE CRAIG MUNICIPAL AIRPORT- FL US,1203,2228,30.33708,278.48723
72777094012,HAVRE AIRPORT ASOS- MT US,1385,2002,48.54254,250.23561
57745099999,ZHIJIANG- CH,1174,877,27.45,109.6833333
44230099999,TARIALAN- MG,1395,816,49.5666666,102.0
04204099999,MANIITSOQ- GL,1554,2457,65.417,307.067
72519664775,ROME GRIFFISS AIRFIELD- NY US,1332,2277,43.22417,284.60437
93420099999,PARAPARAUMU AWS- NZ,491,1400,-40.9,174.9833333
28748099999,TROIZK- RS,1440,493,54.0833333,61.6166666
72541854823,MONROE CUSTER AIRPORT- MI US,1319,2213,41.94,276.56528000000003
02872099999,RAAHE LAPALUOTO HARBOUR- FI,1546,195,64.6666666,24.4
40878099999,SARAVAN- IR,1173,499,27.3333333,62.3333333
72502199999,CLEVELAND MUNICIPAL- TX US,1203,2120,30.356436,264.991978
07577099999,MONTELIMAR ANCONE- FR,1345,38,44.5833333,4.7333333
23471099999,NIZHNEVARTOVSK- RS,1509,612,60.949272,76.483617
29551099999,MARIINSK- RS,1461,701,56.1833333,87.6833333
40176299999,SDE DOV- IS,1221,278,32.117,34.783
41246099999,SOHAR MAJIS- MU,1144,453,24.4666666,56.65
94957099999,OUSE FIRE STATION- AS,475,1174,-42.4833333,146.7166666
03781099999,KENLEY AIRFIELD- UK,1412,2879,51.3,359.9166667
02868099999,KUUSAMO RUKATUNTURI- FI,1561,233,66.1666666,29.15
71885099999,GLENWOOD- CA,1393,1972,49.3333333,246.4833334
04130099999,REYKJAVIK- IC,1541,2705,64.1333333,338.1
29348099999,PERVOMAJSKOE- RS,1470,690,57.0666666,86.2166666
71604099999,NORTH MOUNTAIN CS- CA,1368,2395,46.8166666,299.3333334
71962099999,FORT FRANCES RCS- CA,1386,2133,48.65,266.5666667
47155099999,CHANGWON- KS,1251,1029,35.1701944,128.5728611
91759099999,FALEOLO INTERNATIONAL- WS,761,1504,-13.829969,187.991664
72785524114,FAIRCHILD AFB- WA US,1376,1939,47.63333,242.35
72755014958,BEMIDJI MUNICIPAL AIRPORT- MN US,1374,2121,47.5,265.06667
28240099999,NIZHNYJ TAGIL- RS,1478,481,57.8833333,60.0666666
72477693075,MOAB CANYONLAND AIRPORT- UT US,1287,2002,38.75006,250.23733
51087099999,FUYUN- CH,1369,716,46.9833333,89.5166666
26424099999,DOBELE- LG,1466,187,56.6166666,23.3166666
93845099999,INVERCARGILL AIRPORT AWS- NZ,435,1347,-46.4166666,168.3333333
72054900171,CARSON AIRPORT- NV US,1291,1922,39.183,240.267
30949099999,KYRA- RS,1395,896,49.5666666,111.9666666
99843599999,OGDENSBURG- NY US,1347,2276,44.703,284.505
03224099999,SPADEADAM NUMBER 2- UK,1450,2860,55.05,357.45
72649804925,FAIRFIELD MUNICIPAL AIRPORT- IA US,1310,2144,41.05306,268.02111
10224099999,BREMEN- GM,1430,70,53.0475,8.786667
68393099999,LAVUMISA- WZ,627,255,-27.2666666,31.8166666
06610099999,PAYERNE- SZ,1368,56,46.8166666,6.95
67665099999,LUSAKA INTERNATIONAL- ZA,746,228,-15.3333333,28.45
99999923907,AUSTIN 33 NW- TX US,1206,2095,30.6222,261.9154
72231012916,NEW ORLEANS AIRPORT- LA US,1199,2158,29.99755,269.72228
07761099999,CAMPO DELL ORO- FR,1319,70,41.923637,8.802917
12105399999,LECZYCA- PL,1419,153,52.0,19.15
26759099999,BORISOV- BO,1442,228,54.2666666,28.5
06704099999,BIERE- SZ,1365,51,46.5166666,6.3333333
95985099999,SWAN ISLAND AWS- AS,492,1185,-40.7166666,148.1166666
68312099999,KEETMANSHOOP- WA,634,145,-26.539828,18.111447
80450099999,SAN FERNANDO DE APURE- VE,978,2340,7.882764,292.556117
04464099999,DYE 2- GL,1564,2510,66.4805555,313.7169445
88968099999,BASE ORCADAS- AR,292,2522,-60.7333333,315.2666667
17298099999,MARMARIS- TU,1268,226,36.85,28.2666666
67965099999,J M NKOMO INTERNATIONAL BULAWAYO- ZI,699,229,-20.021263,28.626538
72249953948,NACOGDOCHES A L MANGHAM JR REGIONAL AIRPORT- TX US,1215,2122,31.57778,265.29056
71101099999,SANDSPIT AWOS BC- CA,1432,1826,53.25,228.2
37923099999,ALAT- AJ,1299,395,39.9666666,49.4
72290403178,SAN DIEGO BROWN FIELD- CA US,1225,1944,32.57583,243.00609
29822099999,KAMEN NA OBI- RS,1438,650,53.8166666,81.2666666
01473099999,KONGSBERG BRANNSTASJON- NO,1496,77,59.6166666,9.6333333
02337099999,NORRHOG- SW,1522,125,62.2666666,15.6666666
01015099999,HEKKINGEN FYR- NO,1595,143,69.6,17.8333333
72469903065,BROOMFIELD JEFFERSON CO AIRPORT- CO US,1298,2039,39.9,254.88333
99999904236,CORVALLIS 10 SSW- OR US,1344,1893,44.4185,236.67430000000002
72467523063,EAGLE CO AIRPORT- CO US,1296,2025,39.65,253.08333
22165099999,KANIN NOS- RS,1586,346,68.65,43.3
16230099999,PESCARA- IT,1324,113,42.431656,14.181067
68325099999,GOOD HOPE- BC,645,203,-25.45,25.4166666
72682404112,STANLEY RANGER STATION- ID US,1341,1961,44.17079,245.07314
72288623130,VAN NUYS AIRPORT- CA US,1242,1932,34.21214,241.50853999999998
68299099999,PIGGS PEAK- WZ,640,250,-25.9666666,31.25
54753099999,LONGKOU- CH,1276,963,37.6166666,120.3166666
71682099999,LINDBURG LANDING NWT- CA,1511,1897,61.1166666,237.15
97120099999,MAJENE- ID,874,952,-2.5,119.0
94171099999,WEIPA- AS,773,1135,-12.678611,141.925278
40727099999,SAGHEZ- IR,1262,370,36.25,46.2666667
12376799999,SZWEDEROWO- PL,1430,144,53.1,17.983
94601099999,CAPE LEEUWIN- AS,556,921,-34.3666666,115.1333333
94983099999,LARAPUNA EDDYSTONE POINT- AS,489,1187,-41.0,148.35
63772099999,LAMU MANDA- KE,877,327,-2.252417,40.913097
28465099999,JALTUROVOSK- RS,1466,531,56.6833333,66.35
13014599999,CERKLJE- SI,1358,124,45.899971,15.530194
72229100470,PLATTSMOUTH MUNICIPAL AIRPORT- NE US,1309,2113,40.94836,264.08265
67072099999,SAINTE MARIE- MA,729,399,-17.093889,49.815834
61017099999,BILMA- NG,1086,103,18.6833333,12.9166666
16429099999,TRAPANI BIRGI- IT,1279,100,37.911403,12.487961
72683724162,ONTARIO- OR US,1340,1944,44.01423,242.99192
35078099999,ATBASAR- KZ,1418,547,51.8166666,68.3666666
06205099999,A12 CPP HELIPAD OIL PLATFORM- NL,1454,31,55.4166666,3.8166666
20292099999,GMO IM.E.K. FEDOROVA- RS,1677,834,77.7166666,104.3
84203099999,SIMON BOLIVAR INTERNATIONAL- EC,878,2241,-2.157419,280.116442
99999973801,NORTHPORT 2 S- AL US,1232,2179,33.2125,272.4086
60369099999,ALGER PORT- AG,1267,25,36.7666666,3.1
03797035047,MANSTON- ENG UK,1413,11,51.342222,1.346111
01099099999,VARDO AIRPORT SVARTNES- NO,1603,248,70.355392,31.044889
68242099999,MMABATHO INTERNATIONAL- SF,642,204,-25.798444,25.548028
71570099999,GREAT FALL CLIMO- CA,1405,2112,50.5222222,264.0227778
72597524235,SEXTON SUMMIT- OR US,1325,1893,42.6,236.63330000000002
37663099999,AHTY- RS,1314,382,41.4666666,47.75
68613099999,LAMBERTS BAY- SF,579,147,-32.0333333,18.3333333
02452099999,KILSBERGEN SUTTARBODA- SW,1492,119,59.3,14.9
11389099999,ST POELTEN LANDHAUS- AU,1381,125,48.1833333,15.6166666
86234099999,CORONEL OVIEDO- PA,645,2429,-25.4666666,303.6
01217099999,ARO- NO,1527,58,62.744722,7.2625
07487099999,GRENONBLE LVD- FR,1352,47,45.22,5.85
47127043216,PYONGTAEK- KS,1269,1016,36.966667,127.033333
94474099999,PUKATJA- AS,637,1057,-26.2666666,132.1833333
27083099999,OPARINO- RS,1498,386,59.85,48.2833333
01156099999,BO I VESTERALEN- NO,1585,115,68.6,14.4333333
36821099999,BAKANAS- KZ,1348,610,44.8333333,76.2666666
72215253957,WEST WOODWARD AIRPORT- OK US,1264,2084,36.43667,260.47917
06031099999,TYLSTRUP- DA,1471,80,57.1833333,9.95
71308099999,TRACADIE NS NS- CA,1355,2387,45.6,298.3333334
91557099999,PORT VILA BAUERFIELD- NH,723,1347,-17.699325,168.319794
72031963841,ROBINSON MUNICIPAL AIRPORT- IL US,1290,2179,39.01611,272.35028
04234099999,SISIMIUT MITTARFIA HOLSTEINSBORG LUFTHA- GL,1569,2450,66.95,306.2833334
03772099999,HEATHROW- UK,1414,2876,51.4775,359.538611
99735699999,VACA KEY- FL US,1147,2231,24.72,278.9
83692099999,FRANCISCO DE ASSIS- BR,682,2533,-21.7915,316.613222
01212099999,ONA II- NO,1528,52,62.8666666,6.5333333
06252099999,K13 A- NL,1432,26,53.2166666,3.2166666
16642199999,PAROS- GR,1270,201,37.0166667,25.1333333
17270099999,SANLIURFA- TU,1271,310,37.1333333,38.7666666
43372099999,THIRUVANANTHAPURAM INTERNATIONAL- IN,984,615,8.482122,76.920114
58221099999,BENGBU- CH,1228,938,32.85,117.3
02456099999,FILM- SW,1502,143,60.2333333,17.9
41675099999,MULTAN INTERNATIONAL- PK,1202,571,30.203222,71.419111
25927099999,BROHOVO- RS,1496,1234,59.65,154.2666666
72529214976,GRINNELL- IA US,1317,2138,41.70916,267.26509
11275099999,ARRIACH- AU,1367,111,46.7333333,13.85
60459299999,TAFARAOUI- AG,1255,2876,35.533,359.467
99999953974,MANHATTAN 6 SSW- KS US,1291,2107,39.1027,263.3902
02758099999,VIHTI MAASOJA- FI,1504,195,60.4166666,24.4
47575099999,AOMORI- JA,1308,1126,40.8166666,140.7666666
71906499999,TASIUJAQ A- CA,1486,2320,58.6666667,290.05
07749099999,CAP BEAR- FR,1325,25,42.5166666,3.1333333
78551011624,HENRY E. ROHLSEN AIRPORT- VI US,1076,2362,17.69965,295.18751
72433593894,MOUNT VERNON OUTLAND AIRPORT- IL US,1283,2169,38.32333,271.14167
99727699999,CAPE MAY- NJ US,1289,2280,38.97,285.03
47003099999,SENBONG- KN,1323,1043,42.3166666,130.4
15642099999,ELHOVO- BU,1321,213,42.1833333,26.5666666
40782399999,LAR- IR,1176,435,27.674375,54.383247
71916099999,THOMSEN RIVER- CA,1632,1924,73.2333333,240.46666670000002
51133099999,TACHENG- CH,1367,664,46.7333333,83.0
72445493996,FARMINGTON REGIONAL AIRPORT- MO US,1277,2157,37.76083,269.57167
57411099999,GAOPING- CH,1207,849,30.75,106.1333333
72073700266,CARRINGTON MUNICIPAL AIRPORT- ND US,1374,2087,47.451,260.849
72037713917,NEWPORT MUNICIPAL AIRPORT- AR US,1256,2151,35.63333,268.83333
02950099999,PARAINEN FAGERHOLM- FI,1501,174,60.1166666,21.7
96221099999,SULTAN MAHMUD BADARUDDIN II- ID,871,838,-2.897922,104.701378
06032099999,STENHOJ- DA,1473,83,57.3833333,10.3333333
47112099999,INCHEON- KS,1274,1013,37.4666666,126.6333333
02897099999,KAJAANI- FI,1542,222,64.285472,27.692414
02719099999,SODANKYLA KOKKA- FI,1578,222,67.8166666,27.75
78397099999,NORMAN MANLEY INTERNATIONAL- JM,1079,2266,17.935667,283.2125
91232041418,SAIPAN INTERNATIONAL AIRPORT- MP CQ,1051,1166,15.11667,145.71667
48877099999,NHA TRANG- VM,1022,874,12.25,109.2
72543454789,POCONO MOUNTAINS MUNICIPAL AIRPORT- PA US,1311,2277,41.13684,284.6229
71348099999,PEORIA AGDM ALTA- CA,1456,1934,55.6166666,241.71666670000002
48360099999,NONGBUALAMPHU- TH,1072,819,17.2166666,102.4166666
71955099999,STEWART- CA,1459,1840,55.933334,230.016667
60620099999,TOUAT CHEIKH SIDI MOHAMED BELKEBIR- AG,1178,2879,27.837589,359.813586
47887099999,MATSUYAMA- JA,1238,1062,33.85,132.7833333
36061099999,TUROCAK- RS,1422,697,52.25,87.1166666
52818099999,GOLMUD- CH,1264,759,36.4166666,94.9
57845099999,TONGDAO- CH,1161,878,26.1666666,109.7833333
65355099999,NIAMTOUGOU INTERNATIONAL- TO,997,9,9.767333,1.09125
72411353881,BLACKSBURG VIRGINIA TECH AIRPORT- VA US,1272,2237,37.2075,279.59222
72267023042,LUBBOCK INTERNATIONAL AIRPORT- TX US,1236,2065,33.66578,258.1767
94381099999,GLADSTONE AIRPORT- AS,661,1210,-23.8666666,151.2166666
37989099999,ASTARA- AJ,1284,391,38.45,48.8833333
17609099999,LARNACA- CY,1248,269,34.875117,33.62485
01477099999,KONNERUD- NO,1497,81,59.7166666,10.15
72586894184,ALLEN H TIGERT AIRPORT- ID US,1326,1987,42.65,248.41667
87257099999,CERES- AR,601,2384,-29.8833333,298.05
71627999999,GATINEAU- CA,1355,2275,45.521694,284.436411
47815099999,OITA- JA,1232,1053,33.2333333,131.6166666
68368099999,JOHANNESBURG INTERNATIONAL- SF,638,226,-26.139166,28.246
40984499999,FOB TILLMAN- AF,1229,556,32.933,69.45
74504893210,OROVILLE MUNICIPAL AIRPORT- CA US,1294,1907,39.4943,238.37774000000002
48808099999,CAO BANG- VM,1126,850,22.6666666,106.25
41592599999,SUKKUR- PK,1177,550,27.721989,68.791683
71487099999,ASSINIBOIA AIRPORT SASK- CA,1397,2033,49.7333333,254.06666669999998
72334603811,JACKSON MCKELLAR SIPES AIRPORT- TN US,1255,2169,35.59332,271.08304
72258903991,DENTON MUNICPAL AIRPORT- TX US,1232,2102,33.20883,262.80078000000003
48823099999,NAM DINH- VM,1104,849,20.4333333,106.15
87909099999,SAN JULIAN- AR,406,2338,-49.306775,292.197411
60638099999,TIN FOUYE- AG,1184,60,28.447028,7.552411
11035099999,WIEN HOHE WARTE- AU,1382,131,48.25,16.3666666
72503794745,WESTCHESTER CO AIRPORT- NY US,1310,2290,41.06236,286.29546
72400603701,NORFOLK CHESAPEAKE REGIONAL AIRPORT- VA US,1266,2269,36.66556,283.67944
71022099999,PRINCE RUPERT- CA,1442,1837,54.2833333,229.5666667
72640014839,MILWAUKEE MITCHELL AIRPORT- WI US,1329,2177,42.95489,272.0955
32121099999,ILYINSKIY- RS,1379,1138,47.9833333,142.2
01107099999,ROST NOR AFB- NO,1575,97,67.5166667,12.1
82579099999,SENADOR PETRONIO PORTELLA- BR,849,2537,-5.059942,317.176522
94939099999,MONTAGUE ISLAND LIGHHOUSE- AS,537,1202,-36.25,150.2166666
72047900149,MONETT MUNICIPAL AIRPORT- MO US,1268,2128,36.9,265.983
01087999999,SNORRE B OIL PLATFORM- NO,1515,18,61.5333333,2.2
12570099999,KIELCE SUKOW- PL,1408,166,50.8166666,20.7
47636099999,NAGOYA- JA,1251,1096,35.1666666,136.9666666
97182099999,UJANG PANDANG PAOTERE- ID,848,955,-5.110311,119.419804
78344099999,CANTARRANA CIENFUEGOS- CU,1119,2239,21.9166666,279.8333334
56137099999,QAMDO- CH,1211,777,31.15,97.1666666
71446099999,SWIFT CURRENT CDA SASK- CA,1402,2018,50.2666666,252.2666667
82533099999,MANICORE- BR,841,2390,-5.811381,298.721681
72651594902,BROOKINGS- SD US,1342,2106,44.3,263.2
41598099999,JHELUM- PK,1229,590,32.9333333,73.7166666
34730099999,ROSTOV NA DONU- RS,1372,319,47.258208,39.818089
48302099999,DOI ANG KHANG- TH,1099,792,19.9166666,99.0333333
72466093037,COLORADO SPRINGS MUNICIPAL AIRPORT- CO US,1288,2042,38.80949,255.31126999999998
70200526647,ST MARYS AIRPORT- AK US,1520,1574,62.06167,196.7
89004099999,S.A.N.A.E. AWS- AY,182,2858,-71.7,357.2
74598563806,MARTINSVILLE BLUE RIDGE AIRPORT- VA US,1266,2240,36.63056,279.98167
58666099999,DACHEN DAO- CH,1184,975,28.45,121.8833333
01481099999,MELSOM- NO,1492,83,59.2333333,10.35
72772024144,HELENA AIRPORT ASOS- MT US,1366,1984,46.60444,248.01079
71966099999,DAWSON CITY- CA,1540,1767,64.043056,220.872222
44292099999,CHINGGIS KHAAN INTERNATIONAL- MG,1378,854,47.843056,106.766639
48554099999,NAKHONSI THAMMARAT AGROMET- TH,983,800,8.3591667,100.0594444
64459099999,IMPFONDO- CF,916,145,1.6166667,18.0666667
07222099999,NANTES ATLANTIQUE- FR,1371,2867,47.153189,358.389275
A0000594076,KREMMLING MCELROY AIRFIELD- CO US,1300,2029,40.05361,253.63111
02453099999,GAVLE SANDVIKEN AIR FORCE BASE- SW,1507,137,60.7166666,17.1666666
68497099999,MTUNZINI- SF,610,254,-28.95,31.7
17515099999,LEFKOSA- CY,1251,267,35.2,33.35
47649099999,UENO- JA,1247,1089,34.7666666,136.15
11916099999,CHOPOK- LO,1389,157,48.9833333,19.6
17550099999,YENIERENKOY- CY,1255,272,35.5333333,34.0166666
72436313803,COLUMBUS BAKALAR MUNICIPAL AIRPORT- IN US,1292,2193,39.26667,274.1
82564099999,PREFEITO RENATO MOREIRA- BR,844,2500,-5.531292,312.53995
97760099999,KAIMANA- ID,863,1070,-3.644517,133.695553
08561099999,BEJA B. AEREA- PO,1280,2817,38.0666666,352.0833334
60769099999,ZARZIS- TS,1238,86,33.875031,10.775461
98550099999,DANIEL Z ROMUALDEZ- RP,1012,1000,11.227628,125.027758
71235099999,COP UPPER ALTA- CA,1410,1966,51.0666666,245.7833334
41382099999,MOKHA- YM,1032,346,13.25,43.283
22127099999,LOVOZERO- RS,1579,280,68.0,35.0333333
63500099999,ARBA MINCH- ET,960,301,6.039389,37.590453
27648099999,ELAT MA- RS,1449,334,54.95,41.7666666
94843099999,SWAN HILL AERODROME- AS,546,1148,-35.3833333,143.5333333
51828099999,HOTAN- CH,1271,639,37.1333333,79.9333333
71945099999,FORT NELSON- CA,1488,1899,58.8333333,237.4
72222099999,PENSACOLA FL- US,1204,2183,30.4833333,272.8166667
99729599999,TOLEDO- OH US,1316,2213,41.68,276.6
23405099999,UST CIL MA- RS,1554,418,65.4333333,52.2666666
12235099999,CHOJNICE- PL,1437,140,53.7166666,17.55
02308099999,TANNAS- SW,1524,101,62.45,12.6666666
11816099999,M R STEFANIK- LO,1381,138,48.170167,17.212667
27373099999,SAKUN JA- RS,1476,373,57.6666666,46.6333333
16138099999,FERRARA AUT- IT,1348,93,44.8333333,11.6166667
26144099999,JOGEVA- EN,1487,211,58.75,26.4166666
61600099999,SAINT LOUIS- SG,1060,2748,16.050761,343.536828
60540099999,EL KHEITER- AG,1241,1,34.15,0.0666666
15627099999,BOTEV VRAH TOP SOMMET- BU,1326,199,42.6666666,24.8333333
47741099999,MATSUE- JA,1254,1065,35.45,133.0666666
11370099999,KAPFENBERG- AU,1374,122,47.45,15.3
72409754738,MORRISTOWN- NJ US,1307,2285,40.8,285.58333
72220303041,MONARCH PASS- CO US,1284,2029,38.48333,253.68333
68191099999,PHALABORWA- SF,660,249,-23.9333333,31.15
95719099999,DUBBO AIRPORT AWS- AS,577,1189,-32.2166666,148.5666666
91579099999,OUVEA- NC,693,1333,-20.640556,166.572778
72340693991,WALNUT RIDGE MUNICIPAL AIRPORT- AR US,1261,2153,36.12528,269.07556
03008099999,FAIR ISLE- UK,1495,2867,59.5333333,358.3666667
31513099999,BELOGORSK- RS,1409,1028,50.9166666,128.4666666
83967099999,CANOAS- BR,600,2471,-29.945944,308.855633
99467099999,MIDDLE ROCK LIGHT- AK US,1510,1707,61.08,213.34
15460099999,CALARASI- RO,1341,219,44.2,27.35
99999963891,CLANTON 2 NE- AL US,1228,2187,32.8516,273.3885
96529099999,KALIMARAU- ID,921,939,2.15,117.4333333
47138099999,POHANG- KS,1260,1035,36.0333333,129.3833333
82993099999,ZUMBI DOS PALMARES- BR,804,2594,-9.510808,324.208322
07200099999,PENMARCH- FR,1377,2845,47.8,355.6333334
01238099999,FOKSTUA II- NO,1521,74,62.1166666,9.2833333
72713014604,PRESQUE ISLE MUNICIPAL AIRPORT- ME US,1366,2336,46.68333,291.95
72057600174,UNIVERSITY AIRPORT- CA US,1285,1906,38.533,238.21699999999998
87860099999,COMODORO RIVADAVIA- AR,442,2340,-45.785347,292.534492
47129099999,SEOSAN- KS,1267,1012,36.7666666,126.5
94868099999,MELBOURNE REGIONAL OFFICE- AS,521,1160,-37.8166666,144.9666666
70395025325,KETCHIKAN AIRPORT- AK US,1453,1826,55.3586,228.27804
68267799999,PIETERSBURG- SF,661,235,-23.8666667,29.4333333
72507454752,NORTH KINGSTOWN QUONSET STATE AIRPORT- RI US,1315,2309,41.59713,288.58787
01240099999,HALTEN FYR- NO,1541,75,64.1666666,9.4
72074799999,ELK MOUNTAIN- WY US,1317,2028,41.7333333,253.5333334
72734714841,PELLSTON REGIONAL AIRPORT- MI US,1355,2202,45.5644,275.20709
95715099999,WALGETT AIRPORT- AS,599,1185,-30.0333333,148.1166666
20353099999,MYS ZHELANIYA- RS,1669,548,76.95,68.55
06669099999,LAEGEREN- SZ,1374,67,47.4833333,8.4
08094099999,HUESCA PIRINEOS- SP,1320,2877,42.0833333,359.6666667
38565099999,NURATA- UZ,1305,525,40.55,65.6833333
99801399999,TIJUANA RIVER RESERVE- CA US,1225,1943,32.5745,242.873
99999903761,AVONDALE 2 N- PA US,1298,2274,39.8593,284.21389999999997
72517564706,INDIANA J STEWART- PA US,1306,2247,40.63333,280.9
26997099999,TRUBCHEVSK- RS,1425,270,52.5833333,33.7666666
85196099999,CONCEPCION- BL,737,2383,-16.25,297.9
60355099999,SKIKDA- AG,1269,56,36.9333333,6.95
72451013985,DODGE CITY REGIONAL AIRPORT- KS US,1277,2080,37.77105,260.03085
72286903171,RIVERSIDE MUNICIPAL AIRPORT- CA US,1239,1941,33.95282,242.56477
72698524242,PORTLAND TROUTDALE AIRPORT- OR US,1355,1901,45.55098,237.59016
72037554844,DRUMMOND ISLAND AIRPORT- MI US,1360,2210,46.00722,276.25722
96001199999,SRI AMAN SIMANGGAN- MY,912,892,1.2166667,111.45
08429099999,ALCANTARILLA- SP,1279,2870,37.951111,358.769681
94657099999,KYANCUTTA- AS,568,1084,-33.1333333,135.55
26157099999,GDOV- RS,1487,223,58.7333333,27.8333333
99999994084,NORTHGATE 5 ESE- ND US,1389,2063,48.9676,257.8298
48583099999,NARATHIWAT- TH,965,814,6.519922,101.7434
42189099999,BAREILLY- IN,1184,636,28.422061,79.450842
71495099999,NEIR AGDM- CA,1413,1967,51.3666666,245.9166667
47587099999,SAKATA- JA,1289,1119,38.9166666,139.85
72437303868,TERRE HAUTE HULMAN REGIONAL AIRPORT- IN US,1294,2181,39.4429,272.67794000000004
72547804920,WEBSTER CITY MUNICIPAL AIRPORT- IA US,1324,2129,42.43639,266.13139
36259099999,KOSH AGACH- RS,1400,709,50.0166666,88.6833333
94552099999,OAKEY- AS,625,1214,-27.411389,151.735278
60033099999,HASSAN I- EH,1171,2774,27.151667,346.780833
76423599999,DURANGO INTERNATIONAL- MX,1141,2044,24.124194,255.47198600000002
02130099999,ROPARUDDEN- SW,1564,131,66.4833333,16.4166666
12326099999,KRZESINY- PL,1423,136,52.331719,16.966428
01436099999,LINDESNES FYR- NO,1479,56,57.9833333,7.05
72404303756,EASTON NEWMAN FIELD AIRPORT- MD US,1288,2271,38.80417,283.93111
47169099999,HEUKSANDO- KS,1246,1004,34.687176,125.451042
11927499999,PIESTANY- LO,1386,143,48.625247,17.828444
78360099999,CABO CRUZ GRANMA- CU,1098,2262,19.85,282.7666667
03865099999,SOUTHAMPTON- UK,1409,2869,50.950261,358.643197
26518099999,LAUKUVA- LH,1456,178,55.6166666,22.2333333
80472099999,ARTURO MICHELENA INTERNATIONAL- VE,1001,2337,10.149733,292.0716
99728199999,LEWES- DE US,1287,2279,38.78,284.88
72495723213,SANTA ROSA SONOMA CO AIRPORT- CA US,1285,1898,38.50369,237.18899
01495099999,STROMTANGEN FYR- NO,1491,87,59.15,10.8333333
99403499999,PORT CHICAGO- CA US,1280,1904,38.057,237.962
20744099999,MALYE KARMAKULY- RS,1623,422,72.3666666,52.7
04123099999,HORNBJARGSVITI- IC,1564,2701,66.4166666,337.6166667
91233341420,TINIAN INTERNATIONAL AIRPORT- MP CQ,1049,1165,14.99917,145.62111
12930099999,KAPOSVAR- HU,1363,143,46.3833333,17.8333333
22106099999,PADUN- RS,1585,254,68.6,31.8
11034099999,WIEN INNERE STADT- AU,1381,131,48.2,16.3666666
24656099999,BATAMAJ- RS,1535,1036,63.5166666,129.4833333
03034099999,AULTBEA NUMBER 2- UK,1478,2835,57.8666666,354.3666667
72252412972,ROCKPORT ARANSAS CO AIRPORT- TX US,1180,2104,28.08366,262.95331
06735099999,ADELBODEN- SZ,1364,61,46.5,7.5666666
11826099999,PIESTANY- LO,1386,143,48.6166666,17.8333333
72031503045,PERRYTON OCHILTREE CO AIRPORT- TX US,1264,2074,36.41389,259.25028
02813099999,ROVANIEMI APUKKA- FI,1565,208,66.5833333,26.0166666
40664099999,KUT- IZ,1224,367,32.5,45.8166666
72261522001,DEL RIO LAUGHLIN AFB- TX US,1193,2074,29.36667,259.21667
15108099999,CEAHLAU TOACA- RO,1369,208,46.9833333,25.95
01433099999,MIDTLAEGER- NO,1498,56,59.8333333,6.9833333
68267499999,SPRINGS- SF,637,227,-26.248411,28.397508
71379099999,NORMANDIN QUE- CA,1388,2300,48.8333333,287.4666667
23748099999,KOGALYM- RS,1521,596,62.190417,74.533803
01105099999,ROTVAER- NO,1583,128,68.3666666,15.95
30846099999,ULETY- RS,1413,900,51.35,112.4666666
72532704846,VALPARAISO PORTER CO MUNICIPAL AIRPORT- IN US,1314,2184,41.4535,273.002036
72677794055,BAKER MUNICIPAL AIRPORT- MT US,1363,2046,46.35205,255.73865999999998
71567099999,LINDBERGH AGDM- CA,1439,1995,53.95,249.42000000000002
13367099999,ZLATIBOR- RI,1337,158,43.7333333,19.7166666
72578404109,LOWELL THREE RIVERS RESORT- ID US,1361,1955,46.14417,244.40361000000001
58203099999,FUYANG- CH,1228,926,32.8666666,115.7333333
16564099999,CAPE CARBONARA- IT,1290,76,39.1,9.5166667
01059099999,BANAK- NO,1600,200,70.068814,24.973489
99999903759,CHARLOTTESVILLE 2 SSE- VA US,1279,2252,37.9975,281.5344
68111099999,OUTJO- WA,699,129,-20.07,16.13
22676099999,SURA- RS,1535,365,63.5833333,45.6333333
99497999999,GRAVELLY SHOALS- MI US,1340,2212,44.02,276.47
63887099999,IRINGA- TZ,823,286,-7.668633,35.752114
72061700208,HOUSTON EXECUTIVE AIRPORT- TX US,1197,2113,29.8,264.1
47133099999,TAEJON- KS,1262,1019,36.3,127.4
99406699999,WHITEFISH POINT GLOS WEATHER STATION- MI US,1367,2200,46.762,275.034
01271099999,VAERNES- NO,1534,88,63.457556,10.939872
96009099999,MALIKUS SALEH- ID,952,776,5.226681,96.950342
83672899999,GUAJARA MIRIM- BR,792,2358,-10.786375,294.715208
72533694895,MUNCIE DELAWARE CO AIRPORT- IN US,1302,2197,40.23451,274.60644
06210099999,VALKENBURG- NL,1421,35,52.1666666,4.4333333
72027504872,LAMBERTVILLE TOLEDO SUBURBAN AIRPORT- MI US,1317,2211,41.73583,276.34472
71015099999,MILK RIVER RIDGE RESEVOIR- CA,1392,1980,49.2833333,247.46666670000002
72635594871,BENTON HARBOR- MI US,1321,2189,42.12894,273.58482
48602399999,SULTAN AZLAN SHAH- MY,945,809,4.567972,101.092194
15712099999,SANDANSKI- BU,1315,186,41.55,23.2666666
02368099999,BRAMON- SW,1522,142,62.2166666,17.75
60742099999,MAHDIA- TS,1254,89,35.5,11.0666666
01367099999,FAGERNES- NO,1509,74,60.9833333,9.2166666
14650099999,IVAN SEDLO- BK,1337,144,43.7666666,18.0333333
72508014740,HARTFORD BRADLEY INTERNATIONAL AIRPORT- CT US,1319,2299,41.93742,287.31798000000003
48532099999,RANONG- TH,997,789,9.777622,98.585483
99821299999,CAMPBELL PARK- FL US,1177,2219,27.7666666,277.35
99822699999,ROCKPORT- TX US,1180,2104,28.0166666,262.95
02943099999,TAMPERE SIILINKARI- FI,1515,190,61.5166666,23.75
58314099999,HUOSHAN- CH,1213,931,31.4,116.3333333
94677099999,HINDMARSH ISLAND AWS- AS,544,1111,-35.5166666,138.8166666
17082099999,MERZIFON- TU,1308,284,40.829375,35.521992
74486454787,FARMINGDALE REPUBLIC AIRPORT- NY US,1307,2293,40.73443,286.58362999999997
50978099999,JIXI- CH,1352,1047,45.3,130.9166666
94131099999,TINDAL- AS,754,1059,-14.521111,132.377778
70264846406,CANTWELL AIRPORT- AK US,1533,1688,63.39139,211.04444
99801199999,SAN FRANCISCO BAY RESERVE- CA US,1282,1904,38.2166666,237.9833334
65465099999,AXIM- GH,948,2862,4.8666667,357.7666667
56385099999,EMEI SHAN- CH,1195,827,29.5166666,103.3333333
12922099999,SARMELLEK- HU,1366,137,46.6833333,17.1666666
94417099999,MORAWA AIRPORT- AS,607,928,-29.2,116.0166666
71288099999,CAMBRIDGE BAY GSN NU- CA,1590,2039,69.1,254.8666667
99999953156,PHOENIX 7 S- AZ US,1233,1983,33.3471,247.9168
02329099999,HAMRA- SW,1516,120,61.6666666,15.0
11078099999,LILIENFELD TARSCHBERG- AU,1380,125,48.0333333,15.5833333
94576099999,BRISBANE- AS,625,1224,-27.4833333,153.0333333
72253512909,SAN ANTONIO KELLY FIELD AFB- TX US,1193,2091,29.38333,261.41667
07216099999,CHEMOULIN- FR,1372,2862,47.2333333,357.7
16108099999,RONCHI DEI LEGIONARI- IT,1358,108,45.8275,13.472222
99728599999,NEWPORT- RI US,1314,2309,41.5,288.68
89577099999,DOME PLATEAU DOME A- AY,96,619,-80.37,77.37
47764143324,IWAKUNI- JA,1241,1058,34.13725,132.24286
72698024229,PORTLAND INTERNATIONAL AIRPORT- OR US,1355,1899,45.59578,237.39081
78764099999,TOBIAS BOLANOS INTERNATIONAL- CS,999,2207,9.957053,275.860203
99468099999,BLIGH REEF LIGHT- AK US,1508,1705,60.84,213.12
97530099999,RENDANI- ID,891,1072,-0.891833,134.049183
72211454901,BUFFALO MUNICIPAL AIRPORT- MN US,1351,2129,45.15917,266.15667
82400099999,FERNANDO DE NORONHA- BR,861,2621,-3.854928,327.576664
72233303069,SAGUACHE MUNICIPAL AIRPORT- CO US,1280,2031,38.09722,253.83111
99770899999,YORK RIVER E RANGE- VA US,1272,2269,37.25,283.67
74733503059,SONORA MUNICIPAL AIRPORT- TX US,1205,2075,30.58583,259.35139
72404013721,PATUXENT RIVER NAS- MD US,1282,2269,38.3,283.58333
07031099999,ST GATIEN- FR,1393,1,49.365339,0.154306
58265099999,LUSI- CH,1220,973,32.0666666,121.6
99999963829,NEWTON 11 SW- GA US,1211,2204,31.1923,275.5535
94429099999,MOUNT MAGNET AERO- AS,618,943,-28.1166666,117.8333333
72236293937,SULPHUR SPRINGS MUNICIPAL AIRPORT- TX US,1231,2115,33.16667,264.38333
74505653120,RAMONA AIRPORT- CA US,1230,1945,33.03801,243.084021
01102099999,SKLINNA FYR- NO,1551,88,65.2,11.0
72657994963,MINNEAPOLIS FLYING CLOUD AIRPORT- MN US,1348,2132,44.83214,266.52949
71747099999,ATIKOKAN AUT ONT- CA,1387,2147,48.75,268.38333339999997
72315663812,SALISBURY ROWAN CO AIRPORT- NC US,1256,2236,35.64583,279.47972
24988099999,ARKA- RS,1500,1139,60.0833333,142.3333333
72549304962,KNOXVILLE MUNICIPAL AIRPORT- IA US,1312,2135,41.29861,266.88639
46740099999,KAOHSIUNG INTERNATIONAL- TW,1125,963,22.577094,120.350006
01152099999,BODO- NO,1572,115,67.269167,14.365278
03321099999,HAWARDEN- UK,1431,2856,53.178056,357.022222
54049099999,CHANGLING- CH,1342,992,44.25,123.9666666
99404599999,APPALACHICOLA- FL US,1197,2200,29.73,275.02
41218099999,AL AIN INTERNATIONAL- AE,1142,445,24.261667,55.609167
54157099999,SIPING- CH,1331,995,43.1833333,124.3333333
99420099999,STANNARD ROCK MI- MI US,1371,2182,47.18,272.78
40948099999,KABUL INTERNATIONAL- AF,1245,554,34.565853,69.212328
28722099999,UFA- RS,1445,447,54.557511,55.874417
70261026411,FAIRBANKS INTERNATIONAL AIRPORT- AK US,1548,1697,64.80309,212.12394
72069903724,WESTMINSTER CARROLL CO REGIONAL JB POAGE AIRPORT- MD US,1296,2264,39.60806,282.9925
72421093814,CINCINNATI NORTHERN KENTUCKY INTERNATIONAL AIRPORT- KY US,1290,2203,39.04443,275.32759
11252099999,VIRGEN- AU,1369,100,47.0,12.45
94921099999,COOMA AIRPORT AWS- AS,537,1192,-36.3,148.9666666
65306099999,KANDI- BN,1011,23,11.1333333,2.9333333
68461099999,BETHLEHEM- SF,617,227,-28.248392,28.336125
72228693806,TUSCALOOSA AIRPORT ASOS- AL US,1232,2179,33.21217,272.38448
72798594276,FRIDAY HARBOR AIRPORT- WA US,1385,1896,48.51998,236.9736
98751099999,MALAYBALAY- RP,981,1001,8.15,125.1333333
95916099999,CABRAMURRA SMHEA- AS,540,1187,-35.9333333,148.3833333
72256013959,WACO REGIONAL AIRPORT- TX US,1216,2102,31.61796,262.7717
48560099999,PHATTHALUNG AGROMET- TH,975,801,7.5833333,100.1666666
94147099999,CAPE WESSEL AWS- AS,789,1094,-11.0166666,136.75
72529399999,GARRETT CO- MD US,1295,2245,39.580278,280.660583
99773999999,GRAND MARAIS- MI US,1366,2192,46.6666666,274.0333334
28766099999,BLAGOVESHCHENKA- KZ,1443,536,54.3666666,66.9666666
99999973803,TALLADEGA 10 NNE- AL US,1235,2192,33.5721,273.9427
72090900300,STANLEY MUNICIPAL AIRPORT- ND US,1383,2061,48.301,257.594
11192099999,KLEINZICKEN- AU,1371,131,47.2,16.3333333
47840099999,TSUIKI- JA,1236,1048,33.685,131.040278
06787099999,ANDEER- SZ,1366,75,46.6166666,9.4333333
02458099999,UPPSALA- SW,1498,141,59.897328,17.588581
48914099999,CA MAU- VM,991,841,9.1833333,105.15
99999923802,THOMASVILLE 2 S- AL US,1218,2178,31.8814,272.2633
61968099999,ILES GLORIEUSES- FS,784,378,-11.5833333,47.2833333
16738099999,MILOS- GR,1267,195,36.7333333,24.4333333
71457099999,BROOKS ALTA- CA,1405,1985,50.55,248.15
47413099999,IWAMIZAWA- JA,1332,1134,43.2166666,141.7833333
02038099999,LATNIVAARA- SW,1572,162,67.25,20.2666666
01359099999,GEILO OLDEBRATEN- NO,1505,66,60.5333333,8.2
47800099999,IZUHARA- JA,1241,1034,34.1977778,129.2919444
99999903054,MULESHOE 19 S- TX US,1239,2058,33.9557,257.226
99774399999,ROBBINS REEF- NJ US,1306,2287,40.65,285.9333334
17090099999,SIVAS- TU,1298,295,39.813828,36.903497
53588099999,WUTAI SHAN- CH,1289,908,38.95,113.5166666
57766099999,SHAOYANG- CH,1171,892,27.1833333,111.45
83288099999,BOM JESUS DA LAPA- BR,767,2533,-13.262086,316.591886
71781099999,SISTERS ISLAND BC- CA,1394,1885,49.4833333,235.56666669999998
99773799999,SILVER BAY- MN US,1372,2151,47.27,268.92
03823099999,CARDINHAM BODMIN- UK,1404,2843,50.5,355.3333334
71892099999,VANCOUVER INTERNATIONAL- CA,1391,1895,49.193889,236.81555600000002
48330099999,PHRAE- TH,1081,801,18.132169,100.164664
94150099999,GOVE AIRPORT- AS,777,1095,-12.2833333,136.8166666
80084099999,ANTONIO ROLDAN BETANCOURT- CO,978,2266,7.811956,283.283572
29209099999,MAJSK- RS,1477,618,57.8,77.2166666
40066099999,SAFITA- SY,1248,289,34.8166666,36.1333333
85109099999,SAN RAMON- BL,766,2362,-13.3,295.3
47404099999,HABORO- JA,1343,1134,44.3666666,141.7
99778899999,CAPE DECISION- AK US,1459,1807,56.0,225.8666667
01010099999,ANDOYA- NO,1592,129,69.2925,16.144167
72427053868,OAK RIDGE ASOS- TN US,1260,2206,36.023,275.7663
33301299999,MYKOLAIV- UP,1370,255,47.05,31.917
71262599999,NIAGARA DISTRICT- CA,1331,2247,43.191666,280.828333
99999954796,KINGSTON 1 NW- RI US,1314,2308,41.4911,288.4587
62680099999,ATBARA- SU,1076,272,17.7,33.9666667
30089099999,DZHIKIMDA- RS,1490,974,59.0166666,121.7666666
94631099999,ROCKY GULLY- AS,554,936,-34.5666666,117.0166666
71846099999,LANSDOWNE HOUSE AUT ONT- CA,1421,2177,52.1833333,272.0666667
71448099999,PINAWA MAN- CA,1401,2112,50.1666666,263.95
17184099999,AKHISAR- TU,1288,223,38.808887,27.83386
98427099999,TAYABAS- RP,1040,973,14.0166666,121.6
47853099999,KITAKYUSHU- JA,1238,1048,33.836197,130.947069
08515099999,SANTA MARIA- PO,1269,2679,36.97139,334.829361
11927099999,LUCENEC- LO,1383,158,48.3333333,19.7333333
32099099999,MYS TERPENIYA- RS,1386,1158,48.65,144.7333333
72525300380,PORTAGE CO AIRPORT- OH US,1312,2230,41.217,278.75
80036099999,ALFONSO LOPEZ PUMAREJO- CO,1004,2294,10.435042,286.750494
65361099999,SOKODE- TO,989,9,8.9833333,1.15
71749099999,THUNDER BAY A- CA,1383,2165,48.3666666,270.6666667
72466593010,LIMON- CO US,1292,2051,39.27332,256.33263
71014099999,DELBURNE AGCM- CA,1421,1975,52.1833333,246.81666669999998
08261099999,CACERES- SP,1294,2829,39.4666666,353.6666667
71782099999,SPARWOOD CS BC- CA,1397,1961,49.75,245.1166667
83779099999,MARTE- BR,664,2507,-23.509119,313.362247
11204099999,LIENZ- AU,1368,103,46.8333333,12.8166666
64570099999,FRANCEVILLE MVENGUE- GB,883,107,-1.6666666,13.4
71498099999,GLEICHEN AGCM- CA,1409,1977,50.9333333,247.06666669999998
72501654790,SHIRLEY BROOKHAVEN AIRPORT- NY US,1308,2297,40.82121,287.13258
76741099999,COATZACOALCOS VER- MX,1081,2124,18.1833333,265.5
34838099999,TIHORECK- RS,1358,321,45.85,40.0833333
72206763823,JACKSONVILLE CECIL FIELD AIRPORT- FL US,1202,2225,30.21861,278.12361
26629099999,KAUNAS- LH,1448,191,54.8833333,23.8333333
40726099999,MOHABAD- IR,1267,366,36.7666666,45.7166666
87852099999,PERITO MORENO AIRPORT- AR,434,2312,-46.5166667,288.9833333
02641099999,KRONOBERG- SW,1469,118,56.929144,14.727994
72644014925,ROCHESTER INTERNATIONAL AIRPORT- MN US,1339,2140,43.904,267.50793
14122099999,CERKLJE OB KRKI- SI,1358,124,45.9,15.5166666
48387099999,DOI MU SOE AGROMET- TH,1067,791,16.75,98.9333333
71261099999,GODERICH ONT- CA,1337,2226,43.7666666,278.2833334
17194099999,KAPADOKYA- TU,1287,276,38.771867,34.53455
71832099999,NAGAGAMI AUT ONT- CA,1397,2207,49.7333333,275.85
02966099999,UTTI- FI,1508,216,60.896394,26.938353
51495099999,SHISANJIANFANG- CH,1332,734,43.2166666,91.7333333
67283099999,QUELIMANE- MZ,721,295,-17.8555,36.869106
26887099999,KOSTUCKOVICHI- BO,1433,257,53.35,32.0666666
86260099999,SAN JUAN BAUTISTA- PA,633,2423,-26.6666666,302.85
72498894704,DANSVILLE MUNICIPAL AIRPORT- NY US,1325,2258,42.56985,282.28574000000003
71813099999,NATASHQUAN A- CA,1401,2386,50.1833333,298.2
78384011813,ROBERTS- CJ,1092,2229,19.3,278.63333
02987099999,PORVOO KALLBADAGRUND- FI,1499,205,59.9833333,25.6
11150099999,SALZBURG- AU,1377,104,47.793304,13.004333
72200754828,CARO TUSCOLA AREA AIRPORT- MI US,1334,2212,43.45889,276.55444
10853099999,NEUBURG- GM,1387,90,48.711,11.2115
54342499999,TAOXIAN- CH,1316,988,41.639842,123.483425
72062600213,PAMPA MESA VISTA AIRPORT- TX US,1258,2072,35.883,258.967
72450713981,CHANUTE MARTIN JOHNSON AIRPORT- KS US,1276,2116,37.6705,264.51538
99800999999,ROCHESTER- NY US,1332,2259,43.25,282.4166667
72213013861,WAYCROSS WARE CO AIRPORT- GA US,1212,2221,31.25,277.6
06496099999,ELSENBORN MIL- BE,1404,49,50.4666667,6.1833333
41780099999,JINNAH INTERNATIONAL- PK,1149,537,24.906547,67.160797
40898099999,CHAHBAHAR- IR,1152,485,25.2833333,60.6166666
15614099999,SOFIA- BU,1326,187,42.695194,23.406167
02920099999,PIETARSAARI KALLAN- FI,1537,180,63.75,22.5166666
42415099999,TEZPUR- IN,1166,742,26.6166666,92.7833333
12200099999,SWINOUJSCIE- PL,1439,114,53.9166666,14.2333333
02481099999,SALA- SW,1499,133,59.9166666,16.6833333
71284099999,BUSBY AGCM- CA,1439,1969,53.9166666,246.08333340000001
72094400324,BELLEFONTAINE REGIONAL AIRPORT- OH US,1303,2209,40.367,276.183
01150099999,HJARTASEN- NO,1564,120,66.5,14.95
72552794978,TEKAMAH MUNICIPAL AIRPORT- NE US,1317,2111,41.76304,263.82027
59134099999,GAOQI- CH,1145,945,24.544036,118.127739
59493099999,BAOAN INTERNATIONAL- CH,1126,910,22.639258,113.810664
10382099999,TEGEL- GM,1425,106,52.559686,13.287711
71783099999,VICTORIA UNIVERSITY CS- CA,1384,1894,48.45,236.7
78388099999,SANGSTER INTERNATIONAL- JM,1085,2257,18.503717,282.086642
15549099999,RAZGRAD- BU,1335,212,43.5666666,26.5
48303199999,CHIANG RAI INTERNATIONAL- TH,1099,799,19.952342,99.882928
02629099999,HASTVEDA- SW,1462,111,56.2833333,13.9333333
99730699999,SPRINGMAID PIER- SC US,1236,2249,33.65,281.08
16746099999,SOUDA- GR,1255,193,35.531747,24.149678
80476099999,LA CANADA- VE,1005,2307,10.5166666,288.35
54826099999,TAI SHAN- CH,1262,937,36.25,117.1
17124099999,ESKISEHIR- TU,1297,245,39.784138,30.582111
29866099999,MINUSINSK- RS,1437,734,53.7166666,91.7
99779499999,OCEAN CREST PIER- NC US,1238,2255,33.9,281.85
40341599999,AL KHARJ- SA,1140,379,24.06072,47.41081
56977099999,JIANGCHENG- CH,1126,815,22.6166666,101.8166666
72235003940,JACKSON INTERNATIONAL AIRPORT- MS US,1223,2159,32.31982,269.92222
94997099999,HEARD ISLAND THE SPIT- AS,368,590,-53.1,73.7166666
02828099999,KAARINA YLTOINEN- FI,1503,180,60.3833333,22.55
74768853858,PASCAGOULA LOTT INTERNATIONAL AIRPORT- MS US,1204,2172,30.46304,271.46844
72792424223,KELSO SOUTHWEST REGIONAL AIRPORT- WA US,1361,1897,46.11667,237.10611
02302099999,STORBO- SW,1518,98,61.8333333,12.2833333
22602099999,REBOLY- RS,1538,247,63.8333333,30.8166666
48053099999,MEIKTILA- BM,1108,767,20.8333333,95.8333333
67761099999,KARIBA INTERNATIONAL- ZI,734,231,-16.519761,28.884981
99843199999,UNALASKA- AK US,1438,1548,53.879,193.46
01488199999,STATFJORD B OIL PLATFORM- NO,1512,15,61.206389,1.828889
02562599999,SAAB- SW,1484,125,58.40615,15.680508
94367099999,MACKAY MO- AS,688,1194,-21.1166666,149.2166666
A0003225715,ATKA AIRPORT- AK US,1422,1486,52.22028,185.79389
61285099999,KENIEBA- ML,1028,2790,12.85,348.7666667
99816599999,MISSION ARANASAS RESERVE- TX US,1181,2104,28.1333333,262.9666667
02794099999,KIRKKONUMMI MAKILUOTO- FI,1499,195,59.9166666,24.35
89664087601,MCMURDO SOUND NAF- AY,121,1334,-77.88333,166.73333
44259099999,CHOIBALSAN- MG,1380,916,48.0833333,114.55
06380099999,MAASTRICHT- NL,1409,46,50.911658,5.770144
42874099999,PBO RAIPUR- IN,1112,653,21.2333333,81.65
99402499999,PORT ANGELES- WA US,1381,1892,48.125,236.56
82022099999,BOA VISTA- BR,928,2394,2.846311,299.309931
23803099999,UST KULOM- RS,1516,429,61.6833333,53.6833333
58477099999,DINGHAI- CH,1200,977,30.0333333,122.1166666
15145099999,VIDRASAU- RO,1364,195,46.467714,24.412525
40360099999,GURIAT- SA,1214,298,31.411942,37.279469
99731399999,WACHAPREAGUE- VA US,1275,2275,37.6,284.32
06235099999,DE KOOIJ- NL,1429,38,52.923353,4.780625
94449099999,LAVERTON AERO- AS,613,979,-28.6166666,122.4166666
99999953008,CLOVIS 7 N- NM US,1245,2055,34.5119,256.8256
08227099999,TORREJON- SP,1304,2852,40.496747,356.554128
29827099999,BAEVO- RS,1432,646,53.2666666,80.7666666
99404499999,ARENA COVE- CA US,1289,1890,38.92,236.3
95481099999,MOOMBA AIRPORT- AS,618,1122,-28.1,140.2
54527399999,BINHAI- CH,1291,939,39.124353,117.346183
33946099999,SIMFEROPOL- UP,1346,273,44.6833333,34.1333333
72681524106,MOUNTAIN HOME AFB- ID US,1330,1953,43.05,244.13333
26249099999,VORU- EN,1478,216,57.85,27.0166666
43221099999,ONGOLE- IN,1054,641,15.5,80.0833333
02735099999,VIRRAT AIJANNEVA- FI,1523,188,62.3333333,23.55
72594624286,CRESCENT CITY MCNAMARA AIRPORT- CA US,1317,1886,41.78361,235.76204
03006499999,SCATSTA- UK,1504,2870,60.432778,358.703889
72027612983,EDINBURG INTERNATIONAL AIRPORT- TX US,1164,2095,26.44194,261.87056
99999903094,CLAYTON 3 ENE- NM US,1264,2055,36.4701,256.8762
94274099999,GEORGETOWN AIRPORT- AS,716,1148,-18.3,143.5333333
72446313988,KANSAS CITY DOWNTOWN AIRPORT- MO US,1291,2123,39.12791,265.41085
78707099999,YORO- HO,1051,2183,15.1666667,272.8833333
47606099999,FUSHIKI- JA,1267,1096,36.8,137.05
70219026615,BETHEL AIRPORT- AK US,1507,1585,60.78497,198.17069
99999994094,MEEKER 15 W- CO US,1300,2014,40.0822,251.8004
16064099999,CAMERI- IT,1355,69,45.529592,8.669225
02939099999,ILOMANTSI MEKRIJARVI- FI,1527,248,62.7666666,30.9833333
07168099999,BARBEREY- FR,1383,32,48.322136,4.016703
78735099999,JUIGALPA- NU,1020,2197,12.1,274.6333333
72428804804,COLUMBUS OHIO STATE UNIVERSITY AIRPORT- OH US,1300,2215,40.078406,276.921668
71616099999,LEMIEUX QUE- CA,1362,2304,46.3,287.95
91190022516,KAHULUI AIRPORT- HI US,1108,1629,20.88871,203.56547
72501504789,MONTGOMERY ORANGE CO AIRPORT- NY US,1315,2286,41.50908,285.73542
72409313764,GEORGETOWN DELAWARE COASTAL AIRPORT- DE US,1286,2277,38.68974,284.63754
56651099999,LIJING- CH,1168,802,26.8333333,100.2166667
10315099999,MUNSTER OSNABRUCK- GM,1421,61,52.134642,7.684831
76393099999,MONTERREY N.L.- MX,1157,2078,25.7333333,259.7
16622099999,MAKEDONIA- GR,1305,184,40.519725,22.97095
94762099999,HOLSWORTHY CONTROL RANGE- AS,560,1207,-33.9833333,150.9166666
99999904131,MOOSE 1 NNE- WY US,1336,1994,43.6615,249.288
40729099999,ZANJAN- IR,1267,387,36.773783,48.359114
30309099999,BRATSK- RS,1463,814,56.370556,101.698331
99823599999,NIAGRA INTAKE- NY US,1330,2248,43.0666666,280.9833334
59559099999,HENGCHUN- CH,1119,966,22.0,120.75
36428099999,ULKEN NARYN- KZ,1391,676,49.2,84.5166666
54115099999,LINXI- CH,1336,944,43.6333333,118.0333333
10728099999,COLEMAN ARMY AIR FIELD COLEMAN BARRACKS GERMANY- GM,1395,68,49.563569,8.463392
99401399999,CHEERY POINT- WA US,1388,1898,48.863,237.24200000000002
72407493780,SOUTH JERSEY REGIONAL AIRPORT- NJ US,1299,2281,39.94076,285.15925
95890099999,YARRAM AIRPORT- AS,514,1174,-38.5666666,146.75
27347099999,IVANOVO- RS,1469,328,56.95,40.9666666
34398099999,ZHALPAKTAL- KZ,1396,396,49.6666666,49.4833333
58321099999,LUOGANG- CH,1217,938,31.780019,117.298436
07019099999,BARFLEUR POINT- FR,1396,2870,49.7,358.7333333
15010099999,SATU MARE- RO,1377,183,47.703414,22.885606
72571703016,RIFLE GARFIELD CO AIRPORT- CO US,1295,2018,39.52791,252.28035
71277099999,VALLEYVIEW AGDM ALTA- CA,1450,1943,55.0833333,242.81666669999998
72784624160,WALLA WALLA REGIONAL AIRPORT- WA US,1360,1934,46.09456,241.71428
72545404903,WASHINGTON MUNICIPAL AIRPORT- IA US,1312,2147,41.27583,268.32667
08451599999,LLEIDA ALGUAIRE AIRPORT- SP,1317,4,41.72778,0.53583
48354099999,UDON THANI- TH,1073,822,17.386436,102.788247
95492099999,THARGOMINDAH- AS,620,1150,-27.986389,143.810833
34927099999,KRASNODAR KRUGLIK- RS,1350,312,45.05,39.0333333
72306993753,JACKSONVILLE ALBERT ELLIS AIRPORT- NC US,1248,2259,34.83333,282.38333
98644099999,TAGBILARAN- RP,996,991,9.664081,123.853247
60210099999,MOULAY ALI CHERIF- MO,1219,2845,31.9475,355.601667
71062099999,VIOLET GROVE CS ALTA- CA,1431,1959,53.15,244.8833334
71779099999,QUESNEL AIRPORT AUTO- CA,1430,1900,53.0333333,237.5
65502099999,OUAHIGOUYA- UV,1035,2861,13.5666667,357.5833333
50963099999,TONGHE- CH,1359,1030,45.9666666,128.7333333
57447099999,ENSHI- CH,1202,876,30.2833333,109.4666666
40735099999,GONBAD GHABUS- IR,1272,441,37.25,55.1
11270099999,DELLACH IM DRAUTAL- AU,1367,105,46.7333333,13.0833333
70173026535,INDIAN MOUNTAIN AFS- AK US,1559,1650,66.0,206.3
02449099999,ESKILSTUNA A- SW,1493,132,59.3833333,16.45
26346099999,ALUKSNE- LG,1474,216,57.4333333,27.0333333
43363099999,PAMBAN- IN,992,634,9.2833333,79.2166667
71079099999,THOMPSON- CA,1458,2097,55.801111,262.135834
72423853886,HENDERSON CITY CO AIRPORT- KY US,1277,2179,37.8,272.31667
01086099999,BATSFJORD- NO,1606,238,70.600256,29.692678
78718099999,NUEVA OCOTEPEQUE- HO,1044,2166,14.4333333,270.8
31594099999,ARHARA- RS,1394,1041,49.4166666,130.0833333
28275099999,TOBOL SK- RS,1481,546,58.15,68.25
60150099999,BASSATINE- MO,1238,2836,33.879067,354.484875
40179099999,BET DAGAN- IS,1219,279,32.0,34.8166666
72556594951,COLUMBUS- NE US,1314,2101,41.448,262.65736
72617014742,BURLINGTON INTERNATIONAL AIRPORT- VT US,1344,2295,44.46825,286.8501
01397099999,TRYSIL VEGSTASJON- NO,1512,98,61.3,12.2666666
99999963892,GAINESVILLE 2 NE- AL US,1228,2175,32.8369,271.8626
34172099999,TSENTRALNY- RS,1415,368,51.565,46.046667
10827099999,MESSSTETTEN- GM,1381,72,48.1833333,9.0
13462499999,PODGORICA TITOGRAD- MJ,1324,154,42.4333333,19.2833333
74206024207,TACOMA MCCHORD AFB- WA US,1371,1900,47.15,237.51667
72209253941,GROVE MUNICIPAL AIRPORT- OK US,1266,2122,36.605,265.26167
83721099999,VIRACOPOS- BR,669,2503,-23.007383,312.865478
68267699999,SELEBI PHIKWE- BC,679,223,-22.05835,27.828767
16734099999,METHONI- GR,1268,174,36.8333333,21.7
03507099999,SENNYBRIDGE NUMBER 2- UK,1420,2851,52.0666666,356.3833334
72409614706,MCGUIRE AFB- NJ US,1300,2283,40.01667,285.4
71174099999,ARVIAT- CA,1510,2127,61.094166,265.929167
17500099999,GUZELYURT- CY,1251,264,35.1833333,32.9833333
95709099999,WEST WYALONG AIRPORT AWS- AS,560,1178,-33.9333333,147.2
33019099999,PINSK- BO,1421,209,52.1166666,26.1166666
16726499999,SYROS- GR,1274,200,37.422792,24.950936
60680599999,TAMANRASSET- AG,1127,44,22.8,5.45
99818999999,USGC FREEPORT- TX US,1189,2118,28.9333333,264.7
02554099999,KETTSTAKA- SW,1487,120,58.7166666,15.0333333
37864099999,HEYDAR ALIYEV- AJ,1304,400,40.4675,50.046667
78647599999,QUEZALTENANGO- GT,1048,2148,14.86555,268.498019
76640099999,TUXPAN.VER.- MX,1109,2101,20.95,262.6
32540099999,YELIZOVO- RS,1431,1268,53.167889,158.453669
40730099999,IMAM KHOMEINI INTERNATIONAL- IR,1254,409,35.416111,51.152222
30635099999,UST BARGUZIN- RS,1434,872,53.4166666,109.0166666
71090099999,CLYDE RIVER- CA,1604,2332,70.486111,291.483333
29712099999,ZDVINSK- RS,1446,629,54.7,78.6666666
72026723224,AUBURN MUNICIPAL AIRPORT- CA US,1289,1911,38.95472,238.91806
72641594854,JANESVILLE ROCK CO- WI US,1326,2168,42.61667,270.96667
40587099999,SULAIBIYA- KU,1192,382,29.2666666,47.7166666
87938099999,USHUAIA MALVINAS ARGENTINAS- AR,351,2334,-54.843278,291.70425
01484099999,AURSKOG- NO,1499,93,59.9166666,11.5833333
99999994080,MEDORA 7 E- ND US,1368,2053,46.8946,256.6231
74754093915,ALEXANDRIA INTERNATIONAL AIRPORT- LA US,1213,2140,31.33464,267.44151
94927099999,BRAIDWOOD RACECOURSE AWS- AS,545,1198,-35.4333333,149.7833333
71811099999,SEPT ILES- CA,1402,2350,50.2166666,293.75
01465099999,TORUNGEN FYR- NO,1483,70,58.4,8.7833333
24641099999,VILJUJSK- RS,1537,973,63.7666666,121.6166666
15525099999,LOVETCH- BU,1331,198,43.15,24.7
95986099999,TASMAN ISLAND- AS,467,1184,-43.2333333,148.0
91929099999,BORA BORA- FP,735,1666,-16.4333333,208.25
38353099999,BISHKEK- KG,1328,596,42.85,74.5333333
99999904127,MURPHY 10 W- ID US,1332,1946,43.2044,243.2495
08213099999,SEGOVIA- SP,1309,2847,40.95,355.8666667
99728699999,PHILADELPHIA- PA US,1299,2280,39.93,285.0
02539099999,ULLARED- SW,1471,102,57.1166666,12.7833333
40791099999,TABAS- IR,1236,455,33.66775,56.892675
70305626635,MOUNTAIN VILLAGE AIRPORT- AK US,1520,1571,62.09528,196.31806
99778499999,MEAHER PARK- AL US,1206,2177,30.65,272.0666667
72215453885,DALTON MUNICIPAL AIRPORT- GA US,1247,2201,34.72167,275.13111000000004
72306793726,KINSTON STALLINGS FIELD- NC US,1253,2259,35.31667,282.36667
06370099999,EINDHOVEN- NL,1414,43,51.450139,5.374528
02734099999,PARIKKALA KOITSANLAHTI- FI,1514,236,61.45,29.4666666
02558099999,KOLMARDEN STROMSFORS- SW,1486,131,58.6833333,16.3166666
86490099999,MERCEDES RICARDO DE- UY,567,2415,-33.25,301.9333333
87166099999,CORRIENTES- AR,625,2410,-27.445503,301.238136
71058099999,KEATS POINT NWT- CA,1596,1907,69.6666667,238.3333333
76848599999,BAHIAS DE HUATULCO INTERNATIONAL- MX,1057,2110,15.775317,263.737428
31371099999,CHERNJAEVO- RS,1427,1008,52.7833333,126.0
78631099999,COBAN- GT,1054,2157,15.468958,269.593258
71842999999,CHESTERFIELD INLET- CA,1533,2154,63.3333333,269.2833333
71361099999,HAY RIVER CLIMATE NWT- CA,1508,1954,60.8333333,244.2333334
72028653977,GRANBURY MUNICIPAL AIRPORT- TX US,1224,2097,32.44444,262.18306
48409099999,SI SAKET AGROMET- TH,1050,835,15.0852778,104.3305556
02029099999,TARFALA- SW,1579,149,67.9166666,18.6
70305400108,SCAMMON BAY AIRPORT- AK US,1518,1555,61.85,194.433
72216693845,VALDOSTA REGIONAL AIRPORT- GA US,1207,2214,30.77629,276.72607
03469099999,HOLBEACH AUT- UK,1428,1,52.8666667,0.15
71024099999,FORT VERMILION- CA,1483,1952,58.3833333,243.96666670000002
34560099999,GUMRAK- RS,1387,355,48.782528,44.345544
72407093730,ATLANTIC CITY INTERNATIONAL AIRPORT- NJ US,1294,2283,39.45203,285.43299
80210099999,MATECANA- CO,948,2274,4.812675,284.260481
99999963898,BEDFORD 5 WNW- IN US,1288,2187,38.8882,273.4293
52908099999,WUDAOLIANG- CH,1252,745,35.2166666,93.0833333
61450099999,TIDJIKJA- MR,1085,2789,18.570103,348.576453
02574099999,NORRKOPING- SW,1485,129,58.5833333,16.15
72389093193,FRESNO YOSEMITE INTERNATIONAL- CA US,1267,1922,36.77999,240.27983999999998
12846099999,AGARD- HU,1371,149,47.1833333,18.6166666
26275099999,STARAYA RUSSA- RS,1480,251,58.0166666,31.3166666
47742099999,SAKAI- JA,1255,1066,35.55,133.2333333
71423099999,HEATH POINT QUE- CA,1390,2386,49.0833333,298.3
26447099999,MADONA- LG,1468,210,56.85,26.2333333
11423399999,KUNOVICE- EZ,1390,140,49.029444,17.439722
44287099999,BAYANHONGOR- MG,1361,805,46.1333333,100.6833333
72028304927,PRESTONE FILLMORE CO AIRPORT- MN US,1336,2143,43.67667,267.82028
40922099999,MIMANA- AF,1259,518,35.9333333,64.7666666
34415099999,IZIUM- UP,1391,298,49.1833333,37.3
53192099999,ABAG QI- CH,1340,920,44.0166666,115.0
91285021504,HILO INTERNATIONAL AIRPORT 87- HI US,1097,1640,19.71909,204.95103
72278023183,PHOENIX AIRPORT- AZ US,1234,1984,33.4278,247.99635
68112099999,HOSEA KUTAKO INTERNATIONAL- WA,675,140,-22.479894,17.47095
08548099999,COIMBRA CERNACHE- PO,1301,2812,40.15,351.5333334
21921099999,KJUSJUR- RS,1606,1019,70.6833333,127.4
16632099999,FILIPPOS- GR,1302,175,40.28611,21.840834
97570099999,SERUI YENDOSA- ID,881,1090,-1.8666667,136.2333333
11130099999,KUFSTEIN- AU,1375,97,47.5833333,12.1666666
48820099999,NOIBAI INTERNATIONAL- VM,1112,846,21.221192,105.807178
12882099999,DEBRECEN- HU,1374,173,47.488917,21.615331
38388099999,EKEZHE- TX,1310,462,41.0333333,57.7666666
28255099999,TURINSK- RS,1480,509,58.05,63.6833333
95708099999,CONDOBOLIN AIRPORT- AS,569,1178,-33.0666666,147.2166666
71780099999,SHERINGHAM POINT BC- CA,1383,1889,48.3833333,236.08333340000001
08535099999,LISBOA GEOF- PO,1287,2807,38.7166666,350.85
22768099999,SHENKURSK- RS,1520,343,62.1,42.9
28334099999,SAMARY- RS,1473,466,57.35,58.2166666
44265099999,BAITAG- MG,1361,732,46.1166666,91.4666666
72221763881,DUBLIN MUNICIPAL AIRPORT- GA US,1225,2216,32.56444,277.01472
72578024156,POCATELLO REGIONAL AIRPORT- ID US,1329,1979,42.91969,247.42768
71384099999,CAP TOURMENTE QUE- CA,1370,2314,47.0666666,289.2333334
07670099999,PORQUEROLLES- FR,1329,50,43.0,6.2333333
16719399999,DIONYSIOS SOLOMOS- GR,1277,167,37.750853,20.88425
06609099999,LE MOLESON- SZ,1365,56,46.55,7.0166666
11110099999,GALZIG- AU,1371,82,47.1333333,10.2333333
72049354758,NEWPORT STATE AIRPORT- VT US,1348,2302,44.88333,287.76667
94378099999,RUNDLE ISLAND- AS,664,1210,-23.5333333,151.2833333
02781099999,STROMMINGSBADN- FI,1529,166,62.9833333,20.7333333
99731599999,YORKTOWN VA- VA US,1272,2268,37.22,283.52
83672099999,ARACATUBA- BR,687,2477,-21.2,309.5666667
71556099999,LAST MOUNTAIN CS- CA,1414,2038,51.4166666,254.75
91231041420,TINIAN INTERNATIONAL AIRPORT- MP CQ,1049,1165,14.99917,145.62111
71597099999,GJOA HAVEN- CA,1586,2113,68.635556,264.150278
14014099999,LJUBLJANA- SI,1362,116,46.223686,14.457611
68723099999,LAINGSBURG- SF,567,167,-33.2,20.8666666
71686099999,DEASE LAKE- CA,1484,1840,58.4166666,229.9666667
94137099999,JABIRU AIRPORT- AS,773,1063,-12.6666666,132.9
76122099999,NUEVA CASAS GRANDES CHIH.- MX,1203,2016,30.3666666,252.05
10500099999,GEILENKIRCHEN- GM,1409,48,50.960817,6.042422
15230099999,DEVA- RO,1358,183,45.8666666,22.9
94450099999,LEONORA AERO- AS,611,971,-28.8833333,121.3166666
17063099999,SABIHA GOKCEN- TU,1308,234,40.898553,29.309219
72073600265,FULTON CO AIRPORT- IN US,1310,2191,41.066,273.818
42111099999,DEHRADUN- IN,1203,624,30.3166666,78.0333333
48384099999,THA PHRA AGROMET- TH,1063,823,16.3333333,102.8166666
06321099999,EURO PLATFORM- NL,1419,26,52.0,3.2833333
72424303849,LONDON CORBIN AIRPORT- KY US,1270,2207,37.08958,275.93119
94754099999,NULLO MOUNTAIN AWS- AS,572,1202,-32.7333333,150.2333333
76840099999,ARRIAGA CHIS.- MX,1062,2129,16.2333333,266.1
87016099999,ORAN- AR,668,2365,-23.152779,295.67083
71644599999,FREDERICTON AQUATIC CENTRE C S- CA,1359,2347,45.97,293.35
72209503030,GUYMON MUNICIPAL AIRPORT- OK US,1266,2068,36.68185,258.49485
43479099999,BADULLA- CE,969,648,6.9833333,81.05
40951199999,FOB KUTSCHBACH- AF,1248,557,34.8666667,69.6333333
52996099999,HUAJIALING- CH,1253,840,35.3833333,105.0
17540099999,GAZIMAGUSA- CY,1251,271,35.1333333,33.9333333
61995099999,VACOAS MAURITIUS- MP,696,460,-20.3,57.4666666
72782724110,MOSES LAKE GRANT CO AIRPORT- WA US,1371,1925,47.19295,240.68541
40792099999,FERDOUS- IR,1240,465,34.0166666,58.1666666
71216099999,NAKUSP CS BC- CA,1402,1937,50.2666666,242.18333339999998
44305099999,BARUUN URT- MG,1366,906,46.6833333,113.2833333
72608304836,FRENCHVILLE NORTHERN AROOSTOOK AIRPORT- ME US,1372,2334,47.28518,291.69285
71480099999,NORMAN WELLS CLIMATE- CA,1552,1866,65.28,233.25
38353199999,MANAS- KG,1330,596,43.061306,74.477556
07117099999,PLOUMANAC H PERROS GUIREC- FR,1388,2852,48.8333333,356.5333334
99465099999,KEATON BEACH- FL US,1198,2211,29.82,276.40999999999997
61931099999,SAO TOME INTERNATIONAL- TP,903,54,0.378175,6.712153
71777099999,PEMBERTON AIRPORT BC- CA,1402,1898,50.3,237.2666667
87509099999,SAN RAFAEL- AR,554,2333,-34.588089,291.597322
16022099999,PAGANELLA MOUNTAIN- IT,1361,88,46.15,11.0333333
70381025309,JUNEAU AIRPORT- AK US,1483,1804,58.354,225.44394
28522099999,ASKINO- RS,1461,453,56.1102777,56.5736111
72694524202,CORVALLIS- OR US,1344,1894,44.5,236.71667
72217653884,NEWNAN COWETA CO AIRPORT- GA US,1233,2202,33.31194,275.22972
01065099999,KARASJOK- NO,1594,204,69.4666666,25.5166666
60230099999,MENARA- MO,1216,2816,31.606886,351.9637
74465363814,SPARTA COMMUNITY HUNTER FIELD AIRPORT- IL US,1281,2162,38.14889,270.30138999999997
99731299999,TOLCHESTER BEACH- MD US,1291,2270,39.2,283.77
63630099999,GULU- UG,928,258,2.805556,32.271792
94216099999,KUNUNURRA- AS,742,1030,-15.778056,128.7075
99402099999,CHESAPEAKE LIGHT VA- VA US,1269,2274,36.91,284.29
85585099999,JUAN FERNANDEZ- CI,563,2249,-33.6333333,281.1666667
82193099999,VAL DE CANS INTERNATIONAL- BR,886,2492,-1.37925,311.523708
71910499999,SANIKILUAQ AIRPORT- CA,1465,2246,56.533,280.75
27983099999,SYZRAN- RS,1431,387,53.1833333,48.4
42348099999,JAIPUR- IN,1168,606,26.824192,75.812161
06449099999,BRUSSELS SOUTH- BE,1404,36,50.459197,4.453817
40937099999,QALA I NOW- AF,1249,505,35.0,63.1166667
99402299999,POINT REYES- CA US,1279,1896,37.99,237.025
91590099999,LA TONTOUTA- NC,679,1330,-22.014553,166.212972
99778599999,MENOMINEE- MI US,1350,2179,45.1,272.4166667
40199099999,EILAT- IS,1195,280,29.561281,34.960081
48456099999,BANGKOK INTERNATIONAL- TH,1039,805,13.912583,100.60675
11354099999,BAD GOISERN- AU,1376,109,47.6333333,13.6166666
72375493027,ST JOHNS INDUSTRIAL AIR PARK- AZ US,1245,2005,34.51838,250.61993999999999
72071400252,PAULDING NORTHWEST ATLANTA AIRPORT- GA US,1239,2200,33.912,275.05899999999997
12660099999,NOWY SACZ- PL,1396,166,49.6166666,20.7
83419099999,BASE AEREA- BR,737,2488,-16.229153,311.035733
03633399999,GLOUCESTERSHIRE- UK,1418,2863,51.894167,357.832778
72399014711,MIDDLETOWN HARRISBURG INTERNATIONAL AIRPORT- PA US,1301,2266,40.1962,283.22751
89262099999,UNIVERSITY WI ID 8926 LARSEN ICE SHELF- AY,229,2388,-67.0166666,298.5333334
08238099999,TORTOSA- SP,1308,4,40.8166666,0.5
94321099999,WULUNGURRU- AS,667,1035,-23.2666666,129.3666666
14554099999,GRADACAC- BK,1348,147,44.8833333,18.4333333
67113099999,MAHANORO- MA,701,390,-19.8333333,48.8
16310099999,CAPE PALINURO- IT,1300,122,40.0166667,15.2833333
72261022010,DEL RIO INTERNATIONAL AIRPORT- TX US,1193,2073,29.3784,259.07295999999997
72548514940,MASON CITY MUNICIPAL AIRPORT- IA US,1331,2133,43.1544,266.67389000000003
22408099999,KALEVALA- RS,1552,249,65.2166666,31.1666666
27329099999,ROSTOV- RS,1471,315,57.2,39.4166666
07510099999,MERIGNAC- FR,1348,2874,44.828335,359.284444
99402599999,PORT TOWNSEND- WA US,1381,1898,48.112,237.24200000000002
17088099999,GUMUSHANE- TU,1304,316,40.4666666,39.4666666
72058400181,ZAPATA CO AIRPORT- TX US,1169,2086,26.967,260.75
47778099999,SHIONOMISAKI- JA,1234,1086,33.45,135.75
72248713935,ALEXANDRIA ESLER FIELD- LA US,1213,2142,31.3963,267.71722
72058700184,ABBEVILLE CHRIS CRUSTA MEMORIAL AIRPORT- LA US,1199,2143,29.976,267.916
85114099999,MAGDALENA- BL,766,2367,-13.3333333,295.85
68255099999,RUSTENBURG- SF,643,218,-25.65,27.2333333
72546904913,CHARITON MUNICIPAL AIRPORT- IA US,1310,2133,41.01944,266.64056
38583099999,SYR DAR JA- UZ,1308,549,40.8166666,68.6833333
72200454922,WAHPETON HARRY STERN AIRPORT- ND US,1362,2107,46.24417,263.39278
99999994059,WOLF POINT 34 NE- MT US,1384,2038,48.4887,254.7904
98536099999,ROMBLON- RP,1025,978,12.5833333,122.2833333
68858099999,EAST LONDON- SF,569,223,-33.035569,27.825939
68592099999,KING SHAKA INTERNATIONAL AIRPORT- SF,603,249,-29.6166666,31.1333333
02197099999,HAPARANDA- SW,1558,193,65.8166666,24.1166666
94234099999,DALY WATERS AWS- AS,737,1067,-16.25,133.3666666
78016013601,L F WADE INTERNATIONAL AIRPORT KINDLEY FIELD- BD,1223,2363,32.36667,295.31667
16744399999,SANTORINI- GR,1263,204,36.399169,25.479333
47648099999,CHOSHI- JA,1257,1127,35.7333333,140.85
03827399999,PLYMOUTH- UK,1404,2847,50.422778,355.894167
72236800364,THOMAS P STAFFORD AIRPORT- OK US,1255,2091,35.55,261.33299999999997
72656394969,FARIBAULT MUNICIPAL AIRPORT- MN US,1343,2133,44.33333,266.68333
71816099999,GOOSE BAY UA- CA,1433,2397,53.3166666,299.5833334
72616094700,BERLIN REGIONAL AIRPORT- NH US,1345,2311,44.57604,288.8218
28797099999,ODESSKOE- RS,1441,584,54.2,72.9666666
71373099999,FRELIGHSBURG QUE- CA,1350,2297,45.05,287.15
03876099999,SHOREHAM- UK,1408,2878,50.835556,359.702778
70232026516,ANIAK AIRPORT- AK US,1515,1604,61.58159,200.45696
48517099999,CHUMPHON- TH,1007,795,10.7112,99.361706
89610099999,CAPE POINSETT- AY,241,905,-65.85,113.0666666
71036099999,DAUPHIN BARKER- CA,1411,2080,51.100834,259.9475
70340726553,SLEETMUTE AIRPORT- AK US,1517,1623,61.71667,202.85
94964099999,BUSHY PARK BUSHY PARK ESTATES- AS,472,1175,-42.7166666,146.9
04231099999,SONDRE STROMFJORD- GL,1570,2474,67.016969,309.310675
71639099999,TORONTO BUTTONVILLE A ONT- CA,1338,2245,43.8666666,280.63333339999997
72666724048,GREYBULL SOUTH BIG HORN CO AIRPORT- WY US,1345,2015,44.51734,251.9248
71508099999,TORONTO CITY ONT- CA,1336,2245,43.6666666,280.6
72247003901,LONGVIEW E TX REGIONAL AIRPORT- TX US,1223,2122,32.39094,265.28604
71842899999,BERENS RIVER- CA,1423,2104,52.35,262.9666667
98741099999,DIPOLOG- RP,986,987,8.601261,123.334481
72640404865,LAKELAND NOBLE LEE MEMORIAL FIELD AIRPORT- WI US,1359,2162,45.92778,270.26917000000003
52787099999,WUSHAOLING- CH,1271,823,37.2,102.8666666
72314653892,JEFFERSON ASHE CO AIRPORT- NC US,1264,2229,36.43222,278.58056
41599099999,SIALKOT- PK,1224,596,32.5,74.5333333
47114099999,WONJU- KS,1274,1024,37.438081,127.960383
72354403954,OKLAHOMA CITY WILEY POST AIRPORT- OK US,1255,2099,35.54113,262.35275
72217104889,PONTIAC MUNICIPAL AIRPORT- IL US,1309,2171,40.9244,271.3761
71468099999,KATATOTA ISLAND- CA,1397,2173,49.72,271.67
06414099999,BEITEM- BE,1408,25,50.9,3.1166666
99999953169,KAYENTA 16 WSW- AZ US,1266,1996,36.6823,249.4576
72271093045,TRUTH OR CONSEQUENCES MUNICIPAL AIRPORT- NM US,1232,2022,33.23685,252.73151000000001
28586099999,TJUKALINSK- RS,1458,578,55.8666666,72.2
36208099999,LENINOGORSK- KZ,1403,668,50.3333333,83.55
72354013919,OKLAHOMA CITY TINKER AFB- OK US,1254,2101,35.41667,262.61667
02520099999,SATENAS- SW,1484,102,58.426445,12.714389
76412099999,CULIACAN INTERNATIONAL- MX,1147,2020,24.764547,252.525283
72479599999,DELTA- UT US,1293,1979,39.33,247.42000000000002
40736099999,BABULSAR- IR,1267,421,36.7166666,52.65
72744014858,HANCOCK HOUGHTON CO AIRPORT- MI US,1371,2172,47.16594,271.51923999999997
72032604981,VINTON VETERANS MEMORIAL AIRPARK AIRPORT- IA US,1322,2144,42.21861,267.97417
06727099999,VISP- SZ,1362,63,46.3,7.85
59072099999,LIANZHOU- CH,1147,899,24.8,112.3666666
58362099999,SHANGHAI- CH,1213,972,31.4,121.4666666
36022099999,VOLCIHA- RS,1420,643,52.0166666,80.3666666
78310099999,CABO SAN ANTONIO PINAR DEL RIO- CU,1118,2200,21.8666666,275.05
37851099999,BAKU KHURDALAN- AJ,1304,398,40.4166666,49.7833333
99999963828,NEWTON 8 W- GA US,1213,2204,31.3127,275.5294
85574099999,ARTURO MERINO BENITEZ INTERNATIONAL- CI,566,2314,-33.392975,289.214197
03683099999,STANSTED- UK,1418,2,51.885,0.235
02726099999,ENONTEKIO NAKKALA- FI,1585,189,68.6,23.5833333
01253099999,SOKNEDAL- NO,1529,81,62.95,10.1833333
23606099999,UHTA- RS,1535,431,63.55,53.8166666
02441099999,MORA- SW,1509,116,60.9666666,14.5
48665099999,MALACCA- MY,922,818,2.263361,102.251553
72306893759,ROCKY MOUNT WILSON AIRPORT- NC US,1258,2257,35.85023,282.10489
16718099999,ELEFSIS- GR,1280,188,38.063831,23.556011
87645099999,TANDIL- AR,527,2406,-37.237392,300.772078
72564024018,CHEYENNE WSFO AIRPORT- WY US,1311,2042,41.15788,255.19186000000002
06788199999,HINTERRHIEN- SZ,1365,73,46.5166666,9.1833333
40357099999,ARAR- SA,1209,329,30.906589,41.138217
28642099999,BALANDINO- RS,1453,492,55.305836,61.503333
99779399999,NAUBINWAY- MI US,1360,2197,46.0833333,274.5666667
11185099999,MOENICHKIRCHEN- AU,1375,128,47.5166666,16.0333333
72218113837,AUGUSTA DANIEL FIELD AIRPORT- GA US,1234,2224,33.4668,277.96153
94595899999,TAREE- AS,581,1220,-31.888611,152.513889
96035099999,POLONIA- ID,935,789,3.558056,98.671722
65507099999,FADA N GOURMA- UV,1020,3,12.0333333,0.3666667
94710099999,COBAR AIRPORT AWS- AS,584,1166,-31.5333333,145.8
72040400134,KICKAPOO DOWNTOWN AIRPORT- TX US,1238,2092,33.85,261.517
37228099999,VLADIKAVKAZ- RS,1330,357,43.0333333,44.6833333
11723099999,TURANY- EZ,1391,134,49.151269,16.694433
72646314897,WAUSAU ASOS- WI US,1349,2163,44.927497,270.374721
06030099999,FLYVESTATION AALBORG- DA,1470,79,57.092789,9.849164
89873099999,ELAINE- AY,68,1393,-83.1333333,174.1666666
07770099999,CAP PERTUSATO- FR,1313,73,41.3666666,9.1666666
43418099999,CHINA BAY- CE,985,649,8.538514,81.181853
16120099999,GENOVA SESTRI- IT,1344,71,44.411953,8.841875
01087799999,TROLL A OIL PLATFORM- NO,1506,30,60.6333333,3.7166666
06269099999,LELYSTAD- NL,1424,44,52.460278,5.527222
98755099999,HINATUAN- RP,983,1011,8.3666666,126.3333333
71041099999,PORT HAWKESBURY- CA,1356,2389,45.656667,298.631944
71514099999,REGINA RCS SASK- CA,1404,2043,50.4333333,255.33333340000001
48803099999,LAO CAI- VM,1124,832,22.5,103.9666666
80426099999,DR ANTONIO NICOLAS BRICENO- VE,993,2315,9.340478,289.415942
08482099999,MALAGA- SP,1266,2844,36.6749,355.500894
11101099999,BREGENZ- AU,1374,78,47.5,9.75
72351399999,SHEPPARD AFB- TX US,1239,2092,33.967,261.517
04202199999,AASIAAT MITTARFIA- GL,1587,2458,68.717,307.2
74746003904,COLLEGE STATION EASTERWOOD FIELD- TX US,1205,2109,30.5912,263.63691
35217099999,DZHAMBEJTY- KZ,1402,421,50.25,52.5666666
94656099999,ELLISTON- AS,563,1079,-33.65,134.8833333
06630399999,BERN BELP- SZ,1369,60,46.9141,7.497153
78670099999,SAN MIGUEL PAPALON- ES,1034,2175,13.43,271.88
72352803981,FREDERICK MUNICIPAL AIRPORT- OK US,1243,2088,34.35307,261.01238
63729099999,BUKOBA- TZ,886,255,-1.3333333,31.8166667
72072499999,BELEN REGIONAL AIRPORT- NM US,1246,2025,34.6458616,253.16366
71900099999,HOPEDALE AUT NFLD- CA,1454,2398,55.45,299.7833334
07070099999,CHAMPAGNE- FR,1393,32,49.31,4.05
30862099999,SHILKA- RS,1418,928,51.8666666,116.0333333
07482099999,AMBERIEU- FR,1359,43,45.987335,5.328445
30499099999,TYNDA- RS,1451,997,55.1833333,124.6666666
71744099999,MIRAMICHI RCS- CA,1370,2356,47.0166666,294.5333334
74491514775,WESTFIELD BARNES REGIONAL AIRPORT- MA US,1321,2298,42.16005,287.28754000000004
55773099999,PAGRI- CH,1177,713,27.7333333,89.0833333
72209653127,LAS VEGAS HENDERSON AIRPORT- NV US,1259,1959,35.97611,244.8675
71391099999,HIGH FALLS QC- CA,1358,2275,45.8333333,284.3666667
02338099999,EDSBYN- SW,1513,126,61.3666666,15.7166666
72455613989,EMPORIA ASOS- KS US,1283,2110,38.32906,263.80547
72493723289,PALO ALTO- CA US,1274,1903,37.46667,237.88333
72067100248,JESUP WAYNE CO AIRPORT- GA US,1215,2225,31.554,278.117
93439099999,WELLINGTON AERO AWS- NZ,486,1398,-41.3333333,174.8
67315099999,VILANKULO- MZ,679,283,-22.018431,35.313297
03204099999,ISLE OF MAN- UK,1440,2843,54.083333,355.376111
15626099999,PLOVDIV- BU,1320,199,42.0666666,24.85
48601099999,PENANG INTERNATIONAL- MY,952,802,5.297139,100.276864
91582099999,LIFOU- NC,692,1338,-20.7748,167.239864
31521099999,BRATOLJUBOVKA- RS,1407,1035,50.7833333,129.3333333
63832099999,TABORA AIRPORT- TZ,849,263,-5.0833333,32.8333333
07477099999,LES SAUVAGES- FR,1359,35,45.9333333,4.3833333
94690099999,AUSTIN PLAINS- AS,546,1124,-35.3777778,140.5377778
72234192822,ORMOND BEACH MUNICIPAL AIRPORT- FL US,1192,2231,29.29583,278.8875
97192599999,BALI INTERNATIONAL- ID,812,921,-8.748169,115.167172
72203254916,WASECA MUNICIPAL AIRPORT- MN US,1340,2132,44.07361,266.44694
94759099999,TERREY HILLS AWS- AS,563,1210,-33.6833333,151.2333333
12360099999,PLOCK- PL,1425,158,52.5833333,19.7333333
82336699999,TOCANTINS- BR,797,2493,-10.291525,311.643028
48570099999,KHOUN KHAN- TH,966,801,6.661403,100.080317
71930099999,WHITECOURT A- CA,1441,1954,54.15,244.21666670000002
33261099999,KONOTOP- UP,1412,266,51.2333333,33.2
99999963849,BOWLING GREEN 21 NNE- KY US,1272,2190,37.2504,273.7675
72063300219,HARTSVILLE REGIONAL AIRPORT- SC US,1243,2239,34.4,279.883
03163499999,DUNDEE- UK,1464,2856,56.452499,356.974167
72255412978,FAYETTE REGIONAL AIR CENTER AIRPORT- TX US,1199,2104,29.90778,263.05
16110099999,TRIESTE- IT,1356,110,45.65,13.75
41434099999,DHAMAR- YM,1045,355,14.5833333,44.4166666
99425099999,DUNKIRK NY- US,1324,2245,42.49,280.65
48501099999,KHLONG YAI- TH,1017,823,11.7666666,102.8833333
30703099999,INGA- RS,1429,816,52.9666666,101.9833333
08433099999,MURCIA SAN JAVIER- SP,1277,2874,37.774972,359.187611
34357099999,SERAFIMOVIC- RS,1395,342,49.5666666,42.75
17135099999,KIRIKKALE- TU,1298,268,39.85,33.5166666
56247099999,BATANG- CH,1199,793,30.0,99.1
23804099999,SYKTYVKAR- RS,1516,407,61.64705,50.84505
61766099999,BISSAU OSWALDO VIEIRA INTERNATIONAL- PU,1018,2755,11.89485,344.346319
76647099999,VALLADOLID YUC.- MX,1106,2174,20.6833333,271.8
71066099999,HIGH LEVEL- CA,1486,1943,58.621389,242.83527800000002
33415099999,TERNOPIL- UP,1395,205,49.5333333,25.6666666
71317099999,DEBERT- CA,1354,2372,45.4166666,296.5333334
94658099999,COLES POINT- AS,556,1083,-34.3833333,135.3666666
48437099999,BURERAM- TH,1052,826,15.2333333,103.25
72062500212,BLACKWELL TONKAWA MUNICIPAL AIRPORT- OK US,1267,2101,36.75,262.65
71160099999,FORT RELIANCE AUT NWT- CA,1526,2007,62.7,250.85
94903099999,FALLS CREEK AWS- AS,531,1178,-36.8666666,147.2666666
72540904882,HILLSDALE MUNICIPAL AIRPORT- MI US,1319,2203,41.92111,275.41444
02120599999,STORUMAN- SW,1549,142,64.95,17.7
99735099999,MAGUESYES ISLANDS- RQ,1079,2344,17.97,292.95
01468099999,KONGSVINGER- NO,1501,96,60.1833333,12.0
72061600207,BRANSON AIRPORT- MO US,1265,2134,36.533,266.8
96249099999,H AS HANANDJOEDDIN- ID,872,862,-2.745722,107.754917
68289099999,NELSPRUIT- SF,645,247,-25.499504,30.9141
72213103713,SMITHFIELD JOHNSTON CO AIRPORT- NC US,1255,2253,35.54083,281.60972
32076099999,POGRANICHNOE- RS,1403,1150,50.4,143.7666666
67297099999,BEIRA- MZ,702,279,-19.796419,34.907556
94785099999,KEMPSEY AIRPORT AWS- AS,589,1222,-31.0666666,152.7666666
61223099999,TOMBOUCTOU- ML,1067,2856,16.730458,356.992417
99735899999,MAYPORT- FL US,1203,2229,30.397,278.57
71073599999,WHALE COVE AIRPORT- CA,1522,2139,62.2333333,267.4
72050500156,WALKER CO AIRPORT BEVILL FIELD- AL US,1239,2181,33.902,272.68600000000004
23074099999,DUDINKA- RS,1593,689,69.4,86.1666666
78954000408,GRANTLEY ADAMS INTERNATIONAL AIRPORT- BB,1030,2404,13.067,300.517
71412099999,EAST POINT AUT PEI- CA,1364,2384,46.45,298.0166667
31939099999,CUGUEVKA- RS,1341,1071,44.15,133.8666666
94373099999,YEPPOON THE ESPLANADE- AS,668,1206,-23.1333333,150.75
25932099999,TAJGONOS- RS,1506,1283,60.6833333,160.4
72201012836,KEY WEST INTERNATIONAL AIRPORT- FL US,1145,2226,24.55706,278.24460999999997
11679099999,USTI NAD ORLICI- EZ,1399,131,49.9833333,16.4166666
07120099999,ARMOR- FR,1385,2857,48.537777,357.145555
06123099999,ASSENS TOROE- DA,1452,79,55.25,9.8833333
36821599999,KOKSHETAU AIRPORT- KZ,1433,557,53.32,69.6
40789099999,KHOR- IR,1237,441,33.7833333,55.0833333
37740099999,QABALA- AJ,1309,383,40.9833333,47.8666666
74671693808,BOWLING GREEN WARREN CO AIRPORT- KY US,1269,2189,36.96467,273.57621
62325099999,BALTIM- EG,1215,249,31.55,31.1
02307099999,IDRE FJALL- SW,1518,103,61.8833333,12.85
72254312977,HOUSTON SUGARLAND MEM- TX US,1196,2115,29.61971,264.34252
74499404741,SCHENECTADY- NY US,1328,2288,42.85,286.05
06275099999,DEELEN- NL,1420,47,52.060556,5.873056
47418099999,KUSHIRO KENEBETSU- JA,1329,1155,42.9833333,144.4
23256099999,TAZOVSKIJ- RS,1574,630,67.4666666,78.7333333
59456099999,XINYI- CH,1123,887,22.35,110.9333333
53543099999,DONGSHENG- CH,1298,880,39.8333333,109.9833333
03037099999,SKYE LUSA- UK,1472,2834,57.25,354.2
38392099999,DASHKHOVUZ- TX,1317,479,41.75,59.8166667
16627099999,DIMOKRITOS- GR,1308,208,40.855869,25.956264
76750299999,IXTEPEC- MX,1064,2119,16.449336,264.906303
47192099999,JINJU- KS,1251,1024,35.1666666,128.0333333
95610099999,KALAMUNDA BICKLEY- AS,579,929,-32.0166666,116.1333333
99734899999,KEY WEST- FL US,1145,2226,24.55,278.2
99727799999,CONIMUCUT LIGHT- RI US,1317,2309,41.72,288.67
71754099999,NORTH BATTLEFORD RCS- CA,1427,2014,52.77,251.75
29923099999,REBRIHA- RS,1430,658,53.0666666,82.3
85921299999,VINA DEL MAR- CI,570,2308,-32.949611,288.521417
72268793033,CAVERN CITY AIRPORT- NM US,1223,2046,32.33355,255.74154
71179099999,TUKIALIK BAY- CA,1447,2413,54.72,301.65
94326099999,ALICE SPRINGS- AS,661,1071,-23.806667,133.902222
13397099999,DIMITROVGRAD- RI,1330,182,43.0166666,22.75
11406099999,CHEB- EZ,1400,99,50.0666666,12.3833333
47168099999,YEOSU- KS,1247,1022,34.7333333,127.75
47704099999,KOMATSU- JA,1263,1091,36.394611,136.406544
48568099999,SONGKHLA- TH,971,805,7.186564,100.608031
01058099999,SUOLOVUOPMI LULIT- NO,1595,188,69.5666666,23.5333333
37177599999,KOPITNARI- GG,1321,340,42.176653,42.482583
57932099999,RONGJIANG- CH,1159,868,25.9666666,108.5333333
98648099999,MAASIN- RP,1001,999,10.1333333,124.8666666
07005099999,ABBEVILLE- FR,1401,15,50.143492,1.831892
99999903084,CENTER A 4 SSW- CO US,1277,2031,37.7068,253.85559999999998
71605099999,PORT MELLON- CA,1395,1892,49.5166666,236.5166667
72049400152,FRANKLIN CO STATE AIRPORT- VT US,1349,2295,44.933,286.9
51711099999,AKQI- CH,1309,628,40.9333333,78.45
47520099999,SHINJO- JA,1287,1123,38.75,140.3166666
91503099999,MUNDA- BP,816,1258,-8.327969,157.263092
64860099999,GAROUA- CM,993,107,9.335892,13.370103
99999953151,FALLBROOK 5 NE- CA US,1234,1942,33.4392,242.8096
72312699999,SPARTANBURG DOWNTOWN MEM- SC US,1249,2224,34.915722,278.0435
99999954808,CHAMPAIGN 9 SW- IL US,1300,2173,40.0528,271.6271
71426099999,ILE ROUGE QUE- CA,1380,2324,48.0666666,290.45
59663099999,YANGJIANG- CH,1118,896,21.8666666,111.9666666
72302013748,WILMINGTON INTERNATIONAL AIRPORT- NC US,1242,2257,34.26678,282.10013
16675099999,LAMIA- GR,1288,179,38.8833333,22.4333333
44294099999,MAANTI- MG,1372,860,47.3,107.4833333
41030099999,MAKKAH- SA,1114,318,21.4333333,39.7666666
72215912980,WESLACO MID VALLEY AIRPORT- TX US,1161,2096,26.1775,262.02693999999997
72202212803,BOCA RATON AIRPORT- FL US,1163,2239,26.37833,279.8925
40581099999,KUWAIT CITY- KU,1193,384,29.3833333,48.0
99819499999,NEW CANAL- LA US,1200,2159,30.0166666,269.88333339999997
72204612898,TITUSVILLE SPACE CENTER EXEC AIRPORT- FL US,1185,2234,28.51667,279.2
13376699999,UZICE PONIKVE- RI,1338,158,43.9,19.7
47097099999,ICHEON- KS,1272,1020,37.2666666,127.4833333
36058099999,CEMAL- RS,1414,688,51.4333333,86.0
60517099999,GHAZAOUET- AG,1250,2865,35.1,358.1333334
71973099999,CORNER BROOK- CA,1389,2417,48.9333333,302.0833334
38974099999,SARAGT- TX,1265,490,36.5333333,61.2166666
63980099999,SEYCHELLES INTERNATIONAL- SE,853,444,-4.674342,55.521839
72254153914,MCKINNEY MUNICIPAL AIRPORT- TX US,1231,2107,33.18286,263.41012
63708099999,KISUMU- KE,899,278,-0.086139,34.728892
11487099999,KOCELOVICE- EZ,1394,111,49.4666666,13.8333333
74594693786,OCEAN CITY MUNICIPAL AIRPORT- MD US,1283,2279,38.30911,284.87664
43371099999,THIRUVANANTHAPURAM- IN,984,616,8.4833333,76.95
24143099999,DZARDZAN- RS,1587,992,68.7333333,124.0
72028153969,VERNON WILBARGER CO AIRPORT- TX US,1242,2086,34.22556,260.71611
71404099999,EGG ISLAND ALTA- CA,1489,1997,58.9666666,249.56666669999998
43486099999,RATNAPURA- CE,966,643,6.6833333,80.4
72411013741,ROANOKE BLACKSBURG REGIONAL AIRPORT- VA US,1273,2240,37.31719,280.02630999999997
38656099999,ERBENT- TX,1293,469,39.3166666,58.6
72657594960,MINNEAPOLIS CRYSTAL AIRPORT- MN US,1350,2133,45.06222,266.64893
38457399999,MARY- TX,1276,495,37.619444,61.896667
68712099999,CAPE COLUMBINE- SF,571,143,-32.8333333,17.85
68935099999,KNYSNA- SF,559,185,-34.05,23.0833333
31981099999,ANUCINO- RS,1339,1065,43.9666666,133.0666666
72511493778,YORK AIRPORT- PA US,1299,2265,39.91942,283.12315
99820999999,DUCK PIER- NC US,1261,2274,36.1833333,284.25
35302099999,CHAPAEVO- KZ,1401,409,50.2,51.1666666
12272099999,OLSZTYN- PL,1437,163,53.7666666,20.4166666
71690099999,TEEPEE CREEK AGCM- CA,1453,1933,55.35,241.6
21802099999,SASKYLAH- RS,1619,913,71.9666666,114.0833333
80001099999,GUSTAVO ROJAS PINILLA- CO,1025,2226,12.583594,278.288808
58921099999,YONG AN- CH,1159,939,25.95,117.37
71957699999,FORT NORMAN AIRPORT- CA,1549,1875,64.9166667,234.43333330000002
11867099999,PRIEVIDZA- LO,1387,149,48.7666666,18.6
72311403715,LOUISA CO FREEMAN FIELD AIRPORT- VA US,1280,2256,38.00972,282.03
03091099999,DYCE- UK,1472,2862,57.201944,357.802222
99824699999,ARECIBO- RQ,1084,2346,18.4833333,293.3
72218793911,SHAWNEE MUNICIPAL AIRPORT- OK US,1253,2104,35.35667,263.05667
16542099999,CAPE S. LORENZO- IT,1294,77,39.5,9.6166667
99738499999,MOLUOLOE- HI US,1108,1628,20.9,203.53
72751454910,STAPLES MUNICIPAL AIRPORT- MN US,1363,2122,46.38083,265.19361000000004
48647099999,SULTAN ABDUL AZIZ SHAH INTERNATIONAL- MY,931,812,3.130583,101.549333
23220499999,ROSCHINO- RS,1471,523,57.189567,65.3243
94996099999,NORFOLK ISLAND INTERNATIONAL- NF,609,1344,-29.041625,167.938742
84628099999,JORGE CHAVEZ INTERNATIONAL- PE,779,2263,-12.021889,282.885681
72550014942,OMAHA EPPLEY AIRFIELD- NE US,1313,2113,41.31186,264.09814
48944099999,THANGONE- LA,1082,821,18.2833333,102.6333333
17202099999,ELAZIG- TU,1286,314,38.606925,39.291417
99734399999,SOUTH HAVEN- MI US,1323,2190,42.4,273.72
72745604919,DULUTH SKY HARBOR AIRPORT- MN US,1367,2144,46.72167,267.95667000000003
83208099999,VILHENA- BR,773,2399,-12.694375,299.901731
28319099999,NOZOVKA- RS,1470,438,57.0833333,54.75
25173099999,MYS SHMIDTA- RS,1588,1443,68.9,180.3666667
99729699999,BALTIMORE MD- MD US,1292,2267,39.27,283.43
86297099999,ENCARNACION- PA,626,2433,-27.3166667,304.1666667
72469400450,FRONT RANGE AIRPORT- CO US,1297,2044,39.7842,255.4624
A0001704868,LACON MARSHALL CO AIRPORT- IL US,1310,2165,41.01917,270.61361
72667904969,RUSH CITY REGIONAL AIRPORT- MN US,1356,2136,45.69778,267.04722
71152099999,BURGEO NL- CA,1376,2419,47.6166666,302.38333339999997
02297099999,BJUROKLUBB- SW,1544,173,64.4833333,21.5833333
71958099999,DEASE LAKE- CA,1484,1840,58.4333333,229.9833334
44214099999,ULGI- MG,1389,719,48.9333333,89.9333333
71843299999,AKULIVIK- CA,1508,2255,60.818611,281.851389
10037099999,SCHLESWIG- GM,1444,76,54.459333,9.516333
24726099999,MIRNY- RS,1525,912,62.534689,114.038928
80428099999,GUANARE- VE,990,2322,9.026944,290.24485
94655099999,TARCOOLA- AS,592,1077,-30.7166666,134.5833333
99824399999,SAND POINT- AK US,1453,1596,55.3333333,199.5
06350099999,GILZE RIJEN- NL,1415,39,51.567389,4.931833
17060099999,ATATURK- TU,1309,231,40.976892,28.821111
72641994929,ASHLAND KENNEDY MEMORIAL AIRPORT- WI US,1365,2153,46.54676,269.08155
72743794893,IRON MOUNTAIN FORD AIRPORT- MI US,1358,2175,45.81339,271.88707999999997
02635099999,MALMO- SW,1455,105,55.5666666,13.0666666
94116099999,DUM IN MIRRIE- AS,773,1043,-12.6333333,130.3666666
37729099999,GADABAY- AJ,1306,367,40.6833333,45.8166666
85365099999,YACUIBA- BL,680,2371,-21.960925,296.34833100000003
02780099999,KORSNAS BREDSKARET- FI,1529,169,62.9333333,21.1833333
99999963831,NEWTON 5 ENE- MS US,1223,2167,32.3378,270.9297
72427303804,PARKERSBURG MID OHIO VALLEY REGIONAL AIRPORT- WV US,1293,2228,39.33948,278.55620999999996
17059099999,KUMKOY- TU,1312,232,41.25,29.0333333
72040500436,BLAIR MUNICIPAL AIRPORT- NE US,1314,2111,41.41167,263.89139
72308513750,NORFOLK NAS- VA US,1269,2270,36.93746,283.71074
47656099999,SHIZUOKA- JA,1249,1107,34.9833333,138.4
71946599999,WRIGLEY- CA,1532,1893,63.209444,236.563333
72374500374,PAYSON AIRPORT- AZ US,1242,1989,34.257,248.661
47402099999,KITAMIESASHI- JA,1349,1141,44.9333333,142.5833333
99472099999,FLAT ISLAND LIGHT- AK US,1493,1664,59.332,208.005
72086500291,HUTSON FIELD AIRPORT- ND US,1384,2101,48.405,262.629
15080099999,ORADEA- RO,1370,175,47.025278,21.9025
07107099999,BRIGNOGAN- FR,1386,2845,48.6833333,355.6666667
61421099999,ATAR- MR,1105,2776,20.506828,346.95680600000003
72376099999,FLAGSTAFF- AZ US,1252,1985,35.2166666,248.18333339999998
01422099999,FISTER SIGMUNDSTAD- NO,1491,48,59.1666666,6.0333333
72340503930,LITTLE ROCK AFB- AR US,1249,2143,34.91667,267.85
94346099999,LONGREACH AERO- AS,665,1154,-23.4333333,144.2833333
47750099999,MAIZURU- JA,1254,1083,35.45,135.3166666
96481099999,TAWAU- MY,943,945,4.313369,118.121953
99737099999,MORGANS POINT- TX US,1196,2120,29.68,265.02
72066800246,EAST BREAKS OIL PLATFORM- TX US,1178,2125,27.817,265.683
71359099999,DEWBERRY AGCM- CA,1436,1995,53.6666666,249.4166667
71342099999,OYEN AGDM ALTA- CA,1413,1997,51.3833333,249.65
A0000812978,FAYETTE REGIONAL AIR CENTER AIRPORT- TX US,1199,2104,29.90778,263.05
58730099999,WUYISHAN- CH,1177,944,27.7666666,118.0333333
48698099999,SINGAPORE CHANGI INTERNATIONAL- SN,913,832,1.350189,103.994433
08522099999,FUNCHAL- PO,1226,2745,32.6333333,343.1
99401599999,FRIDAY HARBOR- WA US,1385,1896,48.547,236.99
47747399999,TAJIMA- JA,1255,1078,35.512778,134.786944
63450099999,BOLE INTERNATIONAL- ET,989,310,8.977889,38.799319
03018099999,WOODVALE- UK,1435,2856,53.581575,356.944478
72064800230,AUSTIN EXECUTIVE AIRPORT- TX US,1203,2099,30.395,262.433
72044700437,KYLE OAKLEY FIELD AIRPORT- KY US,1266,2173,36.66458,271.62723
72073900268,MINDEN AIRPORT- LA US,1226,2134,32.646,266.702
06450099999,DEURNE- BE,1411,36,51.189444,4.460278
72234254931,TRACY MUNICIPAL AIRPORT- MN US,1342,2115,44.24917,264.39278
96741099999,JAKARTA TANJUNG PRIOK- ID,838,855,-6.1,106.8666666
53673099999,YUANPING- CH,1287,902,38.75,112.7
70133326643,DEERING AIRPORT- AK US,1560,1578,66.06957,197.23858
47421099999,SUTTSU- JA,1327,1122,42.8,140.2166666
65503099999,OUAGADOUGOU- UV,1023,2868,12.353194,358.487583
02549099999,TOMTABACKEN- SW,1474,116,57.5,14.4666666
48048099999,NYAUNG U- BM,1111,759,21.2,94.9166666
44329099999,AMARBUYANTAYN- MG,1346,790,44.6166667,98.7
26855099999,MARIYNA GORKA- BO,1434,225,53.45,28.1333333
02616099999,FALSTERBO- SW,1453,103,55.3833333,12.8166666
81415099999,MARIPASOULA- FG,936,2448,3.6333333,305.9666667
72570024046,CRAIG MOFFAT CO AIRPORT- CO US,1304,2020,40.49296,252.47601
26781099999,SMOLENSK- RS,1447,257,54.75,32.0666666
16115099999,MALANOTTE MOUNTAIN- IT,1342,62,44.25,7.8
71543099999,LA GLACE AGCM- CA,1454,1926,55.4166666,240.75
70222326602,KOYUK ALFRED ADAMS AIRPORT- AK US,1549,1591,64.935,198.845
72092500312,ATLANTIS OIL PLATFORM- LA US,1171,2160,27.2,269.967
83784099999,TAUBATE- BR,669,2515,-23.0166666,314.4333334
72207003822,SAVANNAH HILTON HEAD INTERNATIONAL AIRPORT- GA US,1221,2230,32.13133,278.7977
01025099999,TROMSO- NO,1596,151,69.683333,18.918919
11308099999,WARTH- AU,1372,81,47.25,10.1833333
29915099999,SLAVGOROD- RS,1429,629,52.9666666,78.65
01403399999,EKOFISK OIL PLTFRM- NO,1465,26,56.55,3.25
35394399999,OKHA RUSSIAN FEDERAT- RS,1436,1144,53.62,142.95
74783012849,FORT LAUDERDALE INTERNATIONAL AIRPORT- FL US,1160,2239,26.07875,279.83777
99769899999,NEWBOLD- PA US,1307,2282,40.8,285.25
96535099999,PALOH- ID,917,874,1.7666666,109.3
99999953016,VAUGHN 36 SSE- NM US,1241,2041,34.1373,255.0697
72292593117,SAN CLEMENTE ISLAND NAAS- CA US,1230,1931,33.02333,241.41194000000002
89514099999,MAITRI- AY,192,94,-70.7666666,11.75
A0001363847,FORT PAYNE ISBELL FIELD- AL US,1244,2194,34.47389,274.27861
34712099999,MARIUPOL- UP,1370,300,47.0333333,37.5
71331099999,ISLAND FALLS AUT SASK- CA,1455,2061,55.5333333,257.65
15525699999,BEZMER AB- BU,1324,211,42.45,26.35
62805099999,DAMAZIN- SU,1017,275,11.785889,34.336656
51818099999,PISHAN- CH,1276,626,37.6166666,78.2833333
48887099999,PHAN THIET- VM,1009,865,10.9333333,108.1
02816099999,SODANKYLA VUOTSO- FI,1580,217,68.0833333,27.1833333
02911099999,VAASA- FI,1530,174,63.05065,21.762175
48375099999,MAE SOT- TH,1066,788,16.699856,98.545056
89744099999,RELAY STAT- AY,159,344,-74.0166666,43.05
01400099999,EKOFISK- NO,1465,26,56.55,3.2166666
40821099999,YAZD SHAHID SADOOGHI- IR,1219,434,31.904908,54.276503
56786099999,ZHANYI- CH,1155,831,25.5833333,103.8333333
71967099999,SAINT GERMAIN DE GRANTHAM- CA,1358,2300,45.8166666,287.4666667
95818099999,PALLAMANA AERODROME- AS,549,1114,-35.0666666,139.2333333
72491523259,MONTEREY PENINSUL AIRPORT- CA US,1265,1905,36.59041,238.15118999999999
24923099999,LENSK- RS,1507,919,60.7166666,114.8833333
31981199999,ALYKEL- RS,1593,699,69.311053,87.332183
21824099999,TIKSI- RS,1616,1031,71.697667,128.903017
95832099999,EDENHOPE AIRPORT- AS,529,1130,-37.0166666,141.2666666
71243099999,LETHBRIDGE CDA- CA,1396,1978,49.7,247.2333334
04038099999,EYRARBAKKI- IC,1538,2711,63.8666666,338.85
72026294076,KREMMLING MCELROY AIRFIELD- CO US,1300,2029,40.05361,253.63111
82795099999,PRESIDENTE JOAO SUASSUNA- BR,827,2593,-7.269917,324.103636
72026463827,RICHLANDS TAZEWELL AIRPORT- VA US,1270,2226,37.06361,278.20194
78478599999,CASA DE CAMPO INTERNATIONAL- DR,1084,2329,18.450711,291.088167
01366099999,SOGNEFJELL- NO,1515,64,61.5666666,8.0
91197521510,KAILUA KONA KE AHOLE AIRPORT- HI US,1097,1632,19.73782,203.95205
31735099999,NOVY- RS,1385,1082,48.528044,135.188361
03165099999,SPADEADAM- UK,1450,2860,55.05,357.45
72407754779,AEROFLEX ANDOVER AIRPORT- NJ US,1310,2282,41.00928,285.26367
31987099999,PARTIZANSK- RS,1331,1064,43.15,133.0166666
04214099999,NUUSSUAATAA NUUSSUAQ- GL,1606,2443,70.6833333,305.38333339999997
71889099999,PENTICTON- CA,1394,1923,49.463056,240.39777800000002
96745099999,JAKARTA OBSERVATORY- ID,838,855,-6.1833333,106.8333333
52955099999,GUINAN- CH,1255,806,35.5833333,100.75
72492023237,STOCKTON AIRPORT- CA US,1278,1910,37.88997,238.77363
76613399999,DON MIGUEL HIDALGO Y COSTILLA INTERNATIONAL- MX,1105,2054,20.5218,256.688833
74768613820,BILOXI KEESLER AFB- MS US,1204,2169,30.41667,271.08333
59046099999,LIUZHOU- CH,1143,875,24.35,109.4
48329099999,LAMPHUN- TH,1085,792,18.5666666,99.0333333
72406693706,HAGERSTOWN REGIONAL AIRPORT- MD US,1297,2258,39.70618,282.26963
65338099999,BOHICON- BN,971,17,7.1666666,2.0666666
71258099999,OLDS AGDM ALTA- CA,1417,1967,51.75,245.93333339999998
14232099999,KARLOVAC- HR,1354,125,45.5,15.5666666
04203099999,KITSISSUT CAREY OEER- GL,1666,2296,76.6333333,287.0
45007099999,HONG KONG INTERNATIONAL- HK,1123,911,22.308919,113.914603
72734404869,CHIPPEWA INTERNATIONAL AIRPORT- MI US,1362,2204,46.25,275.53333
63733099999,MUSOMA- TZ,884,270,-1.5,33.8
48010099999,HOMALIN- BM,1148,759,24.8666666,94.9166666
61998099999,PORT AUX FRANCAIS ILES KERGUELEN- FS,406,562,-49.35,70.25
72312453874,GREENWOOD CO AIRPORT- SC US,1242,2223,34.25394,277.84735
27947099999,TAMBOV- RS,1427,331,52.8,41.3333333
01017099999,AKSELOYA- SV,1676,118,77.6833333,14.7833333
83649099999,GOIABEIRAS- BR,697,2558,-20.258056,319.713611
28966099999,RUZAEVKA- KZ,1428,536,52.8166666,66.9666666
72341793988,PINE BLUFF GRIDER FIELD- AR US,1241,2145,34.17981,268.06556
72072600259,GALVESTON 424 OIL PLATFORM- TX US,1185,2120,28.577,265.023
40596099999,MARADIM ISLAND- KU,1186,389,28.6833333,48.65
72219503888,ATLANTA FULTON CO AIRPORT- GA US,1237,2204,33.77759,275.47536
83063099999,PORTO NACIONAL- BR,792,2493,-10.719417,311.600264
23445099999,NADYM- RS,1554,581,65.4666666,72.6666666
63801099999,KIGOMA- TZ,851,237,-4.8833333,29.6333333
30802099999,MONDY- RS,1416,808,51.6833333,100.9833333
72092900316,CUMBERLAND MUNICIPAL AIRPORT- WI US,1355,2144,45.506,268.019
71451099999,SOUTHEND SASK- CA,1463,2054,56.3333333,256.7166667
44243099999,ULYGAIIN DUGANG- MG,1398,862,49.8333333,107.7333333
03803099999,SCILLY SAINT MARY S- UK,1399,2830,49.9166667,353.7
03766399999,BIGGIN HILL- UK,1413,0,51.330833,0.0325
63686099999,ELDORET- KE,904,282,0.4833333,35.3
71245099999,NAKISKA RIDGETOP ALTA- CA,1409,1959,50.9333333,244.81666669999998
44266099999,TONHIL- MG,1363,751,46.3166667,93.9
96987099999,BANYUWANGI- ID,817,915,-8.2166666,114.3833333
62337099999,EL ARISH INTERNATIONAL- EG,1210,271,31.073333,33.835833
71922099999,LA RONGE- CA,1451,2038,55.15139,254.738056
02836099999,SODANKYLA- FI,1573,213,67.395033,26.619133
72074100269,BOULDER CITY MUNICIPAL AIRPORT- NV US,1259,1961,35.947,245.139
61404099999,ZOUERATE- MR,1127,2780,22.75,347.5166667
47831099999,MAKURAZAKI- JA,1212,1042,31.2666666,130.3
01262099999,NORDOYAN FYR- NO,1547,84,64.8,10.55
70385525369,KAKE AIRPORT- AK US,1469,1809,56.96667,226.1
99999904141,COOS BAY 8 SW- OR US,1332,1885,43.2718,235.6814
99497499999,YACHT WORKS SISTER- WI US,1351,2183,45.2,272.88
06751099999,ROBIEI- SZ,1364,68,46.45,8.5166666
12950099999,PAKS- HU,1365,151,46.5833333,18.85
33562099999,VINNYTSIA- UP,1392,229,49.2333333,28.6
76525099999,ZACATECAS ZAC. LA BUFA ZAC.- MX,1127,2059,22.7833333,257.4333334
40721099999,MARAVEH TAPPEH- IR,1278,448,37.9,55.95
07524099999,LA GARENNE- FR,1341,5,44.174721,0.590556
46686099999,CHIANG KAI SHEK INTERNATIONAL- TW,1150,970,25.077731,121.232822
96091099999,KIJANG- ID,909,836,0.922683,104.532311
64390099999,BUJUMBURA INTERNATIONAL- BY,866,235,-3.324019,29.318519
48418099999,BUA CHUM- TH,1052,810,15.2666666,101.2
47692099999,UTSUNOMIYA- JA,1265,1119,36.514544,139.870936
71337099999,LA SCIE NFLD- CA,1399,2435,49.9166666,304.3333334
95695099999,WILCANNIA AERODROME AWS- AS,584,1147,-31.5166666,143.3833333
27355099999,JUR EVEC- RS,1473,345,57.3333333,43.1166666
76402099999,CIUDAD CONSTITUCION BCS- MX,1149,1987,25.0,248.366667
94665099999,MAITLAND- AS,556,1101,-34.3833333,137.6666666
08181099999,BARCELONA- SP,1312,17,41.297078,2.078464
60536099999,SAIDA- AG,1248,1,34.8666666,0.15
08223099999,CUATRO VIENTOS- SP,1303,2850,40.370678,356.214856
16122099999,ALBENGA- IT,1340,65,44.050608,8.127428
01007099999,NY ALESUND- SV,1689,95,78.9166666,11.9333333
88963099999,BASE ESPERANZA- AY,266,2424,-63.4,303.0166667
00701899999,WXPOD 7018,899,0,0.0,0.0
35067099999,ESIL- KZ,1418,531,51.8833333,66.3333333
47075099999,PYONGGANG- KN,1284,1018,38.4166666,127.2833333
72510314712,READING REGIONAL AIRPORT- PA US,1303,2272,40.37342,284.04076
83914099999,LAURO KURTZ- BR,617,2461,-28.243989,307.673442
56763099999,YUANMOU- CH,1157,815,25.7333333,101.8666666
82398099999,PINTO MARTINS INTERNATIONAL- BR,862,2572,-3.776283,321.467444
67027099999,PHILIBERT TSIRANANA- MA,743,371,-15.667144,46.351828
38149099999,KUNGRAD- UZ,1330,471,43.0833333,58.9333333
26114999999,MOGILEV- BO,1439,241,53.95,30.1
99401799999,NORTH SPIT- CA US,1307,1886,40.767,235.78300000000002
16400099999,USTICA ISLAND- IT,1286,105,38.7,13.1833333
99999904237,QUINAULT 4 NE- WA US,1375,1890,47.5139,236.188
40783099999,ALI GOODARZ- IR,1233,397,33.4,49.6833333
72638714850,TRAVERSE CITY CHERRY CAPITAL AIRPORT- MI US,1347,2195,44.73895,274.4321
83942099999,CAXIAS DO SUL- BR,608,2470,-29.1666666,308.8
07660099999,TOULON- FR,1330,47,43.1,5.9333333
72340313963,LITTLE ROCK AIRPORT ADAMS FIELD- AR US,1247,2142,34.72727,267.7642
89257099999,UNIVERSITY WI ID 8925 LIMBERT AWS- AY,141,2407,-75.8666666,300.85
22235099999,KRASNOSCEL E- RS,1573,296,67.35,37.05
17297099999,DATCA- TU,1266,221,36.7,27.6666666
71944099999,MACKENZIE A- CA,1452,1895,55.3,236.8666667
02236099999,HALLHAXASEN- SW,1537,123,63.7666666,15.3333333
71108099999,ABBOTSFORD- CA,1390,1901,49.025278,237.636667
72311853850,CLEMSON OCONEE CO AIRPORT- SC US,1246,2217,34.67221,277.11857
07139099999,ALENCON VALFRAMBERT- FR,1384,1,48.45,0.1166667
71129099999,KINDERSLEY- CA,1415,2007,51.5175,250.819167
07016099999,VITRY EN ARTOIS- FR,1403,24,50.333,3.0
06104099999,BILLUND- DA,1457,73,55.740322,9.151778
03094099999,ROSEHEARTY- UK,1476,2863,57.7,357.8833334
40296099999,GHOR SAFI- JO,1210,284,31.0333333,35.4666666
72060200194,BARNWELL REGIONAL AIRPORT- SC US,1232,2229,33.25,278.617
14328099999,OGULIN- HR,1352,122,45.2666666,15.2333333
16453099999,GELA- IT,1270,114,37.0833333,14.2166667
72227013864,MARIETTA DOBBINS AFB- GA US,1239,2204,33.91667,275.48333
16244099999,FROSINONE IT AFB- IT,1316,106,41.6333333,13.3
72417503802,CLARKSBURG BENEDUM AIRPORT- WV US,1293,2238,39.30218,279.77608
70200626502,KALTAG AIRPORT- AK US,1543,1610,64.3208,201.2674
02725099999,HALSUA KANALA PUROLA- FI,1534,196,63.45,24.45
01389099999,RENA AIRPORT- NO,1511,91,61.1833333,11.3666666
31845099999,KRASNYJ JAR- RS,1365,1083,46.5333333,135.3166666
74230024037,MILES CITY AIRPORT- MT US,1364,2033,46.42647,254.11667
47512099999,OFUNATO- JA,1290,1134,39.0666666,141.7166666
41624099999,D I KHAN- PK,1219,567,31.909422,70.896639
76681099999,GEOGRAFIA UNAM- MX,1093,2087,19.3166666,260.8166667
34866099999,YASHKUL- RS,1361,363,46.1833333,45.35
47766099999,KURE- JA,1242,1060,34.2333333,132.55
47157099999,GEOCHANG- KS,1256,1023,35.6666666,127.9166666
72618514605,AUGUSTA STATE AIRPORT- ME US,1343,2322,44.3161,290.20298
65578099999,ABIDJAN FELIX HOUPHOUET BOIGNY INTERNATIONAL- IV,952,2849,5.261386,356.073706
82764099999,CAROLINA- BR,826,2500,-7.320444,312.541333
94749099999,BELLAMBI AWS- AS,556,1207,-34.3833333,150.9333333
72206013889,JACKSONVILLE INTERNATIONAL AIRPORT- FL US,1204,2226,30.49529,278.30626
99728499999,NEW HAVEN- CT US,1312,2297,41.28,287.12
26864099999,KLICHEV- BO,1434,235,53.5,29.3333333
08545099999,PORTO- PO,1312,2811,41.248055,351.318611
72340703953,JONESBORO MUNICIPAL AIRPORT- AR US,1258,2155,35.83567,269.35576000000003
68438099999,KIMBERLEY- SF,611,198,-28.802834,24.765167
71492099999,TUKTUT NOGAIT NWT- CA,1591,1901,69.1833333,237.65
72267603035,ARTESIA MUNICIPAL AIRPORT- NM US,1228,2044,32.8525,255.5325
72534213809,LAWRENCEVILLE VINCENNES INTERNATIONAL AIRPORT- IL US,1287,2179,38.76046,272.40098
60734099999,SILIANA- TS,1260,75,36.0666666,9.3666666
72209453984,GRAND PRAIRIE MUNICIPAL AIRPORT- TX US,1226,2104,32.69861,262.95333
70231226555,FAREWELL LAKE SEAPLANE BASE- AK US,1525,1651,62.5425,206.3775
03492099999,NORWICH- UK,1426,10,52.675833,1.282778
12124099999,DARLOWEK- PL,1443,131,54.4,16.35
14026099999,MARIBOR- SI,1364,125,46.479861,15.686131
74000203042,LA VETA PASS- CO US,1274,2039,37.5,254.83333
12115099999,USTKA- PL,1445,135,54.5833333,16.8666666
31532099999,CEKUNDA- RS,1408,1058,50.8666666,132.25
72286893138,PALM SPRINGS ASOS- CA US,1238,1948,33.82216,243.49567000000002
63709099999,KISII- KE,893,278,-0.6666667,34.7833333
72219303722,ROXBORO PERSON CO AIRPORT- NC US,1262,2248,36.28472,281.01583
29956099999,TASTYP- RS,1427,719,52.8,89.9166666
60338099999,MELILLA- SP,1252,2856,35.279817,357.043744
94617099999,MANJIMUP- AS,557,929,-34.25,116.15
72062299999,BOWIE MUNICIPAL- TX US,1236,2098,33.601667,262.224439
01321099999,STRYN- NO,1518,52,61.9,6.55
85832699999,QUELLON- CI,468,2291,-43.1166666,286.3666667
11053099999,RIED IM INNKREIS- AU,1382,108,48.2166666,13.4833333
70269700107,NEW STUYAHOK AIRPORT- AK US,1494,1621,59.45,202.667
26141099999,VALKE MAARJA- EN,1491,210,59.1333333,26.2333333
91822099999,ALOFI- NE,709,1521,-19.0666666,190.0833334
99999953139,STOVEPIPE WELLS 1 SW- CA US,1266,1943,36.602,242.8551
03857099999,ISLE OF PORTLAND- UK,1405,2860,50.5166666,357.55
26422599999,RIGA- LG,1469,192,56.9666667,24.05
07434099999,BELLEGARDE- FR,1358,9,45.862778,1.179444
14234099999,KRAPINA- HR,1361,127,46.1333333,15.8833333
08509599999,SAO JORGE- PO,1286,2655,38.6655,331.824183
72651994993,SISSETON MUNICIPAL AIRPORT- SD US,1356,2104,45.669018,263.00817
76405599999,GENERAL MANUEL MARQUEZ DE LEON INTERNATIONAL- MX,1140,1997,24.072694,249.63752499999998
72221312819,LEESBURG MUNICIPAL AIRPORT- FL US,1188,2226,28.82143,278.19037000000003
37031099999,ARMAVIR- RS,1349,329,44.9833333,41.1166666
95773099999,ARMIDALE AIRPORT AWS- AS,594,1213,-30.5333333,151.6166666
47735099999,OSHIMA- JA,1247,1115,34.782033,139.360306
47776099999,SUMOTO- JA,1243,1079,34.3333333,134.9
94575099999,BRISBANE ARCHERFIELD- AS,624,1224,-27.570278,153.008056
72597024225,MEDFORD INTERNATIONAL AIRPORT- OR US,1323,1897,42.37503,237.12297999999998
72411593757,HOT SPRINGS INGALLS FIELD- VA US,1279,2241,37.95,280.18333
97876099999,TANAH MERAH- ID,838,1122,-6.1,140.3
02754099999,HAMEENLINNA KATINEN- FI,1509,196,61.0,24.5
91592099999,NOUMEA- NC,677,1332,-22.2666667,166.45
72234354826,SOUTH HAVEN AREA REGIONAL AIRPORT- MI US,1323,2190,42.35083,273.74388999999996
94719099999,DUBBO- AS,577,1189,-32.216667,148.574722
40763099999,KASHMAR- IR,1251,468,35.2,58.4666666
61226099999,GAO- ML,1062,2879,16.248433,359.994544
85364099999,CAPITAN ORIEL LEA PLAZA- BL,684,2362,-21.555736,295.298675
71017099999,STEFANSSON ISLAND NU- CA,1637,2038,73.75,254.71666670000002
72525404851,DEFIANCE AIRPORT- OH US,1313,2205,41.3357,275.5715
74917900392,HOLLISTER MUNICIPAL AIRPORT- CA US,1268,1909,36.9,238.583
89003099999,HALVFARRYGGEN EP11- AY,188,2827,-71.15,353.3166667
72292603154,CAMP PENDLETON MCAS- CA US,1233,1941,33.30424,242.64492
16325099999,MARINA DI GINOSA- IT,1304,135,40.4333333,16.8833333
72096513910,ABILENE DYESS AFB- TX US,1224,2081,32.43333,260.15
47095099999,CHEORWON- KS,1281,1018,38.15,127.3
71811399999,NEMISCAU ARPT SAWR- CA,1416,2271,51.7,283.8833333
47426099999,URAKAWA- JA,1321,1142,42.1666666,142.7833333
72085900286,BLACK RIVER FALLS AREA AIRPORT- WI US,1342,2153,44.251,269.145
34861099999,ELISTA- RS,1363,355,46.3666666,44.3333333
99800699999,NORTH CAROLINA RESERVE- NC US,1241,2257,34.15,282.15
72384023155,BAKERSFIELD AIRPORT- CA US,1254,1928,35.43424,240.94476
97300099999,WAI OTI- ID,813,978,-8.640647,122.236889
98553099999,BORONGAN- RP,1016,1004,11.6666666,125.45
72548094910,WATERLOO MUNICIPAL AIRPORT- IA US,1325,2141,42.55437,267.59869000000003
71934099999,FORT SMITH UA NT- CA,1500,1985,60.0166666,248.08333340000001
72450803997,LAWRENCE ASOS- KS US,1290,2118,39.00779,264.7885
71736599999,RAWSON LAKE AUT- CA,1396,2130,49.65,266.2833334
99999954902,DES MOINES 17 E- IA US,1315,2134,41.5562,266.7145
78351099999,SANTA CRUZ DEL SUR CAMAGUEY- CU,1107,2256,20.7166666,282.0
07150099999,LE BOURGET- FR,1389,20,48.969444,2.441389
65101099999,ILORIN- NI,984,36,8.440211,4.493919
99999963868,COURTLAND 2 WSW- AL US,1246,2181,34.6602,272.6538
14370099999,SLAVONSKI BROD- HR,1351,144,45.1666667,18.0
71708099999,QUEBEC JEAN LESAGE INTERNATIONAL- CA,1367,2309,46.791111,288.606667
72485523153,TONOPAH AIRPORT- NV US,1280,1943,38.05049,242.90937
02110099999,GIELAS- SW,1553,121,65.3333333,15.0666666
76675399999,LICENCIADO ADOLFO LOPEZ MATEOS INTERNATIONAL- MX,1093,2083,19.337072,260.433992
48383099999,MUKDAHAN- TH,1065,838,16.5333333,104.7166666
06613099999,FRUTIGEN- SZ,1365,61,46.6,7.65
48920099999,TRUONG SA- VM,986,895,8.65,111.9166666
47971042402,CHICHI JIMA BONIN ISLAND- JA,1170,1137,27.083333,142.183333
99735999999,ALPENA- MI US,1350,2213,45.0666666,276.5833334
02171099999,BODEN- SW,1558,173,65.8166666,21.6333333
47632099999,GIFU- JA,1253,1094,35.4,136.7666666
71966599999,OLD CROW- CA,1575,1761,67.570556,220.160833
41024099999,KING ABDULAZIZ INTERNATIONAL- SA,1116,313,21.679564,39.156536
72462703011,TELLURIDE REGIONAL AIRPORT- CO US,1279,2017,37.95,252.1
99999953172,LAKE HAVASU CITY 19 SE- AZ US,1242,1967,34.2529,245.86599999999999
71307099999,RIDGETOWN RCS ONT- CA,1324,2225,42.45,278.1166667
42886099999,JHARSUGUDA- IN,1119,672,21.913536,84.050383
70199526628,GOLOVIN AIRPORT- AK US,1545,1576,64.55044,196.99284
70207526644,ANVIK AIRPORT- AK US,1526,1599,62.65,199.81667
71776099999,NELSON BC- CA,1394,1942,49.4833333,242.7
61989099999,PLAINE CORAIL- MP,702,507,-19.75,63.37
15655099999,BURGAS- BU,1325,220,42.569583,27.515236
02807099999,IVALO- FI,1586,219,68.607269,27.405328
40650099999,BAGHDAD INTERNATIONAL AIRPORT- IZ,1232,354,33.2666666,44.2333333
62225099999,TRAGEN- LY,1159,116,25.9333333,14.45
41530099999,PESHAWAR- PK,1240,573,34.0166666,71.5833333
02064099999,SAITTAROVA- SW,1573,178,67.3333333,22.2333333
48110099999,MERGUI- BM,1024,789,12.4333333,98.6
71895099999,WETASKIWIN AGCM- CA,1429,1973,52.9666666,246.56666669999998
06601099999,BASEL BINNINGEN- SZ,1375,61,47.55,7.5833333
04320099999,DANMARKSHAVN PORT- GL,1667,2731,76.7666667,341.3333333
97698099999,JAYAPURA DOK II- ID,876,1126,-2.3666666,140.7166666
71801099999,ST JOHNS INTERNATIONAL- CA,1376,2458,47.61861,307.248055
26850099999,MINSK 1- BO,1438,220,53.864472,27.539683
03047099999,TULLOCH BRIDGE- UK,1468,2842,56.8666666,355.3
02970099999,MARIEHAMN- FI,1501,159,60.122203,19.898156
14431099999,ZADAR- HR,1341,123,44.108269,15.346697
72406793744,BALTIMORE MARTIN FIELD- MD US,1293,2269,39.33333,283.58333
47770099999,KOBE- JA,1246,1082,34.7,135.2166666
47605099999,KANAZAWA- JA,1265,1093,36.5833333,136.6333333
71118099999,WAINWRIGHT CFB AIRFIELD 21 ALTA- CA,1428,1991,52.8166666,248.9
99999953155,WILLIAMS 35 NNW- AZ US,1257,1981,35.7552,247.6626
71912099999,GILLAM AIRPORT- CA,1463,2122,56.35,265.2833334
02209099999,SYLARNA- SW,1530,98,63.05,12.2833333
71040099999,LATERRIERE QUE- CA,1382,2311,48.3,288.88333339999997
71417099999,ENGLEE AUT- CA,1407,2431,50.72,303.88
72469523036,AURORA BUCKLEY FIELD ANGB- CO US,1297,2042,39.71667,255.25
72512464705,BUTLER CO AIRPORT- PA US,1307,2240,40.77694,280.05028
72483323206,SACRAMENTO MATHER AFB- CA US,1285,1910,38.56667,238.7
02428399999,OREBRO- SW,1492,120,59.223733,15.037956
70272526491,ANCHORAGE LAKE HOOD SEA PLANE BASE- AK US,1511,1680,61.1786,210.03491
03166099999,EDINBURGH GOGARBANK- UK,1459,2853,55.9333333,356.65
71931099999,POOLS ISLAND- CA,1390,2451,49.1,306.4333334
01046099999,SORKJOSEN- NO,1597,168,69.786839,20.959444
68264399999,WONDERBOOM- SF,643,226,-25.653858,28.224231
87022099999,GENERAL ENRIQUE MOSCONI TARTAGAL- AR,673,2370,-22.619647,296.206328
08505099999,HORTA- PO,1285,2650,38.519894,331.284128
02598099999,OSTERGARNSHOLM- SW,1474,152,57.4333333,18.9833333
80427099999,OSWALDO GUEVARA MUJICA- VE,995,2326,9.553375,290.762128
62420099999,BAHARIA- EG,1183,231,28.3333333,28.8666666
47165099999,MOKPO- KS,1248,1011,34.8166666,126.3833333
61697099999,CAP SKIRING- SG,1024,2746,12.4102,343.253875
11190099999,EISENSTADT- AU,1378,132,47.85,16.5333333
99729399999,MARBLEHEAD- OH US,1315,2217,41.55,277.1
98444099999,LEGAZPI- RP,1031,990,13.157064,123.746247
71786099999,YOHO PARK BC- CA,1414,1949,51.45,243.65
71949399999,FARO- CA,1522,1813,62.2075,226.624167
72792894263,BREMERTON- WA US,1374,1898,47.48333,237.23333
99779999999,SISTERS ISLAND- AK US,1481,1798,58.1666666,224.75
71833099999,GUELPH TURFGRASS- CA,1335,2238,43.55,279.7833334
62781099999,EN NAHUD- SU,1026,227,12.7,28.4333333
03970099999,CLAREMORRIS- EI,1437,2808,53.7166666,351.0166667
71341099999,BROCKET AGDM ALTA- CA,1396,1969,49.6166666,246.18333339999998
47022099999,PUNGSAN- KN,1308,1025,40.8166666,128.15
43336099999,COCHIN INTERNATIONAL AIRPORT NEDUMBASSERY- IN,1001,611,10.15,76.4
40180099999,BEN GURION- IS,1220,279,32.011389,34.886667
06168099999,NAKKEHOVED- DA,1461,99,56.1166666,12.35
99799699999,ST CLAIR SHORES- MI US,1324,2217,42.4666666,277.13333339999997
48846099999,HA TINH- VM,1083,847,18.35,105.9
47553099999,YAMAGATA- JA,1284,1123,38.411894,140.371331
07255499999,AVORD- FR,1370,21,47.053333,2.6325
04330099999,DANEBORG AUT- GL,1642,2718,74.3,339.7833333
71905399999,UMIUJAQ- CA,1465,2268,56.5333333,283.4833333
96253099999,FATMAWATI SOEKARNO- ID,861,819,-3.8637,102.339036
87416099999,SAN MARTIN- AR,569,2333,-33.0833333,291.5833333
89066099999,BASE SAN MARTIN- AY,218,2343,-68.1166666,292.8666667
16234099999,GUIDONIA- IT,1319,102,41.990278,12.740833
99820699999,ELFIN COVE- AK US,1481,1789,58.1833333,223.6666667
94828099999,PORTLAND CASHMORE AIRPORT- AS,516,1132,-38.3166666,141.4666666
78460099999,CIBAO INTERNATIONAL- DR,1094,2315,19.406092,289.395311
71390099999,POINTE NOIRE CS QUE- CA,1401,2349,50.15,293.5666667
02485399999,SKAVSTA- SW,1487,135,58.788636,16.912189
63332099999,BAHIR DAR- ET,1016,299,11.608075,37.321644
47626099999,KUMAGAYA- JA,1261,1115,36.15,139.3833333
01307099999,FEDJE- NO,1507,38,60.75,4.7166666
06118099999,SONDERBORG- DA,1449,78,54.964367,9.791731
40001099999,KAMISHLY- SY,1270,330,37.020625,41.191394
68718099999,ROBERTSON- SF,562,159,-33.8,19.9
40176199999,MAHANAIM I BEN YAAKOV- IS,1229,285,32.981047,35.571908
78637099999,PUERTO BARRIOS- GT,1057,2171,15.730878,271.41623300000003
82599199999,MINISTRO VICTOR KONDER INTERNATIONAL- BR,631,2491,-26.879999,311.34861
72085600284,SCOTTSBORO MUNICIPAL AIRPORT WORD FIELD- AL US,1246,2192,34.689,273.994
40701099999,MAKKO- IR,1293,355,39.3333333,44.4333333
68714099999,LANGEBAANWEG AFB- SF,570,145,-32.968889,18.160278
02805099999,UTSJOKI KEVO- FI,1597,216,69.75,27.0
34579099999,VERHNIJ BASKUNCHAK- RS,1382,374,48.2166666,46.7333333
47668099999,AJIRO- JA,1250,1113,35.05,139.1
68715099999,MALMESBURY- SF,565,150,-33.4666666,18.7166666
68614099999,VREDENDAL- SF,583,148,-31.640961,18.544789
94949099999,HOGAN ISLAND- AS,507,1176,-39.2166666,146.9833333
26436099999,ZILANI- LG,1465,207,56.5166666,25.9166666
47727099999,SHIMOFUSA- JA,1257,1120,35.798944,140.011111
50854099999,ANDA- CH,1363,1003,46.3833333,125.3166666
96163099999,TABING- ID,891,803,-0.874989,100.351881
94871099999,FRANKSTON AWS- AS,518,1161,-38.15,145.1166666
06141099999,ABED- DA,1448,91,54.8333333,11.3333333
97180099999,HASANUDDIN- ID,849,956,-5.061853,119.553997
26499099999,STARITSA- RS,1464,279,56.5,34.9333333
40580099999,RABYAH- KU,1192,383,29.3,47.9333333
97008099999,NAHA- ID,936,1004,3.683214,125.528019
72278403184,PHOENIX DEER VALLEY MUNICIPAL AIRPORT- AZ US,1236,1983,33.69021,247.93384
06190099999,BORNHOLM RONNE- DA,1450,118,55.063267,14.759558
36152099999,SEMIJARKA- KZ,1408,627,50.8666666,78.35
40731099999,GHAZVIN- IR,1262,400,36.240058,50.047117
06451099999,BRUSSELS NATIONAL- BE,1409,36,50.901389,4.484444
71030099999,GRAND MANAN SAR CS- CA,1346,2346,44.7,293.2
03541399999,COVENTRY- UK,1423,2868,52.369722,358.520278
95551099999,TOOWOOMBA AIRPORT- AS,624,1215,-27.55,151.9166666
71023099999,JIMMY LAKE- CA,1449,2000,54.92,250.05
72343953918,MOUNTAIN HOME BAXTER CO REGIONAL AIRPORT- AR US,1263,2140,36.37056,267.52806
51431099999,YINING- CH,1339,651,43.95,81.3333333
72363503024,BORGER HUTCHINSON CO AIRPORT- TX US,1256,2069,35.69502,258.60449
06645099999,RUENENBERG- SZ,1374,63,47.4333333,7.8833333
47582099999,AKITA- JA,1297,1121,39.7166666,140.1
72324013882,CHATTANOOGA AIRPORT- TN US,1250,2198,35.03363,274.79961000000003
33838899999,BALTI INTERNATIONAL- MD,1378,222,47.838114,27.781475
36397099999,ZHANGIZTOBE- KZ,1392,650,49.2166666,81.2166666
11126099999,PATSCHERKOFEL- AU,1372,92,47.2166666,11.4666666
02602099999,HALLANDSASEN- SW,1463,104,56.4,12.95
72205904866,BURLINGTON MUNICIPAL AIRPORT- WI US,1326,2174,42.69,271.69639
71624099999,LESTER B PEARSON INTERNATIONAL- CA,1336,2243,43.677223,280.369444
99842999999,NOKOLSKI- AK US,1429,1529,52.941,191.129
72041100137,ANGEL FIRE AIRPORT- NM US,1264,2038,36.422,254.70999999999998
94130099999,BRADSHAW- AS,750,1046,-14.95,130.8
47754099999,HAGI- JA,1244,1051,34.4166666,131.4
47420099999,NEMURO- JA,1333,1165,43.3333333,145.5833333
99999953165,DELTA 4 NE- UT US,1293,1980,39.3872,247.4905
44237099999,ERDENEMANDAL- MG,1385,811,48.5333333,101.3833333
15628099999,IVAILO- BU,1322,195,42.2166666,24.3333333
48426099999,LOP BURI- TH,1047,805,14.8,100.6166666
16317099999,LATRONICO- IT,1300,128,40.0833333,16.0166667
94972099999,SCOTTSDALE WEST MINSTONE ROAD- AS,488,1180,-41.1666666,147.4833333
48325099999,MAE SARIANG- TH,1081,783,18.1666666,97.9333333
30686099999,IGNASINO- RS,1434,979,53.4666666,122.4
07610099999,PAU PYRENEES- FR,1333,2877,43.38,359.581389
74793012843,VERO BEACH INTERNATIONAL AIRPORT- FL US,1176,2237,27.6553,279.58575
89022099999,HALLEY- AY,143,2670,-75.61,333.7277778
87222099999,CATAMARCA- AR,614,2354,-28.595556,294.248333
65232099999,AKURE- NI,972,42,7.25,5.3
70271546407,EUREKA SKELTON AIRPORT- AK US,1519,1703,61.94889,212.83111
48405099999,ROB MUANG- TH,1060,829,16.07035,103.6459
98425099999,MANILA- RP,1045,968,14.5833333,120.9833333
89657099999,LENINGRADSKAYA- AY,204,1275,-69.5,159.3833333
41744099999,KHUZDAR- PK,1178,533,27.8333333,66.6333333
72078700278,JOHN BELL WILLIAMS AIRPORT- MS US,1223,2157,32.304,269.589
30612099999,BALAGANSK- RS,1439,825,54.0,103.0666666
41196099999,SHARJAH INTERNATIONAL- AE,1153,444,25.328575,55.51715
62465599999,TABA INTERNATIONAL- EG,1195,278,29.6,34.767
93110099999,AUCKLAND AERO AWS- NZ,529,1398,-37.0,174.8
10805099999,LAHR- GM,1383,63,48.36925,7.827722
71927099999,NORTH COWICHAN- CA,1388,1890,48.8166666,236.2833334
48372099999,SUKHOTHAI- TH,1070,798,17.1,99.8
99736099999,BAYOU GAUCHE- LA US,1197,2157,29.77,269.58
07412099999,CHATEAUBERNARD- FR,1356,2877,45.658333,359.6825
78897000401,POINTE A PITRE INTERNATIONAL AIRPORT- GP,1062,2387,16.267,298.4
03796099999,LANGDON BAY- UK,1411,11,51.1333333,1.35
47417099999,OBIHIRO- JA,1329,1146,42.9166666,143.2166666
72214204114,CHALLIS AIRPORT- ID US,1345,1966,44.523,245.78388
86565099999,ROCHA- UY,555,2446,-34.4833333,305.7
11165099999,ZELTWEG- AU,1372,118,47.202751,14.744223
95767099999,LAKE MACQUARIE AWS- AS,569,1212,-33.0833333,151.4666666
07646099999,GARONS- FR,1337,35,43.757444,4.416347
29638099999,NOVOSIBIRSK OGOURTSOVO- RS,1448,664,54.9,82.95
74759013833,HATTIESBURG CHAIN MUNICIPAL AIRPORT- MS US,1212,2166,31.26951,270.74391
40981099999,WAZAKHAW- AF,1221,547,32.2,68.35
72074400271,PICKENS CO AIRPORT- SC US,1248,2218,34.817,277.3
42921099999,NASIK CITY- IN,1099,591,19.9666666,73.8166666
50603099999,XIN BARAG YOUQI- CH,1386,935,48.6833333,116.8166666
63789099999,ARUSHA- TZ,866,293,-3.367794,36.633333
47895099999,TOKUSHIMA- JA,1240,1077,34.0666666,134.5666666
42809099999,NETAJI SUBHASH CHANDRA BOSE INTERNATIONAL- IN,1126,708,22.654739,88.446722
01074099999,MEHAMN- NO,1610,223,71.0333333,27.8333333
71835099999,PICKLE LAKE AUT- CA,1414,2158,51.45,269.7833334
71765099999,LYTTON RCS- CA,1402,1907,50.2166666,238.4166667
58725099999,SHAOWU- CH,1173,940,27.3333333,117.4666667
12510099999,SNIEZKA- PL,1407,126,50.7333333,15.7333333
94866099999,MELBOURNE INTERNATIONAL- AS,523,1159,-37.673333,144.843333
98324099999,IBA LUZON ISLAND- RP,1053,960,15.3333333,119.9666667
56294099999,SHUANGLIU- CH,1205,832,30.578528,103.947086
02210099999,BLAHAMMAREN- SW,1531,97,63.1833333,12.1666666
94808099999,NOARLUNGA- AS,548,1108,-35.1666666,138.5
78479099999,PUNTA CANA INTERNATIONAL- DR,1085,2333,18.567367,291.636569
99726299999,9099018 MARQUETTE C.G. MI- US,1365,2181,46.55,272.62
02703099999,ESPOO SEPANKYLA- FI,1501,198,60.2,24.7333333
03769099999,CHARLWOOD- UK,1411,2878,51.1438889,359.7705556
61630099999,MATAM OURO SOGUI- SG,1056,2774,15.65,346.75
25123099999,CHERSKIJ- RS,1587,1290,68.75,161.2833333
35700099999,ATYRAU- KZ,1371,415,47.1166666,51.9166666
72656204943,MINNEAPOLIS AIRLAKE AIRPORT- MN US,1346,2134,44.62778,266.77194
06310099999,VLISSINGEN- NL,1414,29,51.45,3.6
03114099999,OBAN- UK,1464,2836,56.417,354.533
84117099999,ELOY ALFARO INTERNATIONAL- EC,890,2235,-0.95,279.3166667
36177099999,SEMIPALATINSK- KZ,1404,642,50.4166666,80.3
76399399999,GENERAL SERVANDO CANALES INTERNATIONAL- MX,1157,2100,25.769894,262.474689
04202499999,SISIMIUT- GL,1569,2450,66.95,306.2666667
72246953912,CORSICANA CAMPBELL FIELD- TX US,1220,2109,32.03155,263.60064
36982099999,TIAN SHAN- KG,1318,626,41.8833333,78.2333333
07266099999,BRANCHES- FR,1378,28,47.850193,3.497111
70086027401,BARTER ISLAND WEATHER SERVICE OFFICE AIRPORT- AK US,1601,1731,70.13389,216.42306
99999993816,EFFINGHAM CO MEMORIAL AIRPORT- IL US,1290,2172,39.07028,271.46667
47674199999,AMAKUSA- JA,1224,1041,32.482503,130.158869
99999903077,HOLBROOK 17 ESE- AZ US,1248,2001,34.8221,250.1073
72520094823,PITTSBURGH INTERNATIONAL AIRPORT- PA US,1304,2238,40.48459,279.78552
71545099999,RADWAY AGCM- CA,1439,1977,53.9833333,247.1333334
72031303052,PERRY LEFORS FIELD AIRPORT- TX US,1256,2072,35.61306,259.00361
80446399999,GENERAL MANUEL CARLOS PIAR- VE,982,2378,8.288528,297.239639
99999904223,DARRINGTON 21 NNE- WA US,1385,1908,48.5405,238.554
72505894793,BLOCK ISLAND STATE AIRPORT- RI US,1311,2307,41.16806,288.42222
71433099999,CARIBOU ISLAND AUT ONT- CA,1373,2193,47.3333333,274.1666667
02978099999,HELSINKI KAISANIEMI- FI,1501,200,60.1833333,24.95
71743099999,RIVIERE AUX FEUILLES- CA,1479,2296,57.92,287.02
76556099999,TEPIC- MX,1114,2041,21.419453,255.157419
72650894973,HAYWARD MUNICIPAL AIRPORT- WI US,1360,2148,46.03028,268.55737
40835199999,ABUMUSA ISLAND- IR,1158,440,25.867,55.033
31329099999,EKIMCAN- RS,1430,1063,53.0666667,132.9333333
95663099999,CUMMINS AERO- AS,557,1086,-34.25,135.7166666
02622099999,LJUNGBY- SW,1468,111,56.85,13.8833333
71823099999,LA GRANDE IV UA- CA,1437,2291,53.75,286.3166667
72669024057,RAWLINS AIRPORT- WY US,1318,2022,41.80644,252.80482
47435099999,MOMBETSU- JA,1343,1147,44.35,143.35
10038099999,HOHN- GM,1443,76,54.312167,9.538167
72234013865,MERIDIAN KEY FIELD- MS US,1223,2170,32.33483,271.24927
10306099999,RHEINE BENTLAGE- GM,1422,59,52.291167,7.387
15481099999,MIHAIL KOGALNICEANU- RO,1343,228,44.362222,28.488333
96737099999,SERANG- ID,838,849,-6.1166666,106.1333333
60015099999,TENERIFE NORTE- SP,1184,2749,28.482653,343.658464
95896099999,ALBURY AEROPORT- AS,539,1176,-36.0666666,146.95
71880099999,CRANBROOK A- CA,1396,1954,49.6166666,244.21666670000002
06391099999,ARCEN AWS- NL,1414,50,51.5,6.2
17240099999,ISPARTA- TU,1277,245,37.785369,30.581817
99999904994,GOODRIDGE 12 NNW- MN US,1383,2113,48.3055,264.1256
87178099999,POSADAS- AR,626,2432,-27.385839,304.029272
72711994605,CLAYTON LAKE RAMOS- ME US,1366,2324,46.61667,290.46667
11051099999,RANSHOFEN- AU,1382,104,48.2166666,13.0333333
63661099999,KITALE- KE,909,280,0.971989,34.958556
72551304901,AURORA MUNICIPAL AIRPORT- NE US,1308,2096,40.89306,262.00278000000003
74718703104,DESERT RESORTS REGIONAL AIRPORT- CA US,1236,1951,33.63166,243.83588
72310813776,LUMBERTON REGIONAL AIRPORT- NC US,1246,2248,34.60817,280.94100000000003
43128599999,HYDERABAD INTERNATIONAL AIRPORT- IN,1072,627,17.2333333,78.4166666
58569099999,SHIPU- CH,1191,976,29.2,121.95
08594499999,BOA VISTA RABIL- CV,1061,2697,16.136531,337.111103
47423099999,MURORAN YAKUMO- JA,1323,1128,42.3166667,140.9833333
02820099999,MUONIO LAUKUKERO- FI,1580,192,68.0666666,24.0333333
72445514938,KIRKSVILLE REGIONAL AIRPORT- MO US,1300,2140,40.09661,267.45304
40970099999,GARDIZ- AF,1236,554,33.6166666,69.2333333
16147099999,FORLI- IT,1341,97,44.194753,12.070094
78666099999,EL SALVADOR INTERNATIONAL- ES,1034,2168,13.440947,270.944272
96441099999,BINTULU- MY,931,904,3.12385,113.020472
48935099999,PLAINE DES JARRES XIENGKHOUANG- LA,1094,825,19.4666666,103.1333333
40588099999,FAILAKAH ISLAND- KU,1194,387,29.45,48.3333333
95974099999,FINGAL LEGGE STREET- AS,483,1184,-41.6333333,147.9666666
11173099999,FISHBACH- AU,1374,125,47.45,15.65
42498099999,BHAGALPUR- IN,1152,696,25.2333333,86.95
72519014771,SYRACUSE HANCOCK INTERNATIONAL AIRPORT- NY US,1331,2271,43.1111,283.89616
03590099999,WATTISHAM- UK,1421,8,52.127283,0.956264
72312003870,GRNVL SPART INTERNATIONAL AIRPORT- SC US,1249,2222,34.90614,277.78747
89648099999,MID POINT- AY,144,1167,-75.5333333,145.8666666
99999953159,CAMERON 25 SSE- AZ US,1255,1989,35.5037,248.65550000000002
97630099999,FAK FAK TOREA- ID,871,1058,-2.8833333,132.25
94765099999,SYDNEY BANKSTOWN- AS,560,1208,-33.924444,150.988333
72751504982,ORTONVILLE MUNICIPAL MARTINSON FIELD AIRPORT- MN US,1353,2109,45.30556,263.57583
31707099999,EKATERINO NIKOL SKOE- RS,1377,1048,47.7333333,130.9666666
95570099999,GRAFTON AIRPORT- AS,602,1224,-29.75,153.0333333
24738099999,SUNTAR- RS,1521,941,62.15,117.65
27113099999,CHEREPOVEC- RS,1492,304,59.2666666,38.0166666
71984099999,PAULATUK NWT- CA,1593,1887,69.35,235.93333339999998
94394099999,CATO ISLAND- AS,667,1244,-23.25,155.5333333
71803099999,GANDER INTERNATIONAL- CA,1389,2443,48.936944,305.431944
25705099999,SREDNIKAN- RS,1524,1219,62.45,152.3166666
41696099999,KALAT- PK,1190,533,29.0333333,66.5833333
72025400119,CHEHALIS CENTRALIA AIRPORT- WA US,1366,1896,46.683,237.017
62366199999,MARSA ALAM INTERNATIONAL- EG,1155,277,25.557111,34.582028
50527099999,HAILAR- CH,1392,958,49.25,119.7
72400703719,SUFFOLK MUNICIPAL AIRPORT- VA US,1266,2267,36.68222,283.39833
31873099999,DAL NERECHENSK- RS,1358,1070,45.8666666,133.7333333
71236099999,CROWSNEST ALTA- CA,1396,1964,49.6166666,245.5166667
94913099999,GELANTIPY- AS,527,1186,-37.2166666,148.2666666
89512099999,NOVOLAZAREVSKAJA- AY,192,95,-70.7666666,11.8333333
72392623136,CAMARILLO AIRPORT- CA US,1242,1927,34.21142,240.91237999999998
72223013894,MOBILE REGIONAL AIRPORT- AL US,1206,2174,30.68819,271.75401999999997
15280099999,VARFU OMU- RO,1354,204,45.45,25.45
33924099999,CHORNOMORS KE- UP,1355,262,45.5166666,32.7
16546099999,DECIMOMANNU- IT,1293,72,39.354222,8.972481
94139099999,WARRUWI- AS,783,1067,-11.65,133.3833333
72648094853,ESCANABA DELTA CO AIRPORT- MI US,1357,2183,45.73333,272.91667
76653499999,PLAYA DE ORO INTERNATIONAL- MX,1091,2044,19.144778,255.441369
76654099999,MANZANILLO COL.- MX,1090,2045,19.05,255.68333339999998
72019300117,LONNIE POOL FIELD WEAVERVILLE AIRPORT- CA US,1307,1897,40.747,237.078
71726099999,PARENT QUE- CA,1379,2283,47.9166666,285.38333339999997
72208994959,GALESBURG MUNICIPAL AIRPORT- IL US,1309,2157,40.93333,269.56667
91954099999,TUBUAI- FP,666,1684,-23.365353,210.475928
70306125521,IGIUGIG AIRPORT- AK US,1493,1633,59.32417,204.09833
72067599999,INDIAN SPRINGS RANGE 63- NV US,1265,1955,36.53,244.43
71871099999,LLOYDMINSTER- CA,1433,1999,53.309166,249.9275
91517099999,HONIARA- BP,805,1280,-9.4166666,159.9666666
02055099999,NAIMAKKA- SW,1586,172,68.6833333,21.5333333
03853099999,YEOVILTON- UK,1410,2859,51.009358,357.361181
99824299999,SAGINAW BAY LIGHT 1- MI US,1337,2210,43.8,276.2833334
60611099999,IN AMENAS- AG,1180,77,28.05155,9.642911
71851099999,SOUTHPORT- CA,1399,2094,49.903056,261.726111
76833099999,SALINA CRUZ OAX.- MX,1061,2119,16.1666666,264.8166667
72655594938,BRAINERD CROW WING CO AIRPORT- MN US,1364,2127,46.40206,265.87266
48924099999,LUANG NAMTHA M.SING- LA,1110,812,21.05,101.4666666
72746604918,MADISON LAC QUI PALRLE CO AIRPORT- MN US,1349,2112,44.98611,263.95667000000003
13242099999,BANJA LUKA- BK,1349,138,44.941444,17.297501
71299099999,KAPUSKASING CDA ON ONT- CA,1393,2221,49.4,277.5666667
17300099999,ANTALYA- TU,1268,246,36.898731,30.800461
47629099999,MITO- JA,1263,1124,36.3833333,140.4666666
02331099999,HUNGE- SW,1527,121,62.75,15.0833333
07020099999,LA HAGUE- FR,1397,2865,49.7166666,358.0666667
95704099999,GRIFFITH AIRPORT AWS- AS,557,1169,-34.25,146.0666666
17022099999,ZONGULDAK- TU,1314,254,41.45,31.8
70275546404,MCCARTHY AIRPORT- AK US,1514,1737,61.43722,217.09611
60115099999,ANGADS- MO,1247,2865,34.78715,358.076014
72223953861,FORT RUCKER LOWE ARMY HELIPORT- AL US,1213,2194,31.35583,274.24889
12150099999,LECHA WALESY- PL,1443,148,54.377569,18.466222
61641099999,LEOPOLD SEDAR SENGHOR INTERNATIONAL- SG,1047,2740,14.739708,342.509775
72311753871,ROCK HILL YORK CO AIRPORT- SC US,1249,2232,34.9836,278.94378
62414099999,ASWAN INTERNATIONAL- EG,1139,263,23.964356,32.819975
07145099999,TRAPPES- FR,1387,16,48.7666666,2.0
95967099999,CAPE BRUNY CAPE BRUNY- AS,465,1177,-43.4833333,147.15
72258813926,GREENVILLE MUNICIPAL AIRPORT MAJORS FIELD- TX US,1230,2111,33.06778,263.93471999999997
82353099999,ALTAMIRA- BR,867,2462,-3.253906,307.746022
07314099999,CHASSIRON- FR,1360,2869,46.05,358.5833334
56374099999,KANGDING- CH,1200,816,30.05,101.9666666
12105099999,KOSZALIN- PL,1441,129,54.2,16.15
94842099999,CAPE OTWAY LIGHTHOUSE- AS,511,1148,-38.85,143.5166666
12766099999,JOSVAFO- HU,1384,164,48.4833333,20.5333333
15550099999,SILISTRA- BU,1341,218,44.1166666,27.2666666
72687600387,GRANT CO REGIONAL AIRPORT OGILVIE FIELD- OR US,1343,1928,44.4,241.03300000000002
71202099999,ROSALIND AGCM- CA,1427,1981,52.7833333,247.56666669999998
99799599999,SOUTH SLOUGH RESERVE- OR US,1333,1885,43.35,235.68333339999998
11880099999,DUDINCE- LO,1381,151,48.1666666,18.8666666
06717099999,COL DU GRAND ST BERNARD- SZ,1358,57,45.8666666,7.1666666
72310993782,LAURINBURG MAXTON AIRPORT- NC US,1247,2245,34.79132,280.63169
71076099999,URANIUM CITY AUT- CA,1495,2012,59.5666666,251.5166667
72502754788,MERIDEN MARKHAM MUNICIPAL AIRPORT- CT US,1315,2297,41.50969,287.17217
72562024023,NORTH PLATTE REGIONAL AIRPORT- NE US,1311,2075,41.12199,259.33105
98538099999,ROXAS- RP,1015,982,11.597669,122.751669
43473099999,NUWARA ELIYA- CE,969,646,6.9666666,80.7666666
01383099999,EVENSTAD DIH- NO,1513,89,61.4,11.0802778
99725599999,9087044 CALUMET IL- US,1317,2180,41.73,272.46
30710099999,IRKUTSK- RS,1422,835,52.268028,104.388975
48315099999,THA WANG PHA- TH,1091,806,19.1166666,100.8
68183099999,THOHOYANDOU- SF,669,243,-23.0666666,30.3833333
02557099999,HORN- SW,1478,127,57.8833333,15.8666666
61902099999,ASCENSION AUX AF- SH,820,2765,-7.969597,345.606336
98327099999,CLARK INTERNATIONAL- RP,1051,964,15.185989,120.560325
88986099999,SOUTH THULE IS.- UK,305,2661,-59.45,332.6833334
82444099999,ITAITUBA- BR,857,2432,-4.242342,303.999331
71233099999,BRETON PLOTS ALTA- CA,1430,1965,53.0833333,245.56666669999998
99487099999,EGK EGMONT KEY FL- US,1175,2218,27.6,277.24
29111099999,SREDNY VASJUGAN- RS,1492,626,59.2166666,78.2333333
84377099999,CORONEL FRANCISCO SECADA VIGNETTA INTERNATIONAL- PE,862,2294,-3.784739,286.691194
54102099999,XILIN HOT- CH,1339,929,43.95,116.1166666
03305099999,CAPEL CURIG NUMBER 3- UK,1430,2849,53.1,356.0666667
47590099999,SENDAI- JA,1282,1127,38.2666666,140.9
71699099999,POINT LEPREAU CS- CA,1350,2348,45.0666666,293.55
48453099999,BANG NA AGROMET- TH,1036,805,13.6666666,100.6166666
47615099999,UTSUNOMIYA- JA,1265,1119,36.55,139.8666666
72524704805,CLEVELAND CUYAHOGA CO AIRPORT- OH US,1315,2228,41.56667,278.51667
72748604983,WASKISH MUNICIPAL AIRPORT- MN US,1381,2124,48.15389,265.48333
72781024243,YAKIMA AIRPORT- WA US,1365,1916,46.56398,239.46512
71820099999,KINGSTON CLIMATE- CA,1342,2267,44.2166666,283.4
14428099999,ZADAR PUNTAMIKA- HR,1341,122,44.1333333,15.2166666
95771099999,CESSNOCK AIRPORT- AS,572,1211,-32.7833333,151.3333333
48557699999,KRABI- TH,980,792,8.099117,98.986178
53646099999,YULIN- CH,1282,878,38.2666666,109.7833333
48838099999,MONG CAI- VM,1115,864,21.5166667,107.9666667
64706099999,MOUNDOU- CD,986,129,8.624406,16.071419
03136099999,PRESTWICK RNAS- UK,1455,2843,55.5166666,355.4166667
72593023233,SALINAS AIRPORT- CA US,1266,1907,36.66352,238.39072
64601099999,BOUAR- CT,959,125,5.9666667,15.6333333
02170099999,SAVAST- SW,1557,174,65.75,21.7666666
26882099999,ROSLAVL- RS,1439,263,53.9333333,32.8333333
47808099999,FUKUOKA- JA,1235,1044,33.585942,130.450686
62403099999,SOUTH OF VALLEY UNIVERSITY- EG,1161,262,26.2,32.75
78703099999,JUAN MANUEL GALVEZ INTERNATIONAL- HO,1063,2188,16.316814,273.477039
07330099999,SOUCHE- FR,1363,2877,46.311303,359.598497
71773099999,WHITEHORSE AUTO- CA,1507,1799,60.7166666,224.9166667
11149099999,OBERTAUERN- AU,1372,109,47.25,13.5666666
94729099999,BATHURST AIRPORT AWS- AS,565,1197,-33.4166666,149.65
72268623008,CLOVIS CANNON AFB- NM US,1243,2053,34.38333,256.68333
48916099999,THO CHU- VM,992,828,9.2833333,103.4666666
48561099999,TAKUA PA- TH,986,786,8.6833333,98.25
13383099999,KRUSEVAC- RI,1335,171,43.5666666,21.35
53564099999,HEQU- CH,1293,890,39.3666666,111.2166666
54725099999,HUIMIN- CH,1274,940,37.5,117.5333333
47020099999,KANGGYE- KN,1309,1013,40.9666666,126.6
72486023154,ELY AIRPORT- NV US,1292,1961,39.29537,245.15334000000001
54186099999,DUNHUA- CH,1333,1026,43.3666666,128.2
08001099999,LA CORUNA- SP,1333,2813,43.3666666,351.5833334
72363023047,AMARILLO AIRPORT- TX US,1252,2066,35.22027,258.28267
76805099999,ACAPULCO GRO- MX,1067,2082,16.75,260.25
42309099999,LILABARI- IN,1172,753,27.295494,94.09765
57378099999,ZHONGXIANG- CH,1211,901,31.1666666,112.6333333
03302099999,VALLEY- UK,1432,2844,53.248097,355.464661
30504099999,TULUN- RS,1445,805,54.6,100.6333333
95635099999,HOPETOWN NORTH- AS,560,961,-33.9333333,120.1333333
25062099999,MYS BILLINGSA- RS,1598,1406,69.8833333,175.7666666
52602099999,LENGHU- CH,1288,747,38.8333333,93.3833333
85247099999,SAN JOSE- BL,721,2394,-17.8333333,299.25
48108099999,DAWEI- BM,1040,786,14.1,98.2166666
26406099999,LIEPAJA INTERNATIONAL- LG,1465,169,56.5175,21.096944
71148099999,PILOT MOUND AUT- CA,1391,2089,49.1833333,261.1
72618354772,FRYEBURG EASTERN SLOPES REGL AIRPORT- ME US,1339,2312,43.98992,289.04994
07169099999,ROBINSON- FR,1386,39,48.636008,4.899417
01375599999,GULLFAX PLATFORM- NO,1510,16,61.0333333,2.0333333
68004099999,OTJIWARONGO- WA,695,133,-20.43,16.67
71738599999,WAWA AUT- CA,1379,2202,47.9666666,275.2166667
27037099999,VOLOGDA- RS,1492,319,59.2333333,39.8666667
71232099999,BOW VALLEY ALTA- CA,1410,1959,51.0833333,244.93333339999998
06156099999,HOLBAEK- DA,1457,93,55.7333333,11.6
07535099999,GOURDON- FR,1347,11,44.75,1.4
02173099999,ALVSBYN- SW,1556,169,65.6666666,21.0666666
99727299999,BERGEN POINT- NY US,1306,2287,40.639,285.854
98653099999,SURIGAO- RP,997,1004,9.7833333,125.4833333
71340099999,DAPP AGDM ALTA- CA,1443,1968,54.3166666,246.05
33000599999,IVANO FRANKIVSK- UP,1388,197,48.883,24.683
72745204912,CROOKSTON MUNICIPAL KIRKWOOD FIELD AIRPORT- MN US,1378,2107,47.84167,263.37861
23701099999,VESLJANA- RS,1529,407,62.9833333,50.9
42559099999,GUNA- IN,1146,619,24.65,77.3166666
95304099999,BARROW ISLAND AIRPORT- AS,691,923,-20.8833333,115.4
72241612971,NEW BRAUNFELS MUNICIPAL AIRPORT- TX US,1197,2096,29.70887,261.95415
07205099999,LANN BIHOUE- FR,1377,2852,47.760555,356.56
78486099999,SANTO DOMINGO- DR,1084,2321,18.4333333,290.1166667
72616354770,JAFFREY MUNICIPAL AIRPORT SILVER RANCH- NH US,1328,2304,42.80667,287.99874
70388800111,SHAKTOOLIK AIRPORT- AK US,1543,1590,64.37,198.776
72658694948,FAIRMONT MUNICIPAL AIRPORT- MN US,1336,2125,43.65,265.58333
85315099999,CAMIRI- BL,699,2371,-20.05,296.4333333
81002010502,GEORGETOWN- GY,964,2414,6.498553,301.745881
72228503896,GADSDEN MUNICIPAL AIRPORT- AL US,1239,2191,33.96667,273.91667
63682099999,JINJA- UG,904,265,0.45,33.1833333
94839099999,CHARLTON- AS,537,1147,-36.2833333,143.35
03862099999,BOURNEMOUTH- UK,1407,2865,50.78,358.1575
99818799999,LAKE MARION- SC US,1235,2236,33.55,279.5
16710099999,TRIPOLIS- GR,1275,179,37.530567,22.403633
72482893241,VACAVILLE NUT TREE AIRPORT ASOS- CA US,1283,1904,38.37753,238.04146
41114099999,KING KHALED AB- SA,1082,342,18.297286,42.803536
44314099999,MATAD- MG,1371,925,47.1666666,115.6333333
51811099999,SHACHE- CH,1284,618,38.4333333,77.2666666
62459099999,EL TOR- EG,1182,269,28.209028,33.645517
94893099999,WILSONS PROMONTORY LIGHTHOUSE- AS,508,1171,-39.1166666,146.4166666
60005099999,LA PALMA- SP,1186,2738,28.626478,342.244389
06242099999,VLIELAND ISLAND- NL,1432,39,53.25,4.9166667
40573099999,ABRAQUE MAZRAA- KU,1193,376,29.3666666,46.9666666
17127099999,AKINCI- TU,1300,261,40.078919,32.565625
10912099999,DONAUESCHINGEN VILLINGEN- GM,1379,68,47.973331,8.522223
72355693953,MUSKOGEE DAVIS FIELD- OK US,1256,2117,35.65765,264.63417
89108099999,HENRY- AY,9,2872,-89.0,358.9833334
60740399999,HABIB BOURGUIBA INTERNATIONAL- TS,1257,86,35.758056,10.754722
71300099999,KEMPTVILLE CS ONT- CA,1349,2275,45.0,284.3666667
71907499999,IVUJIVIK- CA,1524,2257,62.417333,282.074722
06377099999,ELL AWS- NL,1411,46,51.2,5.7666666
11015099999,FREISTADT- AU,1384,116,48.5,14.5
47642043313,YOKOTA AB- JA,1257,1115,35.75,139.35
72256199999,TSTC WACO- TX US,1216,2103,31.637831,262.925861
38579099999,DZIZAK- UZ,1301,543,40.1166667,67.8333333
83937099999,SANTA MARIA- BR,602,2450,-29.711358,306.311847
47424099999,TOMAKOMAI- JA,1326,1132,42.6166666,141.55
38196099999,ASHCHYSAI- KZ,1335,551,43.55,68.9
31285099999,UDSKOE- RS,1444,1075,54.5,134.4166666
02493099999,SODERARM- SW,1497,155,59.75,19.4166666
71091099999,LONGSTAFF BLUFF- CA,1588,2279,68.88,284.87
11519099999,PRAHA KARLOV KLEMENTINUM- EZ,1400,115,50.0666666,14.4333333
02787099999,ALAJARVI MOKSY- FI,1530,194,63.0833333,24.2666666
72231612958,NEW ORLEANS ALVIN CALLENDER FIELD- LA US,1198,2160,29.81667,269.98333
72607994601,ROCKLAND KNOX CO REGIONAL AIRPORT- ME US,1340,2327,44.06667,290.9
56492099999,YIBIN- CH,1187,837,28.8,104.6
02833099999,SEINAJOKI PELMAA- FI,1529,180,62.9333333,22.4833333
71386099999,AMQUI QUE- CA,1384,2341,48.4666666,292.5666667
94987099999,FRIENDLY BEACHES- AS,479,1186,-42.0,148.2833333
03571599999,CAMBRIDGE- UK,1422,1,52.205,0.175
72281953989,FORT RILEY MULTIPLE PURPOSE RANGE- KS US,1292,2105,39.29417,263.07361000000003
14452099999,LASTOVO- HR,1327,135,42.7666666,16.9
27857099999,ZAMETCHINO- RS,1434,341,53.4833333,42.6333333
67095099999,TOAMASINA- MA,718,395,-18.109517,49.392536
99401099999,SOUTHWEST PASS LA- US,1188,2165,28.9,270.57
40854099999,BAM- IR,1190,468,29.083925,58.450397
93994099999,RAOUL ISLAND AWS- NZ,607,1457,-29.25,182.0666667
71522099999,CHUTES DES PASSES QUE- CA,1398,2311,49.8333333,288.8333334
54311099999,WEICHANG- CH,1319,942,41.9333333,117.75
72268893034,HOBBS FAA- NM US,1226,2054,32.6933,256.7875
94122099999,CAPE FOURCROY- AS,782,1040,-11.7833333,130.0166666
11538099999,TEMELIN- EZ,1391,115,49.2,14.35
70178026529,TANANA AIRPORT- AK US,1551,1663,65.173,207.89324
95111099999,PORT KEATS AIRPORT- AS,757,1036,-14.25,129.5333333
94850099999,KING ISLAND AIRPORT- AS,501,1151,-39.8833333,143.8833333
76459399999,GENERAL RAFAEL BUELNA INTERNATIONAL- MX,1131,2030,23.161356,253.733928
71884099999,CASTLEGAR- CA,1392,1939,49.296389,242.3675
12135099999,HEL- PL,1445,151,54.6,18.8166666
99999940504,POHNPEI WEATHER SERVICE OFFICE- FM FM,969,1266,6.9667,158.2167
72666524062,WORLAND MUNICIPAL AIRPORT- WY US,1339,2016,43.96538,252.04984000000002
38806099999,BYRDALYK- TX,1284,515,38.4666666,64.3666666
47653099999,IRAKO- JA,1246,1097,34.6333333,137.1
99999953152,SANTA BARBARA 11 W- CA US,1244,1921,34.4141,240.12040000000002
48520099999,SAWI AGROMET- TH,1003,793,10.3333333,99.1
56571099999,XICHANG- CH,1178,818,27.9,102.2666667
99730799999,OREGON INLET MARINA- NC US,1257,2276,35.8,284.47
83095099999,SANTA MARIA- BR,790,2583,-10.984,322.929667
78795099999,RUBEN CANTU- PM,980,2232,8.085597,279.054747
99725999999,9099090 GRAND MARAIS MN- US,1377,2157,47.75,269.65999999999997
72060100193,AIKEN MUNICIPAL AIRPORT- SC US,1236,2227,33.65,278.317
71863099999,REGINA INTERNATIONAL- CA,1404,2043,50.4333333,255.33333340000001
99823399999,GULFPORT OUTER RANGE- MS US,1202,2168,30.2333333,271.0166667
72747504940,MORA MUNICIPAL AIRPORT- MN US,1358,2134,45.88583,266.72833
17084099999,CORUM- TU,1305,280,40.55,34.95
72656904933,HUTCHINSON MUNICIPAL BUTLER FIELD AIRPORT- MN US,1348,2125,44.85889,265.61833
12866099999,POROSZLO- HU,1376,165,47.65,20.6333333
87374099999,GENERAL URQUIZA- AR,582,2396,-31.794778,299.519639
03373599999,HUMBERSIDE- UK,1435,2877,53.574444,359.649167
08579099999,LISBOA GAGO COUTINHO- PO,1287,2807,38.7666666,350.8666667
03647099999,LITTLE RISSINGTON- UK,1418,2867,51.8666666,358.3166667
62463099999,HURGHADA INTERNATIONAL- EG,1171,270,27.178317,33.799436
76698099999,FELIPE CARRILLO PUERTO Q ROO- MX,1095,2176,19.5666667,271.95
72219653863,ATLANTA DEKALB PEACHTREE AIRPORT- GA US,1238,2206,33.87835,275.70198
03839099999,EXETER- UK,1407,2853,50.734444,356.586111
87765099999,SAN CARLOS DE BARILOCHE- AR,488,2311,-41.151172,288.84245799999997
94782099999,GOSFORD AWS- AS,565,1211,-33.4333333,151.3666666
72681024131,BOISE AIR TERMINAL- ID US,1335,1950,43.56705,243.75938
71484099999,BONILLA ISLAND AUT BC- CA,1434,1835,53.5,229.3666667
64700099999,NDJAMENA HASSAN DJAMOUS- CD,1021,120,12.133689,15.034019
72410613728,DANVILLE REGIONAL AIRPORT- VA US,1265,2245,36.57286,280.66504
72408013739,PHILADELPHIA INTERNATIONAL AIRPORT- PA US,1298,2278,39.87326,284.77319
01167099999,SORTLAND- NO,1586,123,68.7,15.4166666
71860099999,SPRINGBANK A- CA,1410,1965,51.1,245.6333334
94290099999,FLINDERS REEF- AS,722,1188,-17.7166666,148.45
99728399999,NEW LONDON- CT US,1313,2303,41.35,287.92
68471099999,VAN REENEN- SF,616,235,-28.3666666,29.3833333
99999927516,UTQIA VIK FORMERLY BARROW 4 ENE- AK US,1613,1627,71.3213,203.389
95754099999,MERRIWA ROSCOMMON- AS,578,1201,-32.1833333,150.1666666
12915099999,ZALAEGERSZEG ANDRASHIDA- HU,1368,134,46.8666666,16.8
47612099999,TAKADA- JA,1270,1106,37.1,138.25
26298099999,BOLOGOE- RS,1478,272,57.9,34.03
07475099999,BOUTHEON- FR,1355,34,45.540554,4.296389
15410099999,DROBETA TURNU SEVERIN- RO,1346,181,44.6333333,22.6333333
72065500235,CRYSTAL RIVER AIRPORT- FL US,1188,2219,28.867,277.433
72450953939,NEWTON CITY CO AIRPORT- KS US,1280,2102,38.06778,262.72528
56144099999,DEGE- CH,1217,789,31.7333333,98.5666666
74638099999,MELROSE GUNNERY RANGE- NM US,1242,2050,34.29542,256.21416999999997
03100099999,TIREE- UK,1464,2825,56.499167,353.130833
59792099999,DONGSHA DAO- CH,1106,934,20.6666666,116.7166666
72205512861,OCALA JIM TAYLOR FIELD- FL US,1191,2222,29.16667,277.76667
54094099999,MUDANJIANG- CH,1344,1037,44.5,129.6666666
94960099999,TUNNAK FIRE STATION- AS,475,1180,-42.45,147.4666666
16059099999,TORINO CASELLE- IT,1352,61,45.200761,7.649631
10513099999,KOLN BONN- GM,1408,57,50.865917,7.142744
99464099999,CEDAR KEY- FL US,1191,2216,29.14,276.97
72261603032,DRYDEN TERRELL CO AIRPORT- TX US,1200,2062,30.048172,257.78734
72643794940,SPARTA FORT MCCOY- WI US,1339,2154,43.96667,269.26667
99999994077,HARRISON 20 SSE- NE US,1324,2050,42.4247,256.2637
72232013970,BATON ROUGE METRO AIRPORT- LA US,1205,2151,30.53782,268.85319
04436099999,NEEM- GL,1675,2473,77.5022222,309.1255556
86185099999,SAN PEDRO- PA,659,2424,-24.0291,302.9772
72204012838,MELBOURNE INTERNATIONAL AIRPORT- FL US,1180,2235,28.09969,279.3644
06745099999,ULRICHEN- SZ,1364,67,46.5,8.3166666
72553394957,FALLS CITY BRENNER FIELD- NE US,1300,2115,40.07912,264.41071999999997
13586099999,SKOPJE- MK,1319,173,41.961622,21.621381
95565099999,HERVEY BAY AIRPORT- AS,646,1223,-25.3166666,152.8833333
99823499999,WEST PIER GULFPORT- MS US,1203,2167,30.35,270.9166667
83985099999,PELOTAS- BR,582,2461,-31.718353,307.672311
26214099999,VILSANDI- EN,1483,175,58.3833333,21.8166666
72639094849,ALPENA CO REGIONAL AIRPORT- MI US,1350,2211,45.0716,276.43549
71819099999,ST.ANTHONY- CA,1413,2431,51.4,303.9333334
11152099999,MATTSEE- AU,1379,105,47.9833333,13.1
57776099999,NANYUE- CH,1172,902,27.3,112.7
01476099999,JOMFRULAND FYR- NO,1488,76,58.85,9.55
40848099999,SHIRAZ SHAHID DASTGHAIB INTERNATIONAL- IR,1195,421,29.539333,52.589474
03891599999,ALDERNEY- UK,1397,2862,49.706111,357.785278
71244099999,MILK RIVER ALTA- CA,1391,1984,49.1333333,247.95
58646099999,LISHUI- CH,1184,959,28.45,119.9166666
94376099999,THANGOOL AIRPORT- AS,655,1205,-24.4833333,150.5666666
71165099999,REA LAKES- CA,1541,1941,64.1166666,242.6666667
53352099999,BAILING MIAO- CH,1316,883,41.7,110.4333333
78092099999,GEORGE TOWN- BF,1134,2274,23.466667,284.21833
48382099999,KOSUMPHISAI- TH,1062,825,16.25,103.0666666
72769024137,CUT BANK AIRPORT- MT US,1386,1981,48.60355,247.62337
72227553843,ANDALUSIA OPP AIRPORT- AL US,1213,2189,31.30614,273.60982
99401999999,MONTEREY- CA US,1266,1905,36.605,238.112
70063727406,DEADHORSE- AK US,1601,1692,70.19146,211.51995
76612799999,TAJIN- MX,1106,2100,20.602671,262.539161
72206263842,DOUGLAS MUNICIPAL AIRPORT- GA US,1214,2217,31.47667,277.13944
54836099999,YIYUAN- CH,1261,945,36.1833333,118.15
04176099999,KARAHNJUKAR- IC,1549,2754,64.9333333,344.2166667
85832799999,DE LA INDEPENDENCIA- CI,558,2314,-34.1666666,289.2166667
11105099999,FELDKIRCH- AU,1372,77,47.2666666,9.6166666
71450099999,ELBOW CS SASK- CA,1411,2027,51.1333333,253.4166667
72030653879,LEES SUMMIT MUNICIPAL AIRPORT- MO US,1289,2125,38.95765,265.62883
13269099999,VALJEVO- RI,1343,159,44.3166666,19.9166666
72227653820,EVERGREEN MIDDLETON FIELD- AL US,1214,2184,31.41912,272.95156
12375099999,OKECIE- PL,1421,168,52.16575,20.967122
91596099999,ILE DES PINS- NC,674,1340,-22.588856,167.455969
95805099999,CAPE BORDA AWS- AS,542,1093,-35.75,136.6
81405099999,ROCHAMBEAU- FG,948,2461,4.819808,307.639553
08075099999,BURGOS- SP,1323,2851,42.357628,356.379236
99798299999,PORT INLAND- MI US,1359,2193,45.9666666,274.13333339999997
03746099999,BOSCOMBE DOWN- UK,1411,2866,51.152189,358.252586
16642099999,IOANNINA AIRPORT- GR,1296,167,39.7,20.8166666
74490494723,LAWRENCE MUNICIPAL AIRPORT- MA US,1327,2311,42.71249,288.87442
70133899999,CHEVAK AIRPORT- AK US,1515,1555,61.5333333,194.4166667
71623099999,LONDON- CA,1330,2231,43.035556,278.846111
99999954932,SANDSTONE 6 W- MN US,1361,2136,46.1135,267.0064
72402603716,MELFA ACCOMACK CO AIRPORT- VA US,1276,2274,37.64667,284.23917
35121099999,ORENBURG- RS,1417,444,51.795786,55.456744
99801099999,SAPELO ISLAND RESERVE- GA US,1214,2230,31.4166666,278.7166667
87349099999,PILAR OBSERVATORIO- AR,583,2369,-31.6666667,296.1166667
72533014827,FORT WAYNE INTERNATIONAL AIRPORT- IN US,1309,2198,40.97248,274.79364
94595399999,CURTIN- AS,724,991,-17.581389,123.828333
72607714616,BAR HARBOR AIRPORT- ME US,1344,2333,44.45,291.63333
71037799999,GILLAM- CA,1463,2122,56.37,265.3
99999953927,STILLWATER 5 WNW- OK US,1261,2103,36.1346,262.8918
95638099999,ESPERANCE AERO- AS,563,975,-33.6833333,121.8333333
47747099999,TOYOOKA- JA,1255,1079,35.5333333,134.8166666
71315099999,CHARLO AUTO NB- CA,1379,2349,47.9833333,293.6666667
02440099999,AMOT- SW,1509,131,60.9666666,16.4333333
72585093228,HAYWARD AIR TERMINAL- CA US,1276,1903,37.65886,237.87884
99999994074,NUNN 7 NNE- CO US,1308,2042,40.8066,255.2448
26348099999,GULBENE- LG,1471,214,57.1333333,26.7166666
60468099999,BATNA- AG,1257,50,35.7521056,6.3085889
01494099999,RYGGE- NO,1493,86,59.378889,10.785556
93546099999,NELSON AERODROME AWS- NZ,487,1386,-41.3,173.2
12786099999,ZAHONY- HU,1383,177,48.4,22.1666666
64605099999,BOSSEMBELE- CT,952,141,5.2666666,17.6333333
02464099999,BROMMA- SW,1493,144,59.354372,17.94165
02651099999,KRISTIANSTAD- SW,1459,113,55.921686,14.085536
40782299999,NOSHAHR- IR,1266,412,36.65,51.467
72215899999,ANNAPOLIS UNITED STATES NAVAL ACADEMY- MD US,1289,2268,38.99,283.52
87448099999,VILLA REYNOLDS- AR,562,2357,-33.729942,294.612581
16539099999,CAPE FRASCA- IT,1297,68,39.75,8.4666667
59501099999,SHANWEI- CH,1127,923,22.7833333,115.3666666
74394654754,NASHUA BOIRE FIELD- NH US,1327,2308,42.78333,288.48333
02863099999,KEMI I LIGHTHOUSE- FI,1553,193,65.3833333,24.1
71060099999,NORDEGG CS ALTA- CA,1424,1951,52.4666666,243.93333339999998
91369199999,MAJURO ATOLL WEATHER CENTER- RM,970,1369,7.0833333,171.1333333
95670099999,RAYVILLE PARK- AS,562,1106,-33.7833333,138.2166666
08306099999,PALMA DE MALLORCA- SP,1295,22,39.55,2.7333333
48557599999,NAKHON SI THAMMARAT- TH,985,800,8.539617,99.944725
68343099999,BLOEMHOF- SF,623,205,-27.65,25.6166666
27393099999,NOLINSK- RS,1475,400,57.55,49.95
08025099999,BILBAO- SP,1333,2857,43.301097,357.089392
58754099999,FUDING- CH,1173,962,27.3333333,120.2
72507364708,PROVINCETOWN MUNICIPAL AIRPORT- MA US,1320,2318,42.07194,289.77889
72308313763,FRANKLIN MUNICIPAL JOHN BEVERLY ROSE AIRPORT- VA US,1266,2265,36.69806,283.09694
13624099999,QYTETI STALIN- AL,1307,159,40.8,19.9
72797094240,QUILLAYUTE AIRPORT- WA US,1379,1884,47.93695,235.44243
04351099999,APUTITEEQ- GL,1577,2622,67.7833333,327.7166667
72615554736,LACONIA- NH US,1335,2309,43.56667,288.56667
47715099999,HYAKURI- JA,1261,1123,36.181083,140.415444
36307099999,ERZIN- RS,1402,761,50.25,95.1666666
71013099999,CRAIGMYLE AGCM- CA,1417,1982,51.7666666,247.75
86530099999,SANTA BERNARDINA INTERNATIONAL- UY,566,2428,-33.358867,303.500828
71425099999,CAP MADELEINE QUE- CA,1392,2357,49.25,294.6833334
96413099999,KUCHING INTERNATIONAL- MY,914,883,1.484697,110.346933
13578099999,OHRID- MK,1311,166,41.179956,20.742325
65100099999,IBADAN- NI,973,32,7.362458,3.978333
72613014755,MOUNT WASHINGTON- NH US,1342,2310,44.27018,288.69664
71746099999,SARNIA CLIMATE- CA,1329,2222,43.0,277.7
60764099999,KEBILI- TS,1236,72,33.7,8.9666666
72258793955,PARIS- TX US,1236,2116,33.63333,264.55
67197099999,TOLAGNARO- MA,649,376,-25.038056,46.956111
72038799999,HOBBS- NM US,1227,2054,32.7666666,256.7833334
72435463815,SOMERSET PULASKI CO JT WILSON AIRPORT- KY US,1270,2203,37.05417,275.38527999999997
71903099999,LANGARA ISLAND CS BC- CA,1442,1816,54.25,226.95
72319453872,MONROE AIRPORT- NC US,1250,2235,35.01467,279.37586
72016063884,PINEVILLE KEE FIELD AIRPORT- WV US,1276,2228,37.60056,278.44083
33711099999,KIROVOHRAD- UP,1385,258,48.5166666,32.2
07678099999,TOULON ILE DU LEVAN- FR,1330,52,43.0333333,6.4666667
13363099999,PLEVLJA- MJ,1333,155,43.35,19.35
02176099999,PITE RONNSKAR- SW,1550,173,65.0333333,21.5666666
34798099999,GANJUSHKINO- KZ,1365,394,46.6,49.2666666
30978099999,KAJLASTUJ- RS,1398,947,49.8333333,118.3833333
57662099999,CHANGDE- CH,1190,893,29.05,111.6833333
47933042215,FUTENMA- JA,1162,1022,26.26667,127.75
59096099999,LIANPING- CH,1143,916,24.3666666,114.4833333
68618099999,CALVINIA- SF,584,158,-31.500278,19.725897
86440099999,CERRO LARGO- UY,576,2446,-32.337883,305.783322
94638099999,ESPERANCE- AS,561,975,-33.8333333,121.8925
61442099999,NOUAKCHOTT- MR,1080,2752,18.097856,344.052044
02773099999,TURKU ARTUKAINEN- FI,1504,177,60.45,22.1833333
71257099999,MORRIN AGDM ALTA- CA,1416,1979,51.65,247.33333340000001
57290099999,ZHUMADIAN- CH,1229,911,32.9333333,113.9166666
68474099999,ROYAL NATAL NAT. PARK- SF,613,232,-28.6833333,28.95
28076099999,DEM JANSKOE- RS,1495,554,59.6,69.2833333
72061400205,LINCOLN REGIONAL AIRPORT KARL HARDER FIELD- CA US,1289,1909,38.909,238.649
06267099999,STAVOREN AWS- NL,1428,43,52.9,5.3833333
48581099999,YALA AGROMET- TH,965,810,6.5166666,101.2833333
44212099999,ULAANGOM- MG,1397,737,49.8,92.0833333
72547904937,CLARINDA SCHENCK FIELD AIRPORT- IA US,1307,2120,40.72167,264.97361
29122099999,KARGASOK- RS,1490,647,59.05,80.8333333
94120099999,DARWIN INTERNATIONAL- AS,775,1047,-12.414722,130.876667
10729099999,MANNHEIM CITY- GM,1394,68,49.472706,8.514264
71104099999,WILLIAMS LAKE- CA,1421,1904,52.183056,237.945833
99999953877,ASHEVILLE 8 SSW- NC US,1254,2219,35.4945,277.3858
55696099999,LHUNZE- CH,1184,740,28.4166666,92.4666666
11643099999,PEC POD SNEZKOU- EZ,1406,126,50.7,15.7333333
33000399999,LOZUVATKA INTERNATIONAL- UP,1380,266,48.043333,33.21
71353099999,PRENTISS ALBERTA ALTA- CA,1424,1971,52.4333333,246.4
97380099999,SABU TARDAMU- ID,794,975,-10.5,121.8333333
26063099999,PULKOVO- RS,1498,242,59.800292,30.262503
41594099999,SARGODHA- PK,1220,581,32.05,72.6666666
89061089061,PALMER STATION- AY,252,2367,-64.766667,295.916667
41739099999,PANJGUR- PK,1169,513,26.954547,64.132517
72334013893,MEMPHIS INTERNATIONAL AIRPORT- TN US,1250,2160,35.05639,270.0136
03715099999,CARDIFF- UK,1413,2853,51.396667,356.656667
56671099999,HUILI- CH,1166,818,26.65,102.25
33038099999,VASILEVICHI- BO,1422,239,52.25,29.8333333
07190099999,ENTZHEIM- FR,1385,61,48.538319,7.628233
01326099999,MODALEN III- NO,1508,48,60.85,5.9833333
14236099999,ZAGREB GRIC- HR,1357,128,45.8,15.9666666
94863099999,SHEOAKS AWS- AS,521,1153,-37.9,144.1166666
72528014733,BUFFALO NIAGARA INTERNATIONAL- NY US,1329,2250,42.93998,281.26394
72309793743,SWANSBORO BOGUE FIELD MCAF- NC US,1246,2264,34.68333,282.96667
72201512850,KEY WEST NAS- FL US,1145,2227,24.58333,278.31667
99456099999,FOWEY ROCKS FL- US,1155,2239,25.59,279.9
72257003933,FORT HOOD- TX US,1211,2098,31.13333,262.28333
99843399999,SACRIFICE ISLAND- MX,1091,2111,19.174,263.907
24817099999,ERBOGACEN- RS,1512,864,61.2666666,108.0166666
15730099999,KURDJALI- BU,1316,203,41.65,25.3833333
06730099999,JUNGFRAUJOCH- SZ,1365,64,46.55,7.9833333
94703099999,BOURKE AIRPORT AWS- AS,599,1168,-30.0333333,145.95
74736093042,DALHART FAA AIRPORT- TX US,1260,2060,36.02516,257.45125
93498099999,CASTLEPOINT- NZ,491,1410,-40.9,176.2
08419099999,GRANADA- SP,1271,2850,37.188731,356.222644
72278803186,PHOENIX GOODYEAR AIRPORT- AZ US,1234,1981,33.41667,247.61667
72525014852,YOUNGSTOWN WARREN REGIONAL AIRPORT- OH US,1312,2235,41.25478,279.32639
71249099999,THREE HILLS- CA,1417,1974,51.7675,246.794445
08509099999,LAJES- PO,1287,2663,38.761842,332.909203
76253099999,CIUDAD OBREGON INTERNATIONAL- MX,1173,2001,27.392639,250.166889
76471099999,SOMBRERETE ZAC.- MX,1136,2051,23.6333333,256.35
72355013945,FORT SILL POST FIELD AF- OK US,1246,2093,34.65,261.6
91568099999,ANEITYUM- NH,697,1358,-20.2333333,169.7666666
27785099999,ULYANOVSK- RS,1442,386,54.275556,48.243056
71338099999,QIKIQTARJUAQ A NU- CA,1575,2368,67.5333333,295.9833334
02256099999,RISTRASK- SW,1547,139,64.7333333,17.4
59417099999,LONGZHOU- CH,1123,854,22.3666666,106.75
52495099999,BAYAN MOD- CH,1307,836,40.75,104.5
71458099999,VEGREVILLE ALTA- CA,1435,1983,53.5166666,247.9
85586099999,SANTO DOMINGO- CI,563,2307,-33.65,288.38333339999997
44317099999,ERDENETSAGAAN- MG,1358,923,45.9,115.3666666
71572099999,KELSEY DAM CS MAN- CA,1460,2108,56.0333333,263.5
72210812894,FORT MYERS SW FLORIDA REGIONAL AIRPORT- FL US,1165,2226,26.53805,278.24326
88889099999,MOUNT PLEASANT- FK,381,2412,-51.822777,301.552778
72319093846,ANDERSON REGIONAL AIRPORT- SC US,1244,2218,34.498,277.29076
02450099999,EGGEGRUND- SW,1507,141,60.7333333,17.5666666
10335099999,BUCKEBURG- GM,1422,73,52.2785,9.082167
71630099999,MUSKOKA- CA,1349,2246,44.974722,280.696667
72226513821,MAXWELL AFB- AL US,1223,2189,32.38333,273.65
70361025339,YAKUTAT AIRPORT- AK US,1495,1763,59.51211,220.32897
71896499999,WASKAGANISH AIRPORT- CA,1414,2250,51.4833333,281.25
72662604864,ANTIGO LANGLADE CO AIRPORT- WI US,1351,2167,45.15417,270.88944
45039099999,SHA TIN- CH,1123,914,22.4,114.2
71327099999,HALIFAX WINDSOR PARK- CA,1346,2371,44.65,296.38333339999997
72690424231,ROSEBURG REGIONAL AIRPORT- OR US,1332,1893,43.23367,236.64225
16665099999,NEA ANCHIALOS- GR,1292,182,39.219619,22.794339
94595199999,AMBERLEY- AS,623,1222,-27.640556,152.711944
07558099999,MILLAU- FR,1341,24,44.1166666,3.0166666
A0003103725,PETERSBURG GRANT CO AIRPORT- WV US,1289,2247,38.99417,280.85582999999997
02507099999,HUD- SW,1486,91,58.6666666,11.4166666
27962199999,VOSTOCHNY- RS,1444,390,54.401017,48.802656
25551099999,MARKOVO- RS,1546,1363,64.6833333,170.4166666
40970399999,CHEROKEE- AF,1236,551,33.65,68.9
10947099999,ALLGAU- GM,1379,82,47.988758,10.2395
02382099999,LUNGO- SW,1526,145,62.65,18.1
72014104868,LACON MARSHALL CO AIRPORT- IL US,1310,2165,41.01917,270.61361
06783099999,S BERNARDINO- SZ,1364,73,46.4666666,9.1833333
02429099999,DAGLOSEN- SW,1496,113,59.6666666,14.1833333
16232099999,TERMOLI- IT,1319,120,42.0,15.0
94287099999,CAIRNS INTERNATIONAL- AS,731,1166,-16.885833,145.755278
60025099999,TENERIFE SUR- SP,1180,2747,28.044475,343.427511
06651099999,SCHUEPFHEIM- SZ,1369,64,46.95,8.0166666
47602099999,AIKAWA- JA,1280,1106,38.0333333,138.2333333
02536099999,RANGEDALA- SW,1477,105,57.7833333,13.1666666
54096099999,SUIFENHE- CH,1343,1049,44.3833333,131.15
04253099999,UKIIVIK FREDERIKSHAAB ISBLINK- GL,1525,2477,62.5666666,309.5833334
68018099999,RUNDU- WA,720,158,-17.956461,19.719439
72466693067,DENVER CENTENNIAL AIRPORT- CO US,1295,2041,39.5599,255.15157
78543011640,CYRIL E. KING AIRPORT- VI US,1083,2360,18.33626,295.02006
28696099999,KALACINSK- RS,1450,597,55.0333333,74.5833333
04073099999,GRIMSSTADIR- IC,1556,2751,65.6333333,343.8833334
60419099999,MOHAMED BOUDIAF INTERNATIONAL- AG,1262,53,36.276028,6.620386
72549094933,FORT DODGE OZARK AIRLINES- IA US,1325,2127,42.55,265.81667
71452099999,WEYBURN SASK- CA,1396,2050,49.7,256.2
61045099999,GOURE- NG,1039,82,13.9833333,10.3
11509099999,DOKSANY- EZ,1404,113,50.4666666,14.1666666
58911099999,CHANGTING- CH,1158,931,25.85,116.3666666
02535099999,SKOVDE- SW,1484,112,58.4564,13.972672
99779899999,SOUTH DOUGLAS- AK US,1482,1805,58.2666666,225.5666667
72641754911,MEDFORD TAYLOR CO AIRPORT- WI US,1351,2158,45.10083,269.69667
14284099999,OSIJEK- HR,1354,150,45.462667,18.810156
93831099999,QUEENSTOWN AERODROME- NZ,449,1350,-45.0166666,168.7333333
13598099999,BEROVO- MK,1317,183,41.7166666,22.85
99475099999,NEW LONDON LEDGE LEDGE LIGHT WEATHER S- CT US,1313,2303,41.31,287.92
71511099999,WATROUS EAST SASK- CA,1416,2037,51.6666666,254.6
02913099999,KAUHAVA- FI,1531,184,63.127078,23.051442
02791099999,JUUKA NIEMELA- FI,1532,234,63.2333333,29.2333333
58813099999,GUANGCHANG- CH,1168,931,26.85,116.3333333
02230099999,GUBBHOGEN- SW,1542,124,64.2166666,15.55
72028803711,HENDERSON OXFORD AIRPORT- NC US,1263,2252,36.36139,281.47111
72503014732,LAGUARDIA AIRPORT- NY US,1307,2289,40.77945,286.11973
72026853882,BAINBRIDGE DECATUR CO INDUSTRIAL AIR PARK AIRPORT- GA US,1209,2203,30.98333,275.36667
47113199999,INCHEON INTERNATIONAL- KS,1274,1012,37.469075,126.450517
71923099999,ENNADAI LAKE AUT NU- CA,1511,2073,61.1166666,259.1166667
72223100357,HAMILTON MUNICIPAL AIRPORT- TX US,1216,2095,31.666,261.851
99825999999,SKAGWAY- AK US,1494,1797,59.45,224.682
57306099999,LANGZHONG- CH,1215,848,31.5833333,105.9666666
71907799999,PUVIRNITUQ- CA,1500,2262,60.050556,282.713056
91182022521,HONOLULU INTERNATIONAL AIRPORT- HI US,1113,1616,21.32402,202.06054
71121099999,EDMONTON NAMAO MIL- CA,1436,1972,53.6666667,246.53333329999998
23274099999,IGARKA- RS,1574,693,67.4666666,86.5666666
07260099999,FOURCHAMBAULT- FR,1370,25,47.002625,3.113333
37395099999,KUTAISI- GG,1322,341,42.2666666,42.6333333
72341813977,TEXARKANA WEBB FIELD- AR US,1234,2128,33.45606,266.01223
13116099999,RIJEKA- HR,1352,117,45.216889,14.570267
99999994060,WOLF POINT 29 ENE- MT US,1383,2039,48.3082,254.8982
29379099999,TASEEVO- RS,1471,756,57.2,94.55
72508654734,DANBURY MUNICIPAL AIRPORT- CT US,1313,2292,41.37215,286.51663
72203012844,WEST PALM BEACH INTERNATIONAL AIRPORT- FL US,1166,2239,26.6851,279.90082
76286399999,QUETZALCOATL INTERNATIONAL- MX,1174,2083,27.443918,260.42954
71464099999,LONG POINT AUT- CA,1325,2240,42.55,279.95
40913099999,KUNDUZ- AF,1266,551,36.6666666,68.9166666
72412503859,BLUEFIELD MERCER CO AIRPORT- WV US,1272,2230,37.2978,278.79642
71598099999,BAS CARAQUET NB- CA,1377,2361,47.8,295.1666667
01193099999,NARVIK III FRAMNES- NO,1584,140,68.4666667,17.5
01448099999,OKSOY FYR- NO,1480,64,58.0666666,8.05
76658099999,COLIMA- MX,1092,2051,19.277011,256.422603
72380523179,NEEDLES AIRPORT- CA US,1247,1963,34.76783,245.38157999999999
01199099999,SIHCCAJAVRI- NO,1587,188,68.75,23.5333333
72219863819,BOONE WATAUGA CO HOSPITAL HELIPORT- NC US,1261,2227,36.2,278.35
72619094626,GREENVILLE MUNICIPAL AIRPORT- ME US,1354,2324,45.4631,290.44474
72343553921,MOUNT IDA- AR US,1245,2131,34.5467,266.422
94363099999,EMERALD AIRPORT- AS,664,1185,-23.5666666,148.1833333
71536099999,RAYMOND AGDM ALTA- CA,1394,1979,49.4833333,247.31666669999998
33177099999,VOLODYMYR VOLYNS KYI- UP,1408,195,50.8333333,24.3166666
94970099999,HOBART ELLERSLIE ROAD- AS,471,1179,-42.8833333,147.3333333
72657494985,MARSHFIELD MUNICIPAL AIRPORT- WI US,1346,2158,44.6379,269.81245
72041254943,PERRY MUNICIPAL AIRPORT- IA US,1318,2127,41.828,265.84017
68029099999,KASANE- BC,721,201,-17.832875,25.1624
72383023187,SANDBERG- CA US,1247,1930,34.74361,241.27472
72637914845,SAGINAW MBS INTERNATIONAL AIRPORT- MI US,1335,2207,43.52808,275.91867
71301099999,KIRKLAND LAKE CS ONT- CA,1381,2240,48.15,280.0
70231526536,TATLINA AIRPORT- AK US,1528,1632,62.89417,204.02361
53923099999,XIFENGZHEN- CH,1257,861,35.7333333,107.6333333
72662024090,RAPID CITY REGIONAL AIRPORT- SD US,1340,2056,44.04582,256.94558
94238099999,TENNANT CREEK AIRPORT- AS,703,1073,-19.6333333,134.1833333
51573099999,TURPAN- CH,1329,714,42.95,89.2297222
06151099999,OMOE- DA,1451,89,55.1666666,11.1333333
72515004725,BINGHAMTON GREATER AP- NY US,1322,2272,42.20678,284.02007000000003
12812099999,SZOMBATHELY AIRPORT VAS- HU,1372,133,47.283333,16.6333333
71466099999,SOUTHEAST SHOAL AUT ONT- CA,1318,2220,41.8333333,277.5333334
21432099999,OSTROV KOTEL NYJ- RS,1659,1103,76.0,137.8666666
47930099999,NAHA- JA,1161,1021,26.195814,127.645869
28225099999,BOLSHOYE SAVINO- RS,1479,448,57.914517,56.021214
68040099999,LETLHAKANE- BC,685,205,-21.4166667,25.6
72308013737,NORFOLK INTERNATIONAL AIRPORT- VA US,1269,2270,36.90371,283.80734
43063099999,PUNE- IN,1085,591,18.5333333,73.85
71371099999,MONTREAL ST HUBERT- CA,1355,2293,45.5166666,286.5833334
41184099999,RAS AL KHAIMAH INTERNATIONAL- AE,1156,448,25.613483,55.938817
12982099999,SZEGED AUT- HU,1362,161,46.25,20.1
72219013874,ATLANTA HARTSFIELD JACKSON INTERNATIONAL AIRPORT- GA US,1236,2204,33.62972,275.55776000000003
89734099999,DOME FUJI- AY,126,318,-77.3166666,39.7
95307099999,KARRATHA AERO- AS,692,934,-20.7166666,116.7666666
60395099999,TIZI OUZOU- AG,1266,33,36.7,4.1333333
71007099999,BARONS AGCM- CA,1400,1974,50.0166666,246.7833334
68717099999,PORTERVILLE- SF,569,152,-33.0127778,18.9772222
70340626546,PORT ALSWORTH- AK US,1502,1645,60.2036,205.6837
A0002163884,PINEVILLE KEE FIELD AIRPORT- WV US,1276,2228,37.60056,278.44083
94128099999,DOUGLAS RIVER- AS,761,1049,-13.8333333,131.1833333
94276099999,PALMERVILLE- AS,739,1153,-16.0,144.0666666
02293099999,SKELLEFTEA- SW,1546,169,64.624772,21.076892
85921099999,TENIENTE JULIO GALLARDO- CI,383,2300,-51.671475,287.47165
72549994991,LAMONI MUNICIPAL AIRPORT- IA US,1306,2129,40.63064,266.09955
96179099999,DABO- ID,895,837,-0.479189,104.579283
31683099999,TUMNIN- RS,1396,1121,49.65,140.0833333
40656099999,KERBELA- IZ,1225,352,32.5666666,44.05
43189099999,KAKINADA- IN,1069,658,16.95,82.2333333
98430099999,SCIENCE GARDEN- RP,1046,968,14.65,121.05
70222026501,GALENA AIRPORT- AK US,1547,1625,64.73667,203.06556
72272193063,SILVER CITY GRANT CO AIRPORT- NM US,1226,2015,32.63333,251.83333
15605099999,DRAGOMAN- BU,1329,183,42.9333333,22.9333333
63971099999,MTWARA- TZ,796,321,-10.339058,40.181781
72091800307,MAIN PASS 140B- LA US,1192,2169,29.296,271.158
99801499999,WAQUIOT BAY RESERVE- MA US,1315,2316,41.5833333,289.4833334
02832099999,TOHMAJARVI KEMIE- FI,1522,243,62.2333333,30.35
97192099999,BAU BAU BETO AMBIRI- ID,845,981,-5.4666667,122.6166667
72278303185,MESA FALCON FIELD- AZ US,1234,1986,33.46588,248.27879000000001
80415099999,SIMON BOLIVAR INTERNATIONAL- VE,1006,2344,10.603117,293.009417
72547604916,DECORAH MUNICIPAL AIRPORT- IA US,1332,2146,43.27528,268.26083
72650904898,JUNEAU DODGE CO AIRPORT- WI US,1334,2170,43.42639,271.29694
07560099999,MONT AIGOUAL- FR,1341,29,44.1166666,3.5833333
72537614853,DETROIT WILLOW RUN AIRPORT- MI US,1322,2212,42.23666,276.47362
80342099999,ANTONIO NARINO- CO,913,2262,1.392844,282.709178
72509014739,BOSTON LOGAN INTERNATIONAL AIRPORT- MA US,1323,2312,42.36057,288.99025
72341993992,EL DORADO GOODWIN FIELD- AR US,1232,2137,33.22072,267.18596
16084099999,PIACENZA- IT,1349,78,44.913055,9.723333
01044099999,HASVIK- NO,1604,177,70.486675,22.139744
94573099999,CASINO AIRPORT AWS- AS,611,1224,-28.8833333,153.05
72504514758,NEW HAVEN TWEED AIRPORT- CT US,1312,2297,41.259,287.11089
72311553854,ORANGEBURG MUNICIPAL AIRPORT- SC US,1234,2233,33.463771,279.146542
76903099999,TAPACHULA CHIS- MX,1049,2142,14.9166667,267.75
38413099999,TAMDY BULAK- UZ,1317,517,41.7333333,64.6166667
07149099999,ORLY- FR,1387,19,48.725278,2.359444
72514454723,MUIR ARMY AIR FIELD- PA US,1304,2267,40.43333,283.43333
48458099999,CHACHOENGSAO AGROMET- TH,1035,812,13.5672222,101.4544444
72353513909,ENID VANCE AFB- OK US,1263,2097,36.33333,262.08333
61967070701,DIEGO GARCIA NAF- IO,826,579,-7.3,72.4
47817099999,NAGASAKI- JA,1227,1039,32.7333333,129.8666666
71320099999,HALL BEACH CLIMATE NU- CA,1587,2230,68.7666666,278.7666667
72027763843,SHELBY MUNICIPAL AIRPORT- NC US,1252,2227,35.25556,278.39889
08021099999,SANTANDER- SP,1334,2849,43.427064,356.179994
26313099999,KOLKA- LG,1477,181,57.75,22.6
94567099999,MARYBOROUGH- AS,644,1222,-25.5166666,152.7166666
60760099999,NEFTA- TS,1239,65,33.939722,8.110556
72341503962,HOT SPRINGS ASOS- AR US,1244,2135,34.47551,266.89587
42798099999,JAMSHEDPUR- IN,1128,689,22.813211,86.168844
71019099999,ST LEONARD CS NB- CA,1371,2337,47.15,292.1833334
72536094830,TOLEDO EXPRESS AIRPORT- OH US,1315,2210,41.58705,276.19462
17290099999,IMSIK- TU,1271,221,37.140144,27.669717
95722099999,TEMORA AIRPORT- AS,555,1180,-34.4333333,147.5166666
35394799999,CHOKURDAKH RUSSIAN- RS,1606,1183,70.63,147.92
58731099999,PUCHENG- CH,1179,948,27.9166666,118.5333333
92035099999,PORT MORESBY JACKSONS INTERNATIONAL- PP,805,1178,-9.443383,147.22005
71808099999,BLANC SABLON A- CA,1414,2423,51.45,302.8166667
94640099999,WINDY HARBOUR- AS,551,928,-34.8333333,116.0333333
99800099999,GUANA TOLOMATO MATANZAS- FL US,1196,2230,29.65,278.7833334
71785099999,WHITE ROCK CAMPBELL SCIENTIFIC BC- CA,1390,1898,49.0166666,237.2333334
48404099999,ROI ET AGROMET- TH,1060,829,16.0666666,103.6166666
76612099999,GUADALAJARA JAL.- MX,1106,2053,20.6666666,256.6166667
76644099999,LICENCIADO MANUEL CRESCENCIO REJON INT- MX,1109,2163,20.936981,270.342328
99999954795,DURHAM 2 SSW- NH US,1331,2312,43.1092,289.0516
85268099999,ROBORE CIV MIL- BL,716,2402,-18.3166667,300.25
72745794962,DETROIT LAKES- MN US,1368,2113,46.83333,264.11667
71375099999,ILE AUX PERROQUETS QUE- CA,1402,2366,50.2166666,295.8
47616099999,FUKUI- JA,1260,1090,36.05,136.2166666
83759099999,SAO PEDRO DA ALDEIA- BR,671,2543,-22.812872,317.907367
38599099999,KHUDJANT- TI,1302,558,40.2166666,69.7333333
01078099999,SLETTNES FYR- NO,1610,226,71.1,28.2333333
95121099999,MIDDLE POINT AWS- AS,773,1050,-12.6,131.3
22324099999,UMBA- RS,1566,275,66.6833333,34.35
72092300310,BOUNDARY CO AIRPORT- ID US,1387,1950,48.726,243.70499999999998
71879499999,SPARWOOD ELK VALLEY- CA,1397,1961,49.75,245.12
11170099999,LUNZ- AU,1378,121,47.85,15.0666666
71034999999,MAKKOVIK- CA,1450,2407,55.0833333,300.8166667
95529099999,MILES CONSTANCE STREET- AS,633,1201,-26.65,150.1833333
87393099999,MONTE CASEROS- AR,597,2419,-30.271922,302.35976900000003
71506099999,ROCK RIVER- CA,1569,1790,66.9833333,223.7833334
72470093141,PRICE CARBON CO AIRPORT- UT US,1296,1994,39.60886,249.24453
89662099999,BASE BAIA TERRA NOVA- AY,152,1313,-74.7,164.1
71099099999,FORT SEVERN- CA,1460,2179,56.0166666,272.3166667
71296099999,EGBERT CS ONT- CA,1342,2242,44.2333333,280.2166667
26429099999,BAUSKA- LG,1463,194,56.4,24.2166666
15615099999,MUSSALA TOP SOMMET- BU,1321,189,42.1833333,23.5833333
80063099999,LOS GARZONES- CO,988,2273,8.823744,284.174169
78328099999,SAN ANTONIO DE LOS BANOS- CU,1128,2220,22.871529,277.49069199999997
40984099999,URGOON- AF,1229,553,32.9166666,69.1333333
07009099999,CALAIS DUNKERQUE- FR,1409,16,50.967,1.95
06070099999,AARHUS- DA,1463,85,56.300017,10.619008
94898099999,CERBERUS AWS- AS,516,1161,-38.35,145.1666666
47143099999,TAEGU ACC KOR AFB- KS,1258,1029,35.8833333,128.6166667
74594013705,CAMP SPRINGS ANDREWS AFB- MD US,1288,2265,38.81667,283.13333
40835399999,BOROUJERD- IR,1248,389,34.9,48.63
71496099999,SASKATOON RCS- CA,1421,2026,52.1666666,253.2833334
63402099999,JIMMA- ET,976,295,7.666094,36.816639
91541099999,SANTA CRUZ ISLAND- BP,792,1326,-10.7,165.8
50968099999,SHANGZHI- CH,1352,1024,45.2166666,127.9666666
06484099999,BUZENOL- BE,1396,45,49.6166666,5.5833333
54218099999,CHIFENG- CH,1322,951,42.3,118.8333333
71843499999,LUTSEL KE- CA,1524,1995,62.42,249.32999999999998
06722099999,EVOLENE VILLAZ- SZ,1361,60,46.1166666,7.5166666
94296099999,LIHOU REEF- AS,728,1216,-17.1166666,152.0
07134099999,LAVAL ETRONNIER- FR,1380,2874,48.0333333,359.2666667
72032863832,UPSHUR CO REGIONAL AIRPORT BUCKHANNON- WV US,1290,2238,39.00028,279.72611
72316013870,ALMA BACON CO AIRPORT- GA US,1215,2220,31.54006,277.49265
94371099999,CREAL REEF- AS,694,1203,-20.5333333,150.3833333
06680099999,SAENTIS- SZ,1372,75,47.25,9.35
50949099999,QIAN GORLOS- CH,1350,999,45.0833333,124.8666666
71254099999,CAMROSE ALTA- CA,1430,1977,53.0333333,247.18333339999998
72562194063,OGALLALA SEARLE FIELD AIRPORT- NE US,1311,2066,41.11917,258.23194
08544099999,OVAR MACEDA- PO,1309,2811,40.9166666,351.3666667
07247099999,ROMORANTIN PRUNIERS- FR,1373,13,47.3166667,1.6833333
52323099999,MAZONG SHAN- CH,1317,776,41.8,97.0333333
71472499999,MASSET AIRPORT- CA,1440,1823,54.03,227.87
72416503725,PETERSBURG GRANT CO AIRPORT- WV US,1289,2247,38.99417,280.85582999999997
38774099999,BAKHERDEN- TX,1284,459,38.4333333,57.4166666
72210612835,FORT MYERS PAGE FIELD AIRPORT- FL US,1165,2225,26.58495,278.13854000000003
47746099999,TOTTORI- JA,1254,1074,35.4833333,134.2333333
72546604938,ANKENY REGIONAL AIRPORT- IA US,1316,2131,41.69111,266.43389
10400099999,DUSSELDORF- GM,1412,54,51.289453,6.766775
71525099999,SEVEN PERSONS AGDM ALTA- CA,1399,1993,49.9166666,249.08333340000001
72591024216,RED BLUFF MUNICIPAL AIRPORT- CA US,1301,1902,40.15186,237.74522000000002
01484399999,OSEBERG- NO,1493,84,59.3166667,10.45
72332093862,TUPELO REGIONAL AIRPORT- MS US,1242,2170,34.26224,271.22873
40362099999,RAFHA- SA,1196,348,29.626419,43.490614
31961099999,TIMIRYAZEVSKIJ- RS,1338,1056,43.8833333,131.9666666
72027903705,ELIZABETHTOWN AIRPORT- NC US,1246,2251,34.60167,281.42194
72641304875,WEST BEND MUNICIPAL AIRPORT- WI US,1334,2175,43.41667,271.86667
10554099999,ERFURT- GM,1409,88,50.979811,10.958106
37000899999,DOMODEDOVO- RS,1454,303,55.408786,37.906314
72240003937,LAKE CHARLES REGIONAL AIRPORT- LA US,1201,2134,30.12551,266.77229
48454099999,BANGKOK PORT- TH,1036,805,13.7,100.5666666
94651099999,NULLARBOR- AS,585,1047,-31.45,130.9
70364427515,NUIQSUT AIRPORT- AK US,1602,1672,70.21262,209.00559
63720099999,EMBU- KE,894,300,-0.5,37.45
99999953011,TSAILE 1 SSW- AZ US,1262,2006,36.292,250.7819
76593099999,PROGRESO YUC.- MX,1112,2163,21.3,270.35
91551599999,LONGANA AIRPORT- NH,746,1344,-15.3,167.9666666
64754099999,AM TIMAN- CD,1010,162,11.0333333,20.2833333
97146099999,WOLTER MONGINSIDI- ID,859,979,-4.082269,122.416792
72054400168,STERLING MUNICIPAL AIRPORT- CO US,1306,2054,40.617,256.733
89057099999,BASE ARTURO PRAT- AY,275,2403,-62.5,300.3166667
78846099999,ANGUILLA- AV,1081,2376,18.2,296.95
92076099999,KAVIENG W.O.- PP,874,1207,-2.5666666,150.8166666
64452099999,M POUYA- CF,873,130,-2.6166667,16.2166667
64462099999,KELLE- CF,900,108,0.1,13.55
60340099999,NADOR AROUI- MO,1249,2856,34.9833333,356.9833334
97142099999,KOLAKA POMALA- ID,856,972,-4.3,121.5333333
67843099999,VICTORIA FALLS INTERNATIONAL- ZI,719,207,-18.095881,25.839006
72639100385,BALD MOUNTAIN COTTONWOOD PASS- CO US,1287,2030,38.783,253.78300000000002
61972099999,ILE EUROPA- EU,676,323,-22.3333333,40.3333333
42587099999,DALTONGANJ- IN,1140,673,24.05,84.0666666
71385099999,ILE BICQUETTE QUE- CA,1383,2329,48.4,291.1166667
60318099999,SANIAT RMEL- MO,1255,2837,35.594333,354.679981
67765099999,KAROI- ZI,731,237,-16.8333333,29.6166667
65450099999,ABETIFI- GH,966,2874,6.6666666,359.25
41883099999,BOGRA- BG,1148,715,24.85,89.3666666
72290753143,GILLESPIE FIELD AIRPORT- CA US,1228,1944,32.82611,243.0275
91197721508,BRADSHAW ARMY AIR FIELD- HI US,1097,1636,19.76,204.44639
67781099999,MUTOKO- ZI,725,257,-17.431917,32.184502
60106099999,CHEFCHAOUEN- MO,1251,2838,35.1666666,354.7
61492099999,KAEDI- MR,1061,2772,16.159547,346.492383
65108099999,SHAKI- NI,986,27,8.6666666,3.3833333
48045099999,MINDAT- BM,1113,752,21.3833333,93.95
72639200424,SUNLIGHT- CO US,1294,2021,39.43333,252.61667
67975099999,MASVINGO INTERNATIONAL- ZI,699,247,-20.055333,30.859111
87593099999,LA PLATA- AR,550,2417,-34.972222,302.105306
89054099999,DINAMET URUGUAY- AY,278,2409,-62.1833333,301.15
63702099999,MBARARA- UG,893,245,-0.6166667,30.65
64402099999,MOUYONDZI- CF,860,111,-3.9833333,13.9166667
91636099999,NUI- TV,827,1417,-7.2333333,177.15
91577099999,KOUMAC- NC,694,1314,-20.546314,164.255625
62463999999,SHARM EL SHEIKH INT- EG,1179,275,27.967,34.383
80149099999,LA NUBIA- CO,950,2276,5.029839,284.535008
65437099999,KETE KRACHI- GH,978,2879,7.8166666,359.9666667
60220099999,ESSAOUIRA- MO,1213,2803,31.399181,350.317008
94457099999,WARBURTON AIRFIELD- AS,638,1013,-26.1333333,126.5833333
80002099999,EL EMBRUJO- CO,1033,2229,13.356944,278.64167
67779099999,MOUNT DARWIN- ZI,732,253,-16.7833333,31.5833333
65457099999,AKIM ODA- GH,959,2872,5.9333333,359.0166667
89058099999,GREAT WALL- AY,277,2408,-62.2166666,301.0333334
72438504828,ANDERSON MUNICIPAL AIRPORT- IN US,1301,2195,40.11667,274.38333
60127099999,TAZA- MO,1242,2848,34.2166667,356.0
63654099999,MASINDI- UG,916,254,1.6833333,31.7166667
40250099999,H4- JO,1225,306,32.539217,38.194986
94135099999,MCCLUER ISLAND AWS- AS,789,1064,-11.05,132.9833333
71544099999,LEGAL AGCM- CA,1439,1972,54.0,246.5333334
68429099999,POSTMASBURG- SF,616,185,-28.3333333,23.0666666
65473099999,TEMA- GH,956,0,5.6166667,0.0
31913099999,TURIJ ROG- RS,1352,1056,45.2166666,131.9833333
68647099999,QUEENSTOWN- SF,580,215,-31.9166666,26.8833333
65462099999,AKATSI- GH,961,6,6.1166666,0.8
95636099999,JACUP- AS,561,953,-33.8833333,119.1
71102099999,RIVERCOURSE AGCM- CA,1430,1999,53.0166666,249.9
92004099999,WEWAK INTERNATIONAL- PP,864,1149,-3.583828,143.669186
68575099999,IXOPO- SF,598,241,-30.15,30.0666666
89251099999,KING SEJONG- AY,277,2410,-62.2166666,301.25
47680099999,KASTNER ARMY AIR FIELD CAMP ZAMA JAPAN- JA,1255,1115,35.513769,139.393675
65460099999,AKUSE- GH,960,1,6.1,0.1166667
64456099999,MAKOUA- CF,899,125,-0.0166667,15.65
76743099999,VILLAHERMOSA TAB.- MX,1079,2137,17.9833333,267.0666667
64453099999,DJAMBALA- CF,874,118,-2.5333333,14.7666667
71945599999,LONG POND- CA,1375,2456,47.5166666,307.0166667
80139099999,PUERTO CARRENO- CO,961,2340,6.184717,292.506836
25051099999,PEVEK- RS,1597,1365,69.783283,170.597006
88897099999,SEA LION ISLAND- UK,375,2407,-52.4333333,300.9166667
11146099999,SONNBLICK- AU,1370,104,47.05,12.95
64662099999,ALINDAO- CT,950,170,5.05,21.2
71044099999,OLD CROW YT- CA,1575,1761,67.5666666,220.1666667
98746099999,COTOBATO- RP,971,994,7.1666666,124.2166666
40690099999,BASRAH AIRPORT- IZ,1205,382,30.5166666,47.7833333
63619099999,MOYALE LOWER ODA- KE,935,312,3.5333333,39.05
98630099999,CUYO- RP,1008,968,10.85,121.0
71051327201,SACHS HARBOUR- NT CA,1619,1882,71.95,235.26667
67983099999,CHIPINGE- ZI,697,261,-20.2,32.6166667
99478099999,LUMCON MARINE CENTER LA- LA US,1192,2155,29.25,269.34000000000003
70269596402,SUTTON 1 W- AK US,1517,1689,61.7138,211.0912
71558099999,ST ANTHONY NFLD- CA,1413,2431,51.3833333,303.9
61721099999,GEORGETOWN- GA,1035,2762,13.5333333,345.2333334
70398525377,METLAKATLA SEAPLANE BASE- AK US,1451,1827,55.13104,228.42194
65469099999,SALTPOND- GH,951,2871,5.2,358.9333333
08171099999,LERIDA- SP,1316,5,41.6333333,0.6
72438754807,KOKOMO MUNICIPAL AIRPORT- IN US,1305,2192,40.52806,273.94111
89016099999,WASA EPS- AY,168,2775,-73.1166666,346.85
70179326524,MANLEY HOT SPRINGS- AK US,1549,1675,64.9988,209.362
85033099999,GUAYARAMERIN- BL,791,2357,-10.8166667,294.65
67991099999,BEITBRIDGE- ZI,677,240,-22.2166667,30.0
65401099999,NAVRONGO- GH,1008,2871,10.9,358.9
80457099999,CASIQUE ARAMARE- VE,956,2339,5.619992,292.393897
81001099999,GEORGETOWN- GY,967,2415,6.8,301.85
60060099999,SIDI IFNI- MO,1193,2799,29.368983,349.819733
71281099999,GRENADIER ISLAND ONT- CA,1344,2273,44.4166666,284.15
72650254832,CLINTONVILLE MUNICIPAL AIRPORT- WI US,1346,2170,44.61389,271.26860999999997
63742099999,NAIROBI WILSON- KE,886,295,-1.321719,36.814833
61717099999,KAUR- GA,1037,2758,13.7166666,344.75
60105099999,LARACHE- MO,1251,2831,35.15,353.9
65002099999,ENUGU- NI,964,61,6.467,7.567
97810099999,TUAL DUMATUBUN- ID,843,1062,-5.6833333,132.75
94929099999,BOMBALA AWS- AS,529,1194,-37.0,149.2333333
63739099999,NAIROBI EASTLEIGH- KE,887,295,-1.277267,36.862339
63624099999,MANDERA- KE,939,335,3.9333333,41.8666667
72091900308,NORTH PADRE ISLAND- TX US,1168,2105,26.833,263.067
48907099999,RACH GIA- VM,999,841,10.0,105.0833333
64656099999,BANGASSOU- CT,947,183,4.7333333,22.8333333
62010099999,TRIPOLI INTERNATIONAL- LY,1226,105,32.663544,13.159011
94129099999,CAPE DON AWS- AS,786,1054,-11.3166666,131.7666666
61712099999,KEREWAN- GA,1034,2751,13.4833333,343.8166667
64665099999,MOBAYE- CT,943,169,4.3166666,21.1833333
95748099999,WOLLONGONG AIRPORT- AS,554,1206,-34.5666666,150.7833333
68188099999,TZANEEN GRENSHOEK- SF,662,241,-23.7666666,30.0666666
65252099999,OWERRI- NI,954,56,5.4833333,7.0
84425099999,MOISES BENZAQUEN RENGIFO- PE,841,2271,-5.893772,283.881789
41216399999,DELMA- AE,1145,419,24.509936,52.335222
23966099999,VANZIL KYNAK- RS,1503,673,60.35,84.0833333
01315099999,EVANGER- NO,1506,49,60.6333333,6.1
94985099999,ROSS THE BOULEVARDS- AS,479,1180,-42.0333333,147.5
11801099999,MALACKY- LO,1383,137,48.4,17.15
72053200159,HARRIET ALEXANDER FIELD AIRPORT- CO US,1285,2032,38.533,253.95
72049900154,HAMPTON ROADS EXECUTIVE AIRPORT- VA US,1267,2268,36.783,283.55
01346099999,MIDTSTOVA- NO,1506,58,60.65,7.2666666
81202099999,NICKERIE- NS,959,2424,5.95,302.97
01440099999,BLASJO- NO,1493,55,59.3333333,6.8666666
84735099999,JULIACA- PE,745,2319,-15.467103,289.841831
63478099999,GODE- ET,959,349,5.935128,43.578567
84474099999,JUANJUI- PE,828,2266,-7.1691,283.271439
13625099999,GJIROKASTRA- AL,1300,161,40.0833333,20.15
06637099999,MEIRINGEN- SZ,1367,65,46.7166666,8.1666666
99849199999,PERDIDO PASS- AL US,1202,2180,30.279,272.444
08583099999,MINDELO- CV,1068,2680,16.8333333,334.95
40553099999,SABRIYAH- KU,1197,383,29.75,47.85
01027099999,TROMSO HOLT- NO,1596,151,69.65,18.9
03907099999,MAGILLIGAN NUMBER 2- UK,1451,2825,55.15,353.0666667
99999903755,OAKLAND GARRETT CO AIRPORT- MD US,1295,2245,39.58028,280.66056000000003
41909099999,TANGAIL- BG,1142,719,24.25,89.9333333
99847599999,MARTINEZ AMORCO- CA US,1280,1903,38.033,237.875
89646099999,SITRY POINT- AY,183,1189,-71.65,148.65
71685099999,REVELSTOKE- CA,1409,1935,50.9666666,241.81666669999998
41958099999,MONGLA- BG,1125,716,22.6,89.5
01270099999,KVITHAMAR- NO,1534,87,63.4833333,10.8833333
17118599999,SIVRIHISAR- TU,1294,251,39.451469,31.365308
84455099999,CADETE GUILLERMO DEL CASTILLO PAREDES- PE,834,2269,-6.508742,283.626753
01019099999,SVARTTANGEN- NO,1675,167,77.5166666,20.8166666
01146099999,SKAMDAL- NO,1562,111,66.2333333,13.8833333
72096600339,GRIFFIN SPALDING CO AIRPORT- GA US,1232,2206,33.227,275.725
28719099999,AKSAKOVO- RS,1440,433,54.0166666,54.15
41295099999,YAALONI- MU,1099,457,19.95,57.1
01382099999,KISE- NO,1507,86,60.7666666,10.8
41312099999,MINA SALALAH- MU,1069,432,16.9333333,54.0166666
71305099999,FORT CHIPEWYAN- CA,1487,1991,58.7666666,248.8833334
71987099999,NORTH POINT PEI- CA,1370,2368,47.05,296.0166667
94829099999,HAMILTON AIRPORT- AS,523,1137,-37.65,142.0666666
01464099999,LANDVIK- NO,1483,68,58.3333333,8.5166666
70360625629,TOGIAK- AK US,1490,1597,59.06667,199.63333
68002799999,AUS- WA,633,130,-26.667278,16.291721
71903599999,QUAQTAQ- CA,1510,2323,61.046389,290.382222
72429300376,MOUNT WERNER- CO US,1304,2026,40.46,253.24
91676099999,VANUA BALAVU AWS- FJ,727,1448,-17.2333333,181.05
78466099999,ARROYO BARRIL- DR,1091,2324,19.2,290.55
67020099999,ANTSOHIHY- MA,751,384,-14.8833333,47.9833333
22249099999,KANEVKA- RS,1571,317,67.1333333,39.6666666
72035923902,SEMINOLE MUNICIPAL AIRPORT- OK US,1252,2107,35.27472,263.325
70063427408,UGNU KUPARUK AIRPORT- AK US,1603,1683,70.33083,210.4025
70200499999,WHITE MOUNTAIN- AK US,1546,1573,64.6891944,196.58725
72097199999,SOUTH PASS- WY US,1325,2010,42.5166666,251.21666670000002
41162099999,AL SHEHAIMIYA- QA,1158,408,25.85,50.9666666
91691099999,LAKEMBA ISLAND- FJ,717,1450,-18.2333333,181.2
71309099999,MOOSONEE RCS ONT- CA,1411,2237,51.15,279.61
48303499999,ROI ET- TH,1061,830,16.116761,103.773797
87532099999,GENERAL PICO- AR,543,2370,-35.696183,296.241714
25206099999,CREDNEKOLYMSK- RS,1574,1230,67.45,153.7166666
71963099999,HANBURY RIVER NWT- CA,1535,2039,63.6,254.8666667
41891099999,OSMANY INTERNATIONAL- BG,1149,735,24.963242,91.866783
89809099999,CASEY SKIWAY SOUTH- AY,237,886,-66.2833333,110.7666666
68392599999,VUVULANE- WZ,639,255,-26.0819,31.8858
80404399999,JOSEFA CAMEJO- VE,1017,2319,11.780775,289.848503
68002699999,ORANJEMUND- WA,614,132,-28.584722,16.446667
71463099999,PORT COLBORNE AUT ONT- CA,1328,2246,42.8666666,280.75
70121026624,POINT LAY- AK US,1597,1576,69.73288,196.99467
94807099999,PARDANA CFS AWS- AS,542,1098,-35.8,137.25
41858099999,SAIDPUR- BG,1157,711,25.75,88.9166666
71787099999,MECHANIC SETTLEMENT RCS- CA,1356,2359,45.7,294.8333334
71026799999,MAPLE PLAINS- CA,1362,2371,46.3,296.4166667
89327099999,MOUNT SIPLE- AY,167,1864,-73.2,232.95
03409099999,BALA- UK,1428,2851,52.9,356.4166667
41257099999,SAMAIL- MU,1132,463,23.2544444,57.9275
72076999999,GEORGE M BRYAN- MS US,1234,2169,33.433122,271.151394
22140099999,SVYATOJ NOS- RS,1581,318,68.15,39.7666666
68352099999,KROONSTAD- SF,623,219,-27.660617,27.315761
72085400282,BEACH AIRPORT- ND US,1369,2048,46.925,256.01800000000003
72091200302,VIOSCA KNOLL 768 OIL PLATFORM- AL US,1192,2178,29.233,272.217
04313099999,HENRIK KROEYER HOLME- GL,1706,2770,80.65,346.2833334
68570099999,MATATIELE- SF,596,230,-30.35,28.8
40946599999,FOB EDINBURGH- AF,1223,518,32.4,64.7
89059099999,BASE BERNARDO O HIGGINS- AY,266,2427,-63.3166666,303.3166667
11955099999,PRESOV- LO,1390,171,49.0333333,21.3166666
61856099999,FREETOWN LUNGI- SL,986,2774,8.616444,346.804511
01371099999,LOKEN I VOLBU- NO,1511,73,61.1166666,9.0666666
71212099999,FORET MONTMORENCY RCS QUE- CA,1373,2311,47.3166666,288.8666667
01250099999,FOLLDAL FREDHEIM- NO,1521,80,62.1333333,10.0
67341099999,MAPUTO- MZ,640,261,-25.920836,32.572606
04197099999,DALATANGI- IC,1552,2771,65.2666666,346.4166667
68148099999,MAHALAPYE- BC,669,214,-23.0833333,26.8
41242099999,DIBA- MU,1156,450,25.6166666,56.25
62053099999,BENINA AIRPORT- LY,1220,162,32.096786,20.269472
71826099999,PANGNIRTUNG NU- CA,1561,2354,66.15,294.2833334
17120099999,BILECIK- TU,1301,240,40.15,29.9666666
68386099999,NYONYANE- WZ,638,252,-26.1146,31.45
87800099999,EL BOLSON- AR,480,2308,-41.943189,288.467711
01463099999,AS- NO,1496,86,59.65,10.7666666
01444099999,VALLE- NO,1491,60,59.2,7.5166666
99848299999,TEXAS STATE AQUARIUM- TX US,1178,2101,27.812,262.61
06625099999,FRIBOURG POSIEUX- SZ,1367,57,46.7666666,7.1166666
99847999999,SAN FRANCISCO PIER 1- CA US,1277,1901,37.798,237.607
71387099999,ONATCHIWAY QUE- CA,1388,2312,48.8833333,288.9833334
41859099999,RANGPUR- BG,1157,714,25.7333333,89.2333333
99848599999,BON SECOUR- AL US,1203,2177,30.329,272.171
10734599999,HEIDELBERG AHP- GM,1393,69,49.393333,8.651944
84472099999,GEN FAP ARMANDO REVOREDO IGLESIAS- PE,828,2252,-7.139183,281.5106
40674099999,SAMAWA- IZ,1212,362,31.2666666,45.2666666
16099099999,TREVISO- IT,1356,98,45.6484,12.194422
99817099999,BERMUDA ESSO PIER- BD,1223,2362,32.3666666,295.3
62161099999,JALO- LY,1190,173,29.0333333,21.5666666
63726099999,KABALE- UG,887,240,-1.25,29.9833333
01466099999,KJELLER AIRPORT- NO,1499,88,59.9666666,11.0333333
71559099999,ESTEVAN- CA,1392,2056,49.2166666,257.0333334
74948400395,SOUTH CO AIRPORT OF SANTA CLARA CO- CA US,1270,1907,37.082,238.40300000000002
06688099999,CRAP MASEGN- SZ,1368,73,46.85,9.1833333
91848099999,MANGAIA- CW,681,1617,-21.895833,202.09334
01362099999,JUVVASSHOE- NO,1516,67,61.6666666,8.3666666
62271099999,KUFRA- LY,1141,187,24.178728,23.313958
68380099999,CAROLINA- SF,639,241,-26.0666667,30.1166667
91532099999,NAURU ARC 2- NR,894,1335,-0.5166666,166.9166666
06795099999,PIZ MARTEGNAS- SZ,1365,76,46.5833333,9.5333333
41255099999,NIZWA- MU,1128,460,22.8666666,57.55
89064099999,JUAN CARLOS I AWS- AY,273,2397,-62.6666666,299.6166667
41254099999,SAIQ- MU,1130,461,23.0666667,57.6333333
76220099999,TEMOSACHIC CHIH.- MX,1189,2017,28.95,252.18333339999998
94379099999,GANNET CAY- AS,680,1220,-21.9666666,152.4666666
74948600397,NEVADA CO AIR PARK- CA US,1292,1912,39.224,238.997
64820099999,BATA RIO MUNI- EK,918,78,1.9,9.8
72328003894,CLARKSVILLE OUTLAW AIRPORT- TN US,1266,2181,36.61689,272.58826
72061999999,FRANCIS E WARREN AFB HELIPORT- WY US,1311,2041,41.133316,255.1328
68003299999,OTJINENE- WA,688,150,-21.1333,18.7667
06169099999,GNIBEN- DA,1460,90,56.0166666,11.2833333
41907099999,ISHURDI- BG,1141,712,24.1525,89.049446
61722099999,SAPU- GA,1035,2753,13.5666666,344.0666667
41160099999,AI RUWAIS- QA,1161,410,26.15,51.2
01117099999,TJOTTA- NO,1558,99,65.8166666,12.4166666
01220099999,MANNEN- NO,1524,62,62.45,7.7666666
41953099999,MAIJDICOURT- BG,1128,729,22.8666666,91.1
72095300331,MAIN PASS 289 C OIL PLATFORM- LA US,1192,2172,29.248,271.55899999999997
07010099999,DUNKERQUE- FR,1410,19,51.05,2.3333333
72088700297,MANITOWISH WATERS AIRPORT- WI US,1361,2161,46.117,270.117
61461099999,BOUTILIMIT- MR,1075,2763,17.5333333,345.3166667
01035099999,LYNGEN GJERDVASSBU- NO,1595,161,69.5666666,20.1
72096100336,LOGANSPORT CASS CO AIRPORT- IN US,1307,2189,40.711,273.625
71886099999,YORKTON- CA,1412,2060,51.2666666,257.5333334
41895099999,SHAH MOKHDUM- BG,1144,709,24.437219,88.616511
03978099999,FINNER- EI,1444,2814,54.4833333,351.7666667
89570099999,DAVIS WHOOP WHOOP- AY,215,631,-68.4666666,78.8166666
71176099999,CAPE KAKKIVIAK- CA,1499,2367,59.98,295.83
86065099999,PELAYO PRAT GILL- PA,674,2388,-22.55,298.45
41984099999,KHEPUPARA- BG,1119,722,21.9833333,90.2333333
71107099999,CAPE ST JAMES CS BC- CA,1419,1832,51.9333333,229.0
72670024045,CODY MUNICIPAL AIRPORT- WY US,1345,2008,44.51667,250.98333
06618099999,MATHOD- SZ,1367,53,46.7333333,6.5666666
41886099999,MYMENSINGH- BG,1147,723,24.7166666,90.4333333
01135099999,SELJELIA- NO,1561,109,66.1166666,13.5833333
71033099999,KEY LAKE SK- CA,1472,2035,57.25,254.4
72083900279,RENO STEAD AIRPORT- NV US,1296,1921,39.667,240.124
22212099999,MONCHEGORSK- RS,1579,263,67.9333333,32.9166666
60738099999,THALA- TS,1255,69,35.55,8.6833333
67869099999,KADOMA- ZI,716,239,-18.3166666,29.8833333
01370099999,SKABU- NO,1515,75,61.5166666,9.4
06638099999,LANGNAU IE- SZ,1369,62,46.9333333,7.8
72053499999,ERIE MUNICIPAL- CO US,1300,2040,40.0166666,254.95
41244099999,BURAIMI AUT- MU,1142,446,24.2333333,55.7833333
78514511653,MAYAGUEZ AIRPORT- PR US,1082,2343,18.2538,292.8514
60195099999,MIDELT- MO,1226,2842,32.6833333,355.2666667
72469824015,AKRON WASHINGTON CO AIRPORT- CO US,1301,2054,40.174306,256.785412
87585099999,BUENOS AIRES OBS- AR,554,2412,-34.5833333,301.5166667
68007599999,OKAKARARA- WA,693,140,-20.602638,17.468334
72095700333,PORT FORCHON HELIPORT- LA US,1191,2158,29.117,269.8
99843999999,CEDAR POINT- AL US,1203,2175,30.308,271.86
08568099999,PENHAS DOURADAS- PO,1304,2820,40.4166666,352.45
72095899999,TUCKER GUTHRIE MEM- KY US,1268,2213,36.859331,276.641525
72094800328,JIMMY CARTER REGIONAL AIRPORT- GA US,1221,2206,32.11,275.81100000000004
61699099999,KEDOUGOU- SG,1025,2782,12.572292,347.779667
01413099999,SAERHEIM- NO,1487,45,58.75,5.65
71324099999,OSBORNE HEAD DND- CA,1346,2373,44.6166666,296.5833334
70218526622,MEKORYUK- AK US,1503,1550,60.38333,193.8
41216499999,DUBAI MINHAD AB- AE,1150,443,25.026819,55.366244
67877099999,GRASSLANDS- ZI,718,252,-18.1833333,31.4666666
22004099999,NIKEL- RS,1593,242,69.4,30.2333333
01350099999,FINSEVATN- NO,1505,60,60.6,7.5333333
91841099999,MAUKE AWS- CW,698,1621,-20.1666666,202.65
89614099999,CASEY UPPER PETERSON RUNWAY- AY,232,892,-66.7,111.5
40666099999,ALI ALGHARBI- IZ,1224,374,32.4666666,46.7166666
72096999999,TEN SLEEP- WY US,1341,2023,44.15,252.83333340000001
68106099999,GOBABEB- WA,664,120,-23.57,15.05
17232099999,KUSADASI- TU,1278,218,37.8666666,27.25
62124099999,SEBHA- LY,1169,116,26.986964,14.472525
71325099999,BEDFORD RANGE- CA,1347,2371,44.75,296.3333334
72096800340,SILER CITY MUNICIPAL AIRPORT- NC US,1257,2244,35.704,280.496
41161099999,AL KHOR AIRPORT- QA,1156,412,25.6166666,51.5166666
72096700457,FALSE RIVER REGIONAL AIRPORT- LA US,1207,2148,30.7183,268.52139999999997
99844199999,BARBUDA- AC,1075,2385,17.591,298.179
01381099999,APELSVOLL- NO,1506,87,60.7,10.8666666
71592099999,ARCTIC BAY CS- CA,1629,2200,73.0,274.9833334
94242099999,BRUNETTE DOWNS- AS,713,1088,-18.65,135.95
91490099999,CHRISTMAS ISLAND- KR,919,1621,1.986161,202.650222
41171099999,QATAR UNIVERSITY- QA,1153,412,25.3833333,51.4833333
72066900247,GUNNISON OIL PLATFORM- TX US,1172,2132,27.3,266.467
99820499999,WESTPORT- WA US,1369,1887,46.9166666,235.8833334
01016099999,KONGSOYA- NO,1689,231,78.9333333,28.9
71272099999,TADOULE LAKE- CA,1486,2092,58.7,261.5
84390099999,CAPITAN MONTES- PE,854,2230,-4.576639,278.745861
11958099999,KOJSOVSKA HOLA- LO,1387,168,48.7833333,20.9833333
91587099999,MARE- NC,685,1344,-21.481678,168.037508
62476099999,SHALATIN- EG,1131,285,23.1333333,35.5833333
99817399999,MOSS LANDING S HARBOR- CA US,1267,1906,36.8,238.21666670000002
01133099999,LAKSFORS- NO,1556,106,65.6166666,13.2833333
22100099999,VERKHOV E R LOTTA- RS,1585,231,68.5333333,28.9166666
40981399999,FOB KUSAHMOND- AF,1226,546,32.6333333,68.2666666
78795599999,PANAMA PACIFICO- PM,989,2243,8.9166666,280.4
17218999999,KAKLIC- TU,1285,216,38.517608,26.977406
99825899999,KETCHIKAN- AK US,1453,1827,55.333,228.375
41270099999,RAS AL HADD- MU,1122,479,22.3,59.8166666
99818499999,PORT ARANSAS- TX US,1178,2103,27.8333333,262.9333334
71186099999,CAP ROUGE QUE- CA,1383,2316,48.3666666,289.4666667
72091100301,BARNES CO MUNICIPAL AIRPORT- ND US,1369,2096,46.942,261.98199999999997
84688099999,ANDAHUAYLAS- PE,762,2293,-13.706408,286.649622
68268099999,WARMBAD TOWOOMBA- SF,650,227,-24.9,28.3333333
89815099999,HAUPT NUNATAK- AY,234,886,-66.5833333,110.7
41863099999,DINAJPUR- BG,1156,709,25.65,88.6833333
74948500396,ROHNERVILLE AIRPORT- CA US,1305,1887,40.554,235.86700000000002
94633099999,CORRIGIN- AS,576,943,-32.3333333,117.8666666
72071699999,LURAY CAVERNS- VA US,1286,2252,38.667056,281.499442
84534099999,TINGO MARIA- PE,808,2272,-9.1333333,284.05
43588099999,KAADEDHDHOO- MV,904,584,0.4833333,72.9833333
71460099999,KILLARNEY AUT ONT- CA,1359,2228,45.9666666,278.5166667
85558099999,PUNTA ANGELES- CI,569,2307,-33.0333333,288.3666667
13623099999,SAZAN ISLAND- AL,1304,154,40.5,19.2833333
38475099999,ANDIZHAN AIRPORT- UZ,1307,579,40.7333333,72.3333333
68453399999,MOSHOESHOE I INTERNATIONAL- LT,605,220,-29.462256,27.552503
91669099999,RAKIRAKI AWS- FJ,726,1426,-17.35,178.2166666
15493199999,TUZLA- RO,1339,229,43.9852138,28.6066111
81225099999,JOHAN A PENGEL INTERNATIONAL- NS,954,2438,5.452831,304.812217
71369099999,SLAVE LAKE- CA,1452,1962,55.3,245.21666670000002
01153099999,BODO VAGONES- NO,1572,116,67.2833333,14.45
62016099999,MISURATA- LY,1222,120,32.2425,15.0211111
70383025310,ANGOON- AK US,1474,1803,57.49889,225.41361
41265099999,IBRA- MU,1128,468,22.8094444,58.4605556
68392099999,NHLANGANO- WZ,629,249,-27.05,31.1
72475423186,ST GEORGE MUNICIPAL AIRPORT- UT US,1270,1971,37.1,246.4
41177099999,TURAYNA- QA,1147,410,24.7166666,51.2166666
11340099999,SCHMITTENHOEHE- AU,1373,102,47.3333333,12.7333333
01485099999,DANDE GALLEBERG- NO,1496,82,59.6166666,10.2166666
06793099999,VALBELLA- SZ,1367,76,46.75,9.55
68416099999,POFADDER- SF,608,155,-29.1333333,19.3833333
40712799999,DEZFUL- IR,1224,387,32.434444,48.39764
67073099999,MAINTIRANO- MA,719,352,-18.05,44.0333333
68322099999,TWEE RIVIEREN- SF,635,165,-26.4666666,20.6166666
22334099999,KASHKARANTSY- RS,1563,288,66.3333333,36.0166666
72095600332,VERMILION 331 OIL PLATFORM- US,1182,2142,28.27,267.736
04382099999,IKERMIUARSUK- GL,1519,2543,61.9333333,317.9333334
78637699999,MUNDO MAYA INTERNATIONAL AIRPORT- GT,1068,2161,16.9,270.13333339999997
01308099999,FURUNESET- NO,1512,40,61.3,5.05
89615099999,WILKINS RUNWAY EAST- AU,233,892,-66.6833333,111.5333333
76773099999,HUAJUAPAN DE LEON OAX- MX,1077,2098,17.788947,262.228131
99826399999,CULEBRA- RQ,1082,2358,18.3,294.7
71589099999,TERRA NOVA NAT PARK CS NFLD- CA,1385,2448,48.55,306.0333334
74791700390,MOUNT PLEASANT REGIONAL AIRPORT FASION FIELD- SC US,1228,2242,32.9,280.217
41252099999,IBRI- MU,1132,451,23.2333333,56.4333333
68287099999,GRASKOP- SF,650,247,-24.9333333,30.85
76751099999,CHETUMAL Q ROO FAM- MX,1089,2189,19.0,273.6833333
63674099999,KASESE- UG,901,241,0.1833333,30.1
01055099999,FRUHOLMEN FYR- NO,1610,192,71.1,23.9833333
78259099999,MANZANILLO- CU,1101,2263,20.1833333,282.85
01352099999,SANDHAUG- NO,1501,60,60.1833333,7.4833333
41259099999,JABAL SHAMS- MU,1132,458,23.2333333,57.2666666
41253099999,RUSTAQ- MU,1134,459,23.4166666,57.4333333
84658099999,PADRE ALDAMIZ- PE,773,2326,-12.613611,290.771389
72094900329,CAMDENTON MEMORIAL AIRPORT- MO US,1279,2138,37.974,267.30899999999997
70212026646,CAPE ROMANZOF AIRPORT- AK US,1517,1552,61.78333,193.96667
71201099999,VANCOUVER HARBOUR CS BC- CA,1392,1895,49.2833333,236.8833334
41915099999,SRIMANGAL- BG,1142,734,24.3,91.7333333
68273099999,WITBANK- SF,641,233,-25.8333333,29.1833333
68176099999,MARA- SF,668,237,-23.15,29.5666666
99848699999,PILOT TOWN- LA US,1191,2166,29.178,270.742
74948300394,JACKSON CO AIRPORT- GA US,1241,2212,34.147,276.43899999999996
71502099999,PELLY ISLAND NWT- CA,1596,1797,69.6166666,224.5666667
91831099999,AITUTAKI AWS- CW,711,1602,-18.8333333,200.2333334
71336099999,GRATES COVE- CA,1381,2457,48.1666666,307.0666667
01139099999,VAEROY HELIPORT- NO,1576,102,67.65,12.7166666
40627099999,AL KAEM- IZ,1243,328,34.3833333,41.0166666
41176099999,UMM SAID- QA,1149,413,24.95,51.5666666
65592099999,TABOU- IV,944,2821,4.4166667,352.6333333
01358099999,HEMSEDAL II- NO,1508,69,60.85,8.6
84673099999,CORONEL FAP ALFREDO MENDIVIL DUARTE- PE,768,2286,-13.154819,285.79558299999997
41287099999,JOBA- MU,1108,466,20.8666666,58.25
36870099999,ALMATY- KZ,1332,615,43.2333333,76.9333333
99847899999,PITTSBURG SUISUN BAY- CA US,1280,1905,38.042,238.113
72029453898,WASHINGTON WILKES CO AIRPORT- GA US,1237,2217,33.77972,277.18361
41175099999,AL KARANA- QA,1149,408,25.0,51.0333333
40977599999,FOB TINSLEY- AF,1229,525,32.9333323,65.5666666
68038099999,SUA PAN- BC,694,209,-20.553361,26.115778
99822499999,ATKA- AK US,1422,1487,52.2333333,185.8333334
71490099999,ROBERTSON LAKE AUT NU- CA,1550,2061,65.0833333,257.5833334
06682099999,ELM- SZ,1369,73,46.9166666,9.1833333
99479099999,MATAGORDA BAY PORT O CONNOR- TX US,1184,2109,28.45,263.6
43533099999,HANIMAADHOO- MV,967,585,6.7333333,73.1666666
41216299999,AL DHAFRA- AE,1142,436,24.248249,54.547722
80435099999,MATURIN- VE,997,2375,9.749325,296.847219
99822899999,C CUT ST PETERSBURG- FL US,1176,2219,27.6666666,277.38333339999997
03346099999,EMLEY MOOR NUMBER 2- UK,1435,2867,53.6,358.3333334
03212099999,KESWICK- UK,1446,2855,54.6166666,356.8333334
72095100330,EAST GEORGIA REGIONAL AIRPORT- GA US,1226,2221,32.609,277.63
01148099999,STORFORSHEI- NO,1563,116,66.3833333,14.5166666
13611099999,DURRES- AL,1312,156,41.3,19.45
99847399999,LOUISIANA OFFSHORE OIL PORT- LA US,1188,2160,28.885,269.976
17193099999,NEVSEHIR- TU,1286,278,38.6166666,34.7
43599099999,GAN ISLAND- MV,893,585,-0.693342,73.155644
41267099999,QALHAT- MU,1126,475,22.6666666,59.4
03065099999,CAIRNGORM SUMMIT- UK,1471,2851,57.1166666,356.3666667
93339099999,WAIOURU AIRSTRIP- NZ,505,1405,-39.4333333,175.65
68546099999,ALIWAL NORTH- SF,592,214,-30.7166667,26.7166667
71292099999,YORKTON- CA,1412,2060,51.2666666,257.5333334
99847699999,OAKLAND BERTH 34- CA US,1278,1901,37.811,237.667
67969099999,WEST NICHOLSON- ZI,689,235,-21.05,29.3666666
68398099999,SITEKI- WZ,635,256,-26.4333333,31.95
22003099999,VAIDA GUBA BAY- RS,1599,256,69.9333333,31.9833333
99844099999,KATRINA CUT- AL US,1202,2174,30.258,271.78700000000003
84720099999,MARIA REICHE NEUMAN- PE,751,2280,-14.853953,285.038458
89542099999,MOLODEZNAJA- AY,223,367,-67.6666666,45.85
01387099999,FAVANG- NO,1514,81,61.45,10.1833333
78118099999,TURKS ISLAND- TK,1114,2311,21.45,288.85
68382099999,JERICHO- WZ,628,252,-27.162,31.4389
06012099999,KIRKJA- DA,1523,2829,62.3166666,353.6833334
01342099999,ULLENSVANG- NO,1503,53,60.3166666,6.65
68002999999,TSUMKWE- WA,704,164,-19.58332,20.5333333
72086800294,WATFORD CITY MUNICIPAL AIRPORT- ND US,1377,2054,47.796,256.746
41264099999,ADAM AIRPORT- MU,1124,459,22.5,57.3666666
72483623208,SACRAMENTO MCCLELLAN AFB- CA US,1286,1909,38.66667,238.6
95600099999,JURIEN BAY- AS,596,920,-30.3,115.0333333
68297499999,WITBANK- SF,641,234,-25.832294,29.192019
99847499999,DAVIS POINT SAN PABLO BAY- CA US,1280,1902,38.057,237.74099999999999
22312099999,KOVDA- RS,1566,263,66.7,32.8833333
40629099999,ANAH- IZ,1243,336,34.3666666,41.95
41941099999,CHANDPUR- BG,1132,726,23.2666666,90.7
22213099999,APATITY- RS,1575,267,67.55,33.35
72306299999,USMC BOMB RANGE BT 11- NC US,1250,2268,35.0166666,283.5333334
68383099999,NDZEVANE- WZ,630,256,-26.9566,31.9552
68589099999,GIANTS CASTLE- SF,607,236,-29.2666666,29.5166666
43577099999,KADHDHOO- MV,918,588,1.8833333,73.5
85432099999,CALAMA- CI,674,2329,-22.5,291.1
07166099999,VATRY AERO- FR,1387,33,48.7666666,4.15
17117099999,KUTAHYA TAFB- TU,1294,240,39.433,30.017
41167099999,DUKHAN- QA,1153,406,25.4,50.75
72044399999,MADISONVILLE MUNICIPAL- KY US,1273,2181,37.355028,272.600361
72097299999,ST MARY HOSPITAL HELIPORT- MN US,1340,2140,44.0166666,267.5166667
72029953966,MID WAY REGIONAL AIRPORT MIDLOTHIAN WAXAHACHIE- TX US,1224,2105,32.45611,263.0875
11018099999,AMSTETTEN- AU,1380,119,48.1,14.9
89811099999,LAW DOME SUMMIT- AY,232,903,-66.7333333,112.8333333
41315099999,QAIROON HAIRITI- MU,1072,433,17.25,54.0833333
68226099999,TSHANE- BC,659,175,-24.0166667,21.8833333
99844299999,CUTLER FARRIS WHARF- ME US,1346,2342,44.657,292.79
72095999999,BUTLER MUNICIPAL- GA US,1225,2206,32.567644,275.749253
01487099999,ALNA- NO,1499,87,59.9333333,10.8333333
40973999999,DELARAM- AF,1221,507,32.133,63.433
71560099999,EMERSON AUT MAN- CA,1389,2102,49.0,262.7666667
10553699999,ALTENBURG NOBITZ- GM,1409,100,50.981817,12.506361
68003199999,TERRACE BAY- WA,700,104,-19.983334,13.0
64751099999,ATI- CD,1032,147,13.2166666,18.3166666
01084099999,PASVIK- NO,1594,240,69.45,30.0333333
60739099999,KASSERINE- TS,1251,71,35.1666666,8.8333333
99774299999,MIDDLE BAY LIGHT- AL US,1204,2176,30.4333333,272.0
01272099999,FROSTA- NO,1535,86,63.5666666,10.7
68392499999,MUSI- WZ,632,247,-26.7222,30.9121
41216599999,SIR ABU NAIR- AE,1152,434,25.216778,54.233778
41263099999,BAHLA- MU,1129,458,22.9122222,57.2572222
17022399999,SAMANDIRA- TU,1309,234,41.0,29.2166666
81200099999,ZORG EN HOOP- NS,958,2438,5.811083,304.809256
71141099999,GATESHEAD ISLAND- CA,1606,2078,70.6333333,259.7333334
99999996404,TOK 70 SE- AK US,1527,1750,62.737,218.7917
91699099999,ONO I LAU AWS- FJ,693,1450,-20.6666666,181.2833334
72209864761,EAST HAMPTON AIRPORT- NY US,1309,2302,40.95956,287.74817
84773099999,ILO- PE,723,2309,-17.695036,288.656036
72096200337,HEART OF GEORGIA REGIONAL AIRPORT- GA US,1222,2215,32.214,276.872
99847799999,RICHMOND POINT POTRERO- CA US,1279,1901,37.906,237.635
01043099999,ROGNSUNDET- NO,1604,183,70.4166666,22.8166666
85139099999,SANTA ROSA- BL,759,2346,-14.0666666,293.2166667
40970699999,FOB CHAMKANI- AF,1237,559,33.8,69.8166666
17219199999,GAZIEMIR- TU,1283,217,38.319106,27.159353
63694499999,MULIKA- KE,902,305,0.2333333,38.1833333
78268099999,GUSTAVO RIZO- CU,1103,2284,20.365317,285.493794
62002099999,NALUT- LY,1215,85,31.5144444,10.5977778
64870099999,NGAOUNDERE- CM,973,108,7.357011,13.559242
41964099999,SANDWIP- BG,1124,731,22.4833333,91.4333333
03951099999,SHERKIN ISLAND- EI,1414,2805,51.4666666,350.5833334
68362099999,FRANKFORT- SF,627,228,-27.2666666,28.5
72282553145,TONOPAH TEST RANGE NUMBER 74 NELLIS AFB- NV US,1276,1950,37.61722,243.73583000000002
99772999999,GALVESTON BAY N JETY- TX US,1193,2122,29.35,265.28
41258099999,MINA SULTAN QABOOS- MU,1136,469,23.6333333,58.5666666
67215099999,PEMBA- MZ,770,324,-12.986753,40.522492
89269099999,BONAPARTE POINT- AY,252,2367,-64.7833333,295.9333334
99842899999,OCEAN GROVE- NJ US,1302,2288,40.209,285.996
71507099999,HAWK HILLS AGCM- CA,1472,1942,57.25,242.71666670000002
68329099999,VAN ZYLSRUS- SF,631,176,-26.8833333,22.05
62018099999,ABU NJAYM- LY,1203,122,30.3552778,15.2541667
99769999999,PAGO PAGO- AQ,757,1514,-14.28,189.3
72091799999,HIGH ISLAND 179A- LA US,1191,2124,29.1833333,265.4833334
91598099999,MATTHEW ILOT- NC,676,1371,-22.3333333,171.3333333
94974099999,CAPE SORELL- AS,478,1161,-42.1986111,145.17
62131099999,HON- LY,1191,128,29.1166666,15.95
17110099999,GOKCEADA- TU,1301,207,40.1833333,25.9
91408199999,KOROR PALAU NWS- PS,973,1076,7.33,134.483
89668000414,PEGASUS FIELD- AY,120,1332,-77.95,166.517
67241099999,LUMBO- MZ,749,325,-15.033058,40.671728
01360099999,BRATA SLETTOM- NO,1518,63,61.9,7.9
81251099999,SIPALIWINI- NS,920,2431,2.0333333,303.88333339999997
62259099999,TAZERBO- LY,1156,169,25.6727778,21.0905556
62007099999,ZUARA- LY,1225,96,32.5552778,12.0555556
72695824285,NEWPORT MUNICIPAL AIRPORT- OR US,1345,1888,44.58333,235.95
92014899999,MOMOTE- PP,879,1179,-2.061889,147.42415
62059099999,DERNA- LY,1227,181,32.7833333,22.5833333
67107099999,ANTSIRABE- MA,701,377,-19.8166667,47.0666667
02808099999,INARI SEVETTIJARVI- FI,1595,231,69.5833333,28.85
68817099999,CAPE TOWN PORTNET- SF,561,147,-33.9,18.4333333
67223099999,MONTEPUEZ- MZ,768,312,-13.1333333,39.0333333
40633099999,TIKRIT- IZ,1245,350,34.5666666,43.7
70104626418,CENTRAL NUMBER 2- AK US,1555,1722,65.5667,215.2347
62772099999,KOSTI RABAK- SU,1031,261,13.1666667,32.6666667
67971099999,ZVISHAVANE- ZI,696,241,-20.3166666,30.0666666
72695099999,NEWPORT MUNICIPAL- OR US,1345,1888,44.58,235.942
62751099999,WAD MEDANI- SU,1043,268,14.4,33.4833333
64660099999,BAMBARI- CT,958,165,5.85,20.65
88903099999,GRYTVIKEN- SX,357,2588,-54.2833333,323.5
72408614793,WILLOW GROVE NAS- PA US,1301,2279,40.2,284.85
91772099999,NIUAFOOU- TN,744,1475,-15.5666666,184.3833334
89253099999,JOINVILLE ISLAND- AY,268,2437,-63.1833333,304.6
62052599999,MITIGA- LY,1228,106,32.894085,13.276
72091499999,EUGENE I 2150ILP- LA US,1186,2148,28.6333333,268.5166667
72783024149,LEWISTON AIRPORT- ID US,1363,1944,46.37458,242.98471
48407599999,BURI RAM- TH,1052,826,15.229539,103.253231
41290099999,DUQM- MU,1096,461,19.6166666,57.6333333
67327099999,PANDA- MZ,659,278,-24.05,34.7166667
62120099999,GARIAT EL SHARGHIA- LY,1203,109,30.3833333,13.5833333
67961099999,KEZI- ZI,690,228,-20.9166666,28.45
72229599999,SOUTH TIMBALIER- LA US,1185,2155,28.5333333,269.4166667
62055099999,AGEDABIA- LY,1207,161,30.7166666,20.1666666
99404299999,CHARLOTTE AMALIE- VQ,1083,2361,18.33,295.08
62014099999,BENWLID- LY,1217,112,31.7405556,13.9572222
62641099999,PORT SUDAN- SU,1095,298,19.5833333,37.2166666
64701099999,MAO- CD,1041,123,14.1166667,15.3166667
98637099999,ILOILO- RP,1007,980,10.713067,122.541083
72069999999,CARROLL CO REGIONAL JAC- MD US,1296,2264,39.608,282.992
71563099999,DELTA MARCH CS- CA,1401,2093,50.1833333,261.6166667
07549099999,AURILLAC- FR,1348,19,44.891388,2.421944
94295099999,LUCINDA POINT AWS- AS,714,1171,-18.5166666,146.3833333
62019099999,SIRTE- LY,1211,133,31.2,16.5833333
71144099999,OAKPOINT MARINE MAN- CA,1404,2096,50.4994444,261.9633333
72091699999,GREEN CANYON 338- LA US,1176,2156,27.6333333,269.55
82288099999,PARNAIBA PREFEITO DR JOAO SILVA FILHO- BR,871,2546,-2.893747,318.268039
89768099999,MINNA BLUFF- AY,114,1333,-78.55,166.65
89014099999,NORDENSKIOLD BASE- AY,169,2773,-73.05,346.6166667
74207024201,GRAY ARMY AIR FIELD- WA US,1370,1899,47.08333,237.41667
07471099999,LOUDES- FR,1350,30,45.080689,3.762889
62730099999,KASSALA- SU,1053,291,15.387494,36.328842
89252099999,COMANDANTE FERRAZ- AY,279,2413,-62.0833333,301.6166667
72092199999,W CAMERON 368A- TX US,1189,2134,28.9166666,266.7
07768099999,LA CHIAPPA- FR,1315,75,41.6,9.3666667
99999903075,DULCE 1 NW- NM US,1269,2024,36.9352,252.99970000000002
72072900435,BRAZOS 451 OILP- TX US,1184,2114,28.5,264.284
25538099999,VERHNEE PENZINO- RS,1542,1314,64.2166666,164.2333333
91334040505,CHUUK WEATHER SERVICE OFFICE AIRPORT- FM FM,974,1215,7.46666,151.85
74207199999,GRAY ARMY AIR FIELD- WA US,1370,1899,47.083,237.417
72073599999,NW PANAMA CITY INTERNATIONAL- FL US,1203,2194,30.358,274.201
67280099999,CAIA- MZ,721,283,-17.8333333,35.3333333
99819999999,PANAMA CITY- FL US,1201,2195,30.15,274.3333334
68849099999,GRAHAMSTOWN- SF,567,212,-33.2833333,26.5
62056099999,SHAHAT- LY,1227,175,32.8,21.8833333
94404099999,PAYNES FIND- AS,607,941,-29.2666666,117.6833333
62103099999,GHADAMES EAST- LY,1201,78,30.151695,9.715305
62012099999,EL KHOMS- LY,1224,113,32.4008333,14.1425
71914399999,NANISIVIK- CA,1629,2203,72.982222,275.386389
67977099999,BUFFALO RANGE- ZI,689,253,-21.008083,31.57855
32252099999,UST VOYAMPOLKA- RS,1484,1273,58.5,159.1666666
94103099999,BROWSE ISLAND AWS- AS,758,988,-14.1166666,123.5333333
78551099999,CHRISTIANSTED HENRY- VQ,1076,2362,17.7,295.217
67237099999,NAMPULA- MZ,748,314,-15.105611,39.2818
65112599999,NNAMDI AZIKIWE INTERNATIONAL- NI,990,58,9.006781,7.263175
99999973805,NORTHWEST FLORIDA BEACHES INTERNATIONAL AIRPORT- FL US,1203,2194,30.34869,274.21165
78547011624,HENRY E. ROHLSEN AIRPORT- VI US,1076,2362,17.69965,295.18751
63687099999,KAKAMEGA- KE,902,278,0.271342,34.787297
40603099999,TEL AFER- IZ,1263,340,36.3666666,42.4833333
91642099999,FUNAFUTI- TV,814,1434,-8.5,179.2166666
62212099999,GHAT- LY,1151,81,25.145564,10.142647
96749599999,HALIM PERDANAKUSUMA INTERNATIONAL- ID,837,855,-6.266608,106.891117
72038500419,BERTHOUD PASS- CO US,1297,2034,39.8,254.23399999999998
62176099999,GIGHBUB- LY,1197,196,29.75,24.5333333
71491099999,FORT GOOD HOPE CS- CA,1562,1851,66.2333333,231.35
71583099999,QAVVIK LAKE NWT- CA,1582,1903,68.25,237.9
62008099999,YEFREN- LY,1220,99,32.0402778,12.3127778
65010099999,SADIQ ABUBAKAR III INTERNATIONAL- NI,1029,42,12.916322,5.207189
40095099999,DARA A- SY,1225,289,32.6,36.1
91531099999,NAURU- NR,894,1335,-0.531,166.9166666
72049800153,CHESTERFIELD CO AIRPORT- VA US,1273,2260,37.4,282.483
40958599999,CAMP BLESSING NANGA- AF,1249,567,34.983,70.9
62200099999,OBARI- LY,1165,102,26.6,12.7833333
99408699999,SHP SHELL POINT FL- US,1200,2206,30.06,275.71
99408499999,PILOT ROCK AK- US,1497,1684,59.74,210.53
72244503904,COLLEGE STATION EASTERWOOD FIELD- TX US,1205,2109,30.5912,263.63691
41950099999,BARISAL- BG,1127,723,22.75,90.3666666
63453099999,METEHARA- ET,988,319,8.8666666,39.9
72207203894,CLARKSVILLE OUTLAW AIRPORT- TN US,1266,2181,36.61689,272.58826
60732099999,LE KEF- TS,1261,70,36.1333333,8.7
99822799999,APRA HARBOR GUAM- GQ,1034,1157,13.444,144.657
60020099999,STA. CRUZ DE TENERIFE- SP,1184,2750,28.45,343.75
72493623254,CONCORD BUCHANAN FIELD- CA US,1279,1904,37.99165,237.94732
99413099999,ROCK OF AGES MI- MI US,1378,2166,47.87,270.69
13584099999,SOLUNSKA GLAVA- MK,1317,172,41.7333333,21.5166666
72785494119,DEER PARK AIRPORT- WA US,1379,1941,47.97416,242.57079
08235099999,TERUEL- SP,1303,2871,40.35,358.8833334
71947299999,MOUNT WASHINGTON- CA,1402,1876,50.25,234.53
68297099999,KOMATIDRAAI- SF,644,255,-25.5166666,31.9
72204512843,VERO BEACH INTERNATIONAL AIRPORT- FL US,1176,2237,27.6553,279.58575
91591599999,MAGENTA- NC,677,1332,-22.258278,166.472806
99729199999,FOREST OIL HIGH ISLA- LA US,1181,2131,28.12,266.33
72608814606,BANGOR INTERNATIONAL AIRPORT- ME US,1347,2329,44.79791,291.18147999999997
72263693042,DALHART FAA AIRPORT- TX US,1260,2060,36.02516,257.45125
72668624025,PIERRE REGIONAL AIRPORT- SD US,1343,2078,44.38191,259.71359
72202512849,FORT LAUDERDALE INTERNATIONAL AIRPORT- FL US,1160,2239,26.07875,279.83777
71562099999,CYPRESS BOWL SNOWBOARD- CA,1393,1894,49.3833333,236.8
99817599999,CAL POLY PIER- CA US,1251,1914,35.1666666,239.2666667
17285099999,HAKKARI- TU,1275,350,37.5666666,43.7666666
72408913781,WILMINGTON NEW CASTLE CO AIRPORT- DE US,1296,2275,39.67444,284.39434
91245041606,WAKE ISLAND- UM WQ,1092,1333,19.28333,166.65
72509594746,WORCESTER REGIONAL AIRPORT- MA US,1322,2305,42.2706,288.1269
37492099999,BAKHMARO- GG,1318,339,41.85,42.3166666
99825399999,CUTLER- ME US,1346,2342,44.65,292.7
71692099999,MARTICOT ISLAND- CA,1373,2443,47.3333333,305.4166667
41936099999,JESSORE- BG,1131,713,23.1838,89.160833
74793099999,VERO BEACH MUNICIPAL- FL US,1176,2237,27.65,279.58299999999997
72607099999,BANGOR INTERNATIONAL- ME US,1347,2329,44.8,291.183
71499999999,DUBAWNT LAKE- CA,1532,2066,63.233,258.233
99824999999,PENUELAS- RQ,1079,2346,17.9666666,293.2333334
65222099999,ONDO- NI,970,39,7.1,4.8333333
72344613971,HARRISON BOONE CO AIRPORT- AR US,1262,2135,36.26727,266.84343
72518514750,GLENS FALLS AIRPORT- NY US,1333,2291,43.33849,286.38976
94127099999,POINT STUART- AS,777,1055,-12.2333333,131.8833333
72678524135,BUTTE BERT MOONEY AIRPORT- MT US,1359,1980,45.96436,247.49853000000002
72503504781,ISLIP LI MACARTHUR AIRPORT- NY US,1307,2295,40.79389,286.89819
68190099999,PHALABORWA- SF,660,249,-23.937166,31.15539
62360199999,BORG EL ARAB INTERNATIONAL- EG,1209,238,30.917669,29.696408
71143099999,BACHELORS ISLAND MARINE MAN- CA,1417,2081,51.75,260.1
67335099999,XAI XAI- MZ,649,269,-25.05,33.6333333
72779624137,CUT BANK AIRPORT- MT US,1386,1981,48.60355,247.62337
72234713833,HATTIESBURG CHAIN MUNICIPAL AIRPORT- MS US,1212,2166,31.26951,270.74391
63533099999,NEGHELLI MIL- ET,952,318,5.2833333,39.75
65125099999,ABUJA- NI,992,56,9.25,7.0
10122099999,JEVER- GM,1435,63,53.5335,7.888667
06432499999,LIEGE- BE,1406,44,50.6333333,5.45
72582403170,EUREKA AIRPORT- NV US,1296,1952,39.6013,243.99450000000002
72427099999,OAK RIDGE- TN US,1260,2206,36.017,275.783
88900099999,BIRD ISLAND- SX,360,2576,-54.0,321.95
72201712876,WINTER HAVEN GILBERT AIRPORT- FL US,1180,2226,28.06137,278.24316
72757099999,GRAND FORKS INTERNATIONAL- ND US,1379,2103,47.933,262.83299999999997
41943099999,FENI- BG,1130,731,23.0333333,91.4166666
72318313877,BRISTOL AIRPORT- TN US,1264,2221,36.47964,277.60107
14031099999,MURSKA SOBOTA- SI,1366,130,46.65,16.2
99820799999,SHELL WEST DELTA 143 OIL PLATFORM- US,1186,2164,28.65,270.45
72354613969,PONCA CITY MUNICIPAL AIRPORT- OK US,1267,2103,36.73689,262.89766
72235613939,GREENVILLE ASOS- MS US,1234,2152,33.49385,269.01941999999997
72503394728,NY CITY CENTRAL PARK- NY US,1307,2288,40.77898,286.03075
40658099999,NUKHEB- IZ,1220,338,32.0333333,42.2833333
91648099999,NIULAKITA- TV,792,1436,-10.75,179.5
72324653868,OAK RIDGE ASOS- TN US,1260,2206,36.023,275.7663
72524614891,MANSFIELD LAHM REGIONAL AIRPORT- OH US,1308,2220,40.8204,277.48231
70298626557,BIG RIVER LAKES- AK US,1508,1662,60.81417,207.70306
72058199999,LINDEN- NJ US,1306,2286,40.617447,285.755406
91592599999,TOUHO- NC,692,1322,-20.790028,165.259486
72243512918,HOUSTON WILLIAM P HOBBY AIRPORT- TX US,1196,2118,29.64586,264.71788
00826099999,WXPOD8270,899,0,0.0,0.0
64458099999,OUESSO- CF,916,128,1.615994,16.037917
07629399999,LHERM- FR,1334,10,43.448891,1.263333
71959599999,TUKTOYAKTUK- CA,1594,1816,69.433334,226.973611
72206853860,JACKSONVILLE CRAIG MUNICIPAL AIRPORT- FL US,1203,2228,30.33708,278.48723
78855099999,ROSEAU- DO,1052,2389,15.3,298.6
72232012884,BOOTHVILLE ASOS- LA US,1193,2165,29.333,270.5925
71183099999,MONTREAL PIERRE ELLIOTT TRUDEAU INTERNATIONAL QU- CA,1354,2290,45.4666666,286.2666667
72683524230,REDMOND AIRPORT- OR US,1342,1911,44.2558,238.85930000000002
68290099999,HOEDSPRUIT AFB- SF,656,248,-24.358593,31.052306
83650099999,TRINDADE ILHA- BR,694,2645,-20.5,330.6833334
72272093063,SILVER CITY GRANT CO AIRPORT- NM US,1226,2015,32.63333,251.83333
72439693989,QUINCY REGIONAL AIRPORT- IL US,1299,2150,39.93709,268.80339
72214612816,GAINESVILLE REGIONAL AIRPORT- FL US,1196,2222,29.6917,277.72397
72574524057,RAWLINS AIRPORT- WY US,1318,2022,41.80644,252.80482
72493593228,HAYWARD AIR TERMINAL- CA US,1276,1903,37.65886,237.87884
72348903935,CAPE GIRARDEAU FAA AIRPORT- MO US,1272,2163,37.22545,270.42145
72273593026,DOUGLAS BISBEE INTERNATIONAL AIRPORT- AZ US,1214,2003,31.4583,250.3939
31829099999,ZOLOTOJ- RS,1373,1112,47.3166666,138.9833333
71897099999,MCINNES ISLAND BC- CA,1422,1850,52.25,231.2833334
72679624138,DILLON AIRPORT- MT US,1352,1980,45.2584,247.44546
72782624141,EPHRATA AIRPORT- WA US,1373,1924,47.30777,240.48449
08502099999,CORVO ISLAND AZORES- PO,1296,2631,39.67,328.88
72205612834,DAYTONA BEACH INTERNATIONAL AIRPORT- FL US,1191,2231,29.17351,278.92815
80416099999,GENERALISIMO FRANCISCO DE MIRANDA AB- VE,1004,2345,10.485033,293.156483
72545514931,BURLINGTON MUNICIPAL AIRPORT- IA US,1307,2151,40.77291,268.87454
65082099999,MAIDUGURI- NI,1018,105,11.85,13.0833333
99817299999,LINCOLN ROCK- AK US,1460,1818,56.05,227.3
74694313786,ELIZABETH CITY COAST GUARD AIR STATION- NC US,1262,2271,36.25771,283.8284
74768593874,GULFPORT BILOXI AIRPORT- MS US,1204,2167,30.4121,270.91907000000003
91809099999,MANIHIKI HUMPHREY ISLAND- CW,796,1592,-10.3767,198.99801
67755099999,BINGA- ZI,723,219,-17.6166667,27.3333333
72491723233,SALINAS AIRPORT- CA US,1266,1907,36.66352,238.39072
72506014704,FALMOUTH OTIS AFB- MA US,1316,2316,41.65,289.48333
72764524012,DICKINSON THEODORE ROOSEVELT REGIONAL AIRPORT- ND US,1367,2058,46.79968,257.20285
72314503810,HICKORY FAA AIRPORT- NC US,1257,2229,35.74205,278.61775
76061099999,PUERTO PENASCO SON.- MX,1212,1972,31.3,246.45
11135099999,HAHNENKAMM EHRENBACHHOEHE- AU,1374,99,47.4166666,12.3666666
72669099999,RAWLINS MUNICIPAL- WY US,1317,2022,41.8,252.8
72258313960,DALLAS FAA AIRPORT- TX US,1228,2105,32.83839,263.16417
72213513870,ALMA BACON CO AIRPORT- GA US,1215,2220,31.54006,277.49265
72004699999,NEWHALL- CA US,1243,1931,34.37,241.43
85543099999,QUINTERO- CI,572,2308,-32.790214,288.478289
71686199999,WHISTLER MOUNT LOW LVL- CA,1400,1896,50.083,237.017
72423603889,JACKSON JULIAN CARROLL AIRPORT- KY US,1275,2213,37.591335,276.686304
72511514711,MIDDLETOWN HARRISBURG INTERNATIONAL AIRPORT- PA US,1301,2266,40.1962,283.22751
72445613997,VICHY ROLLA NATIONAL AIRPORT- MO US,1281,2146,38.13178,268.23532
72259613961,FORT WORTH MEACHAM FIELD- TX US,1228,2101,32.82478,262.63597
70249526547,HAYES RIVER- AK US,1519,1663,61.98333,207.91667
08530099999,CABO CARVOEIRO- PO,1293,2805,39.35,350.6
67217099999,LICHINGA- MZ,767,282,-13.273986,35.266262
41992099999,COXS BAZAR- BG,1114,736,21.452194,91.963889
40631099999,BAIJI- IZ,1248,348,34.9,43.5333333
72404593720,SALISBURY WICOMICO REGIONAL AIRPORT- MD US,1283,2276,38.3409,284.48676
48948099999,SENO- LA,1066,840,16.6666666,105.0
72477099999,EUREKA RAMOS- NV US,1295,1952,39.6,244.0
72787099999,DEER PARK- WA US,1379,1941,47.967,242.57299999999998
41304099999,MARMUL- MU,1081,441,18.1333333,55.1833333
72757614916,GRAND FORKS INTERNATIONAL AIRPORT- ND US,1379,2103,47.94281,262.81705999999997
72312593846,ANDERSON REGIONAL AIRPORT- SC US,1244,2218,34.498,277.29076
72326503847,CROSSVILLE MEMORIAL AIRPORT- TN US,1259,2199,35.95097,274.91859
72586994186,MALTA- ID US,1323,1973,42.3061,246.6312
71685199999,WHISTLER MOUNTAIN HIGH LEVEL R- CA,1400,1896,50.0666666,237.05
72360423007,CHILDRESS MUNICIPAL AIRPORT- TX US,1244,2078,34.42747,259.71609
72235913978,GREENWOOD LEFLORE AIRPORT- MS US,1234,2159,33.49612,269.91053999999997
41923099999,TEJGAON- BG,1137,723,23.778783,90.382689
94307099999,LEGENDRE ISLAND- AS,696,935,-20.3666666,116.85
76519099999,COLOTLAN JAL.- MX,1120,2054,22.1,256.7333334
72656094966,FERGUS FALLS AIRPORT- MN US,1362,2111,46.28333,263.85
72231713970,BATON ROUGE METRO AIRPORT- LA US,1205,2151,30.53782,268.85319
84132099999,NUEVO ROCAFUERTE- EC,890,2277,-0.9166666,284.5833334
84160099999,QUEROCHACA- EC,886,2251,-1.35,281.4
84270099999,LOJA LA ARGELIA- EC,859,2246,-4.0333333,280.8
84008099999,SAN CRISTOBAL- EC,890,2163,-0.9166666,270.38333339999997
84036099999,SAN GABRIEL- EC,905,2257,0.6,282.1833334
65030099999,ZARIA- NI,1011,61,11.130192,7.685806
85930099999,ISLOTES EVANGELISTAS- CI,376,2279,-52.4,284.9
84202099999,MILAGRO- EC,878,2243,-2.1166666,280.4
84226099999,CANAR- EC,874,2249,-2.55,281.0666667
71983099999,REA POINT NU- CA,1653,2034,75.3666666,254.2833334
84179099999,PUYO- EC,884,2257,-1.5,282.1
66104099999,CABINDA- AO,844,98,-5.596992,12.188353
76113099999,ALTAR SON.- MX,1207,1985,30.7166666,248.1666667
84135099999,PORTOVIEJO- EC,889,2236,-1.0333333,279.55
84072099999,INAQUITO- EC,898,2252,-0.1666666,281.5166667
84143099999,RUMIPAMBA- EC,889,2251,-1.0166666,281.4166667
84088099999,IZOBAMBA- EC,896,2252,-0.35,281.45
84140099999,PICHILINGUE- EC,888,2244,-1.1,280.5166667
84056099999,TOMALON- EC,900,2254,0.033,281.767
84105099999,PUERTO ILA- EC,895,2245,-0.4666666,280.6666667
89049099999,AGO 2- AY,43,2509,-85.6666666,313.6166667
84050099999,LA CONCORDIA- EC,900,2245,0.0166666,280.63333339999997
99825799999,ISABEL SEGUNDA VIEQUES- RQ,1081,2357,18.15,294.5666667
84076099999,LA TOLA- EC,897,2253,-0.2166666,281.63333339999997
72095699999,VERMILLON 331A- US,1182,2142,28.27,267.736
64383099999,RUHENGERI- RW,884,237,-1.5,29.6333333
06005099999,MYKINES- DA,1520,2819,62.1,352.3166667
96147099999,RANAI- ID,939,867,3.908714,108.387897
41946099999,SATKHIRA- BG,1127,713,22.7166666,89.0833333
64556099999,MAKOKOU- GB,905,103,0.579211,12.890908
71033199999,CHROME ISLAND- CA,1394,1883,49.467,235.317
67861099999,GOKWE- ZI,717,231,-18.2166667,28.9333333
72232899999,AMELIA LAKE PALOURD- LA US,1196,2151,29.7,268.9
65250099999,PORT HARCOURT INTERNATIONAL- NI,950,56,5.015494,6.949594
67743099999,HARRY MWAANGA NKUMBULA INTERNATIONAL- ZA,721,207,-17.8,25.8166666
17180099999,DIKILI- TU,1290,215,39.0666666,26.8833333
61705099999,SIBANOR- GA,1032,2750,13.2166666,343.8
76055099999,SAN FELIPE BCN- MX,1210,1961,31.0333333,245.15
89018099999,ZVEA EP6- AY,155,2788,-74.4833333,348.4833334
41929099999,FARIDPUR- BG,1135,719,23.6,89.85
64510099999,BITAM- GB,920,92,2.075639,11.493195
41926099999,CHUADANGA- BG,1136,711,23.65,88.8166666
41960099999,PATUAKHALI- BG,1123,723,22.3333333,90.3333333
41933099999,COMILLA- BG,1134,729,23.4333333,91.1833333
41947099999,KHULNA- BG,1127,716,22.7833333,89.5333333
10659799999,LANDSTUHL AHP- GM,1394,60,49.403058,7.536111
65264099999,CALABAR- NI,949,67,4.976019,8.347197
40643099999,AUKASHAT- IZ,1237,321,33.8,40.1333333
67161099999,TOLIARA- MA,666,350,-23.383369,43.728453
91631099999,NANUMEA ISLAND- TV,843,1409,-5.6666667,176.1333333
65145099999,IBI- NI,981,78,8.1833333,9.75
70063526465,GALBRAITH LAKE AIRPORT- AK US,1584,1684,68.47889,210.51
97390099999,PRESIDENTE NICOLAU LOBATO INTERNATIONAL- TT,814,1004,-8.546553,125.524719
17100099999,IGDIR- TU,1299,352,39.9166666,44.05
72229799999,MISSISSIPPI CANYON 778- LA US,1181,2133,28.15,266.65
67273099999,ANGOCHE- MZ,737,319,-16.2166666,39.9
64005099999,MBANDAKA- CG,900,146,0.0226,18.288744
61711099999,BANJUL HALF DIE- GA,1034,2748,13.45,343.55
70174899999,PROSPECT CREEK AIRPORT- AK US,1568,1675,66.8166666,209.35
40637099999,KHANAQIN- IZ,1243,363,34.35,45.3833333
65123099999,MINNA- NI,996,52,9.6166666,6.5333333
71438099999,WESTERN ISLAND AUT ONT- CA,1350,2237,45.0333333,279.63333339999997
67561099999,NDOLA SIMON MWANSA KAWEPEWE INTERNATIONAL- ZA,770,229,-12.9833333,28.65
41275099999,QARN ALAM- MU,1113,456,21.3833333,57.05
81003099999,EUGENE F CORREIA INTERNATIONAL- GY,968,2415,6.8166666,301.88333339999997
68321099999,SWARTKOPS AFB- SF,641,233,-25.8166666,29.1666666
72230899999,FOURCHON SAWRS- LA US,1190,2158,29.1,269.8
60601099999,HAMRA- AG,1192,52,29.2333333,6.4833333
67117099999,MORONDAVA- MA,697,355,-20.28475,44.317614
62795099999,ABU NA AMA- SU,1027,273,12.7333333,34.1333333
68395099999,HLATHIKHULU- WZ,630,251,-26.9666666,31.3166666
72092599999,ATLANTIS- LA US,1171,2160,27.2,269.9666667
61707099999,JENOI- GA,1034,2755,13.4833333,344.4333334
74003024103,DUGWAY PROVING GROUNDS- UT US,1301,1977,40.18333,247.06667
67331099999,MAPULANGUENE MAPUTO- MZ,655,257,-24.4833333,32.0833333
60471099999,BARIKA- AG,1253,43,35.3333333,5.3333333
72571594025,HAYDEN YAMPA VALLEY AIRPORT- CO US,1304,2022,40.48111,252.7825
02680099999,HOBURG- SW,1469,145,56.9166666,18.15
07752099999,LA PARATA- FR,1319,69,41.9166667,8.6166667
91961099999,PITCAIRN ISLAND AWS A- PC,649,1839,-25.0666666,229.9
74641099999,GAGE- OK US,1262,2082,36.283,260.233
78439599999,CAMP CANARGUS- HA,1085,2301,18.567,287.683
08014299999,BARDENAS REALES- SP,1321,2868,42.2,358.55
17380099999,KAS- TU,1261,237,36.2,29.65
71002199999,CALLAGHAN VALLEY SKI JUMP BOTTOM- CA,1401,1895,50.1333333,236.8833334
02206099999,STORLIEN STORVALLEN- SW,1532,97,63.2833333,12.1333333
02499099999,ALMAGRUNDET- SW,1491,153,59.15,19.1333333
02410099999,MALUNG- SW,1506,110,60.6833333,13.7
71601699999,SHEARWATER AUTO- CA,1346,2372,44.63,296.5
41216199999,AL HAMRA AUX- AE,1140,420,24.073981,52.463644
71136299999,WHISTLER MOUNTAIN TIMING FLATS- CA,1400,1896,50.1,237.0166667
71856099999,GIMLI INDUSTRIAL- CA,1406,2104,50.617,262.967
71684199999,WHISTLER MOUNTAIN HIGH LEVEL- CA,1400,1896,50.0833333,237.05
71367099999,CORMACK RCS- CA,1393,2421,49.31667,302.6
86315099999,BELLA UNION- UY,597,2419,-30.2666666,302.4166667
71056099999,FORT CHIPEWYAN RCS- CA,1487,1991,58.7666666,248.8833334
71293099999,HALL BEACH- CA,1587,2230,68.7833333,278.75
99819399999,MOKUOLOE- HI US,1114,1618,21.4333333,202.2166667
62660099999,KARIMA- SU,1085,255,18.55,31.85
62941099999,JUBA- OD,948,253,4.87406,31.59871
72352713975,GAGE AIRPORT- OK US,1262,2082,36.29659,260.23135
40623599999,QAYYARAH WEST- IZ,1257,345,35.767194,43.125122
62366599999,EDFU- EG,1149,263,24.9833333,32.8666666
67261099999,TETE- MZ,738,269,-16.1833333,33.5833333
68111599999,REHOBETH- WA,667,137,-23.25,17.0666666
71891899999,PEMBERTON- CA,1403,1898,50.3025,237.262222
71689199999,CYPRESS BOWL NORTH- CA,1393,1894,49.4,236.8
02762099999,KOKEMAKI PEIPOHJA HYRKOLA- FI,1512,178,61.2666666,22.25
62801099999,RENK- SU,1017,262,11.75,32.7833333
17191099999,CIHANBEYLI- TU,1286,264,38.65,32.95
88883099999,WEDDELL ISLAND- FK,381,2393,-51.9,299.0833334
71003199999,CALLAGHAN VALLEY BIATHALON- CA,1401,1895,50.15,236.8833334
02324099999,SVEG- SW,1520,113,62.0166666,14.1833333
72070199999,OSCEOLA MUNICIPAL- IA US,1310,2131,41.05,266.317
95289099999,GREEN ISLAND- AS,732,1168,-16.7666666,145.9666666
62062099999,TOBRUK- LY,1220,191,32.1,23.9333333
68002299999,HENTIES BAY- WA,678,114,-22.1166666,14.2833333
62770099999,GENEINA- SU,1034,180,13.4833333,22.45
67261499999,TETE CHINGODZI- MZ,738,269,-16.104817,33.640181
68006599999,OOTMOED- WA,659,158,-24.0167,19.73333
71001199999,CALLAGHAN VALLEY SKI JUMP TOP- CA,1401,1895,50.1333333,236.8833334
71693099999,CYPRESS BOWL SOUTH- CA,1393,1894,49.3833333,236.8
62809099999,BABANUSA- SU,1013,223,11.3333333,27.8166666
02730099999,SAVOLINNA RUUNAVUORI- FI,1518,231,61.8333333,28.85
78081099999,NASSAU- BF,1150,2261,25.0833333,282.63333339999997
62760099999,EL FASHIR- SU,1036,203,13.614892,25.32465
14442099999,KNIN- HR,1340,130,44.0333333,16.2
58660099999,LINHAI REPLACED BY 58652 XIANJU- CH,1188,969,28.85,121.133
76856099999,PUERTO ANGEL OAX.- MX,1056,2108,15.666667,263.5
72529699999,BOWMAN MUNICIPAL- ND US,1361,2053,46.186993,256.57192
01483099999,TORP- NO,1491,82,59.1833333,10.2666666
70267526484,PAXSON- AK US,1530,1716,63.03222,214.50167
72224503882,PANAMA CITY BAY CO AIRPORT- FL US,1202,2195,30.21194,274.31722
71207999999,SQUAMISH- CA,1397,1895,49.7833333,236.8333333
71004099999,CYPRESS BOWL FREESTYLE- CA,1393,1894,49.4,236.8
68100099999,SWAKOPMUND- WA,673,117,-22.6583333,14.5666666
91723099999,NUKUNONU AWS- TL,808,1505,-9.1833333,188.116667
64851099999,SALAK- CM,1004,114,10.451392,14.257361
74392014611,BRUNSWICK NAS- ME US,1338,2321,43.9,290.06667
72039999999,CAMP BLANDING ARMY AIR FIELD- FL US,1199,2224,29.952499,278.020279
87688099999,TRES ARROYOS- AR,516,2397,-38.386911,299.670289
91701099999,KANTON ISLAND- KR,872,1506,-2.7666666,188.2833334
85782099999,OSORNO- CI,493,2296,-40.6,286.95
92003099999,DARU W.O.- PP,809,1146,-9.0833333,143.2
03779099999,LONDON WEA CENTER- UK,1414,2879,51.5,359.8833333
83672999999,TANCREDO THOMAS DE FARIA- BR,646,2468,-25.387461,308.479828
67442099999,MFUWE- ZA,767,255,-13.267,31.933
68514099999,HENKRIES- SF,610,145,-28.9666666,18.1
60728099999,NABEUL- TS,1264,86,36.4666666,10.7
06846099999,SCALOTTAS- SZ,1367,76,46.7166666,9.5166666
06842099999,SITTERDORF- SZ,1375,74,47.5166666,9.2666666
80462099999,SANTA ELENA DE UAIREN- VE,945,2391,4.554722,298.855078
67889099999,WYANGA- ZI,717,262,-18.2833333,32.75
88878099999,PEBBLE ISLAND- UK,386,2403,-51.3166666,300.4
80222699999,EL YOPAL- CO,953,2301,5.319114,287.616025
84564099999,ALFEREZ FAP D F FERNANDINI- PE,801,2270,-9.878811,283.795203
68013099999,ONDANGWA- WA,721,128,-17.883,15.95
99406299999,GREEN BAY ENTRANCE LIGHT- WI US,1346,2177,44.655,272.098
61769099999,BOLAMA- PU,1015,2756,11.5833333,344.5166667
99779699999,POINT BISHOP- AK US,1481,1807,58.2,225.8666667
68012099999,TSUMEB- WA,707,142,-19.261906,17.7325
03372399999,BARKSTON HEATH- UK,1429,2876,52.962225,359.438375
71056599999,PRIMROSE LAKE DND- CA,1447,2000,54.75,249.95
85834099999,ISLA HUAFO- CI,464,2281,-43.5666666,285.1666667
64705099999,BOUSSO- CD,1004,134,10.4833333,16.7166666
12122099999,WICKO MORSKIE- PL,1445,133,54.55,16.62
17239099999,AKSEHIR- TU,1283,251,38.35,31.4166666
78890099999,LA DESIRADE- GP,1063,2392,16.3333333,299.0
40984399999,COP SPERA- AF,1230,556,33.05,69.5
67853099999,HWANGE NATIONAL PARK- ZI,713,216,-18.629872,27.021042
67221099999,MARRUPA- MZ,767,300,-13.225053,37.552067
84542099999,COMANDANTE FAP GERMAN ARIAS GRAZIANI- PE,806,2259,-9.347444,282.401608
48431599999,NAKHON RATCHASIMA- TH,1049,819,14.949497,102.312736
33717599999,MARCULESTI INTERNATIONAL- MD,1378,226,47.8666666,28.2166666
41031099999,MINA- SA,1114,319,21.4166666,39.8666666
89669099999,MCMURDO STATION ICE RUNWAY- AY,121,1332,-77.85395,166.468761
85175099999,ASCENCION GUARAYOS- BL,742,2375,-15.7166667,296.9
76258099999,CIUDAD OBREGON SON- MX,1174,2001,27.4833333,250.08333399999998
68015199999,KARASBURG- WA,619,150,-28.0,18.75
64702099999,BOL BERIM- CD,1034,118,13.4333333,14.7333333
68003599999,ARANOS- WA,658,153,-24.1666666,19.1666666
72074399999,S PADRE ISLAND HELIPORT- TX US,1160,2103,26.0705556,262.8428472
72074299999,FAITH RANCH AIRPORT- TX US,1182,2080,28.2085556,259.981195
48020099999,MAWLAIK- BM,1136,755,23.6333333,94.4166666
89081099999,PATRIOT HILLS AWS- AY,97,2229,-80.3,278.6666667
89865099999,WHITLOCK- AY,138,1347,-76.1333333,168.3833333
40604099999,SINJAR- IZ,1263,335,36.3166666,41.8333333
67346099999,CHANGALANE AUTO- MZ,636,257,-26.3,32.18
67231099999,CUAMBA- MZ,751,292,-14.8166667,36.5333333
43399099999,PARO- BT,1174,715,27.403192,89.424606
72091999999,N PADRE 975- TX US,1168,2105,26.8333333,263.0666667
62880099999,WAU- OD,976,224,7.7,28.0166666
68272099999,OUDESTAD- SF,648,235,-25.1833333,29.3333333
94324099999,YUENDUMU- AS,677,1054,-22.25,131.8
72086899999,WATFORD CITY MUNICIPAL- ND US,1377,2054,47.7957,256.7463
72086799999,RUGBY MUNICIPAL- ND US,1383,2080,48.390358,259.975725
92022099999,VANIMO- PP,872,1131,-2.7,141.3166666
72091599999,E CAMERON 47JP- LA US,1194,2136,29.4333333,267.0166667
65073099999,POTISKUM- NI,1016,88,11.7,11.0333333
41390099999,TAIZ CIV MIL- YM,1036,353,13.6833333,44.15
23376099999,SVETLOGORSK- RS,1569,707,66.9333333,88.3666666
08053099999,PONFERRADA- SP,1325,2827,42.5666666,353.4
30165099999,SVETLY- RS,1484,928,58.4166666,116.0166666
25034099999,BUHTA AMBARCIK- RS,1596,1298,69.6166666,162.3
22292099999,INDIGA- RS,1576,389,67.6833333,48.6833333
17205099999,TATVAN- TU,1284,338,38.4833333,42.3
35127099999,AK BULAK- RS,1410,445,51.0166666,55.6333333
23862099999,KORLIKI- RS,1515,659,61.5333333,82.4166666
27894099999,NOVODEVIC E- RS,1435,391,53.6,48.8333333
84217099999,CORONEL E CARVAJAL- EC,877,2255,-2.299167,281.87925
22481099999,MOSEEVO- RS,1557,370,65.7666666,46.2
26393099999,VYSNIJ VOLOCEK- RS,1475,277,57.55,34.5666666
29874099999,KARATUZSKOE- RS,1435,743,53.5833333,92.8833333
60695099999,TIN ZAOUATENE- AG,1099,24,19.9666666,2.9833333
24918099999,PREOBRAZHENKA- RS,1500,865,60.05,108.0833333
60692099999,IN GUEZZAM- AG,1095,46,19.57,5.75
84147099999,CHACHOAN- EC,887,2251,-1.212067,281.425364
22429099999,SOLOVKI- RS,1550,286,65.0333333,35.7
20946099999,IM E K FEDOROVA- RS,1604,473,70.45,59.0833333
72100899999,NOVEMBER GRASS RANGE- MT US,1370,2008,47.0666666,250.966667
60605099999,TABELBALA- AG,1194,2854,29.4166666,356.75
02937099999,KOKEMAKI TULKKILA- FI,1512,179,61.25,22.35
40703799999,KALALEH- IR,1273,444,37.3833333,55.45
29561099999,NAZAROVO- RS,1460,723,56.0333333,90.3166666
22638099999,KALGACHIHA- RS,1533,294,63.3333333,36.7166666
36104099999,SARYG SEP- RS,1414,765,51.4833333,95.5833333
60393099999,DAR EL BEIDA VILLE- AG,1266,26,36.7,3.2
28502099999,VJATSKIE POLJANY- RS,1462,408,56.2333333,51.0333333
25715099999,OMSUKCHAN- RS,1525,1246,62.5166666,155.8
29558099999,GGP KATEK- RS,1455,714,55.5333333,89.2
81209099999,STOELMANSEILAND- NS,943,2445,4.35,305.5833334
25916099999,ALEVINA MYS- RS,1488,1211,58.8333333,151.35
23345099999,NYDA- RS,1566,583,66.6333333,72.9333333
25919099999,BRAT EV MYS- RS,1490,1227,59.1,153.3333333
02959099999,LAPPEENRANTA LEPOLA- FI,1510,226,61.05,28.2166666
01453099999,HYNNEKLEIV- NO,1485,67,58.6,8.4166666
28908099999,AVANGARD ZERNOSOVHOZ- RS,1426,410,52.6166666,51.2833333
26784099999,POCHINOK- RS,1444,259,54.4166666,32.4333333
68006899999,OSHAKATI- WA,721,126,-17.8,15.7
27417099999,KLIN- RS,1463,294,56.35,36.75
23527099999,SARAN PAUL- RS,1542,487,64.2833333,60.8833333
01489099999,BJORNHOLT- NO,1500,85,60.05,10.6833333
01011099999,KVITOYA- SV,1700,252,80.0666666,31.5
11812099999,MALY JAVORNIK- LO,1382,137,48.25,17.15
06624099999,HALLAU- SZ,1376,68,47.6833333,8.4666666
22193099999,BUGRINO- RS,1587,394,68.7833333,49.3
25648099999,SLAUTNOE- RS,1531,1343,63.2,167.85
02989099999,HELSINKI LIGHTHOUSE- FI,1499,199,59.95,24.9333333
27511099999,NOVO JERUSALIM- RS,1458,295,55.9,36.8166666
71136099999,BRANDON RCS MB- CA,1399,2080,49.907583,260.053745
25904099999,MADAUN- RS,1505,1206,60.6,150.7
72042203037,COLBY SHALTZ FIELD AIRPORT- KS US,1294,2072,39.4275,258.95361
22749099999,KONEVO- RS,1521,314,62.1333333,39.3
02934099999,HELSINKI RAILWAY STATION SQ- FI,1501,200,60.1666666,24.95
68006999999,BAGANI- WA,718,173,-18.1166666,21.6166666
76490099999,ISLA PEREZ- MX,1123,2163,22.3833333,270.3166667
36092099999,TURAN- RS,1421,751,52.15,93.9166666
02946099999,JAMSA HALLI LENTOASEMANTIE- FI,1518,199,61.8666666,24.8166666
29771099999,SHCHETINKINO- RS,1453,737,55.35,92.1
28612099999,MUSLJUMOVO- RS,1453,425,55.3166666,53.1833333
01449099999,GJERSTAD- NO,1488,72,58.8666666,9.0333333
68151099999,LEPHEPE- BC,666,207,-23.3666666,25.85
99849099999,TEXAS POINT- TX US,1196,2129,29.689,266.158
03140199999,MAGNUS OIL PLATFORM- UK,1516,10,61.6166666,1.3
29276099999,MOTYGINO- RS,1481,758,58.1833333,94.75
27507099999,GAGARIN- RS,1455,280,55.5166666,35.0333333
29203099999,NOVYJ VASYUGAN- RS,1485,612,58.5833333,76.5166666
68006799999,MALTAHOHE- WA,652,136,-24.7666666,16.9833333
72525800382,TOCCOA RG LETOURNEAU FIELD AIRPORT- GA US,1245,2214,34.594,276.704
23812099999,JAKSHA- RS,1518,455,61.8333333,56.8666666
72043700143,CHEYENNE CO MUNICIPAL AIRPORT- KS US,1297,2066,39.767,258.2
31096099999,SPAFAR EVA OSTROV- RS,1491,1192,59.15,149.0333333
29974099999,OLEN YA RECHKA- RS,1427,746,52.8,93.2333333
27921099999,EFREMOV- RS,1431,305,53.15,38.1166666
32519099999,KRONOKI- RS,1446,1290,54.6166666,161.2
27491099999,NOVYJ TOR JAL- RS,1469,390,57.0,48.7333333
60767099999,GABES- TS,1237,79,33.7333333,9.9166666
22361099999,MORZHOVEC- RS,1567,340,66.7166666,42.4833333
71304099999,BEAVER MINES- CA,1394,1967,49.4666666,245.81666669999998
02983099999,NURMIJARVI GEOPHSICAL OBSERVATORY- FI,1505,197,60.5166666,24.65
03140499999,MILLER OIL PLATFORM- UK,1487,11,58.7166666,1.4
03140799999,MARNOCK OIL PLATFORM- UK,1472,13,57.2833333,1.65
23788099999,KUZ MOVKA- RS,1523,737,62.3166666,92.1166666
24807099999,MUTORAJ- RS,1513,804,61.3333333,100.4833333
24894099999,KOLYMSKAYA- RS,1518,1181,61.85,147.6666666
29393099999,CHERVYANKA- RS,1476,796,57.65,99.5333333
86595099999,PUNTA DEL ESTE- UY,550,2440,-34.9666666,305.05
29587099999,IRBEJSKOE- RS,1456,764,55.6333333,95.4666666
30526099999,TIRKA- RS,1444,857,54.4833333,107.0666666
30127099999,TOKMA- RS,1482,846,58.2333333,105.7333333
72016900116,WASHINGTON REGIONAL AIRPORT- MO US,1285,2152,38.583,269.0
23776099999,BAHTA- RS,1524,712,62.4666666,89.0166666
72090299999,DUPONT LAPEER- MI US,1330,2214,43.066611,276.727664
72097600345,LORDSBURG MUNICIPAL AIRPORT- NM US,1223,2010,32.333,251.309
22446099999,ZIMNEGORSKIJ MAJAK- RS,1554,318,65.4666666,39.7333333
29563099999,KACA- RS,1461,738,56.1166666,92.2
23578099999,VERESHCHAGINO- RS,1542,701,64.2333333,87.5666666
20978099999,KARAUL- RS,1600,665,70.0833333,83.1666666
23518099999,UST SUGOR- RS,1542,461,64.2666666,57.6166666
23699099999,KERBO- RS,1527,809,62.7166666,101.1166666
29456099999,TJUHTET- RS,1465,715,56.5333333,89.3166666
68114099999,OMARURU- WA,685,127,-21.4166666,15.9333333
25820099999,EVENSK- RS,1519,1274,61.9166666,159.2166666
22951099999,KONOSHA- RS,1509,322,60.9833333,40.25
27577099999,SERGAC- RS,1455,364,55.5333333,45.5
72349099999,MONETTE- MO US,1269,2128,36.9166666,265.9833334
16219099999,TERMINILLO MOUNTAIN- IT,1324,104,42.4666667,12.9833333
29662099999,BALAHTA- RS,1453,733,55.3833333,91.6166666
27283099999,KOTEL NIC- RS,1482,387,58.3,48.35
23939099999,ALTAY- RS,1503,552,60.3333333,68.9666666
23758099999,RADUZHNY- RS,1521,618,62.158333,77.3125
27697099999,TETYUSHI- RS,1449,390,54.9333333,48.7833333
27643099999,VYKSA- RS,1453,337,55.3333333,42.1166666
22546099999,SEVERODVINSK- RS,1545,318,64.55,39.7666666
11813099999,BRATISLAVA LOLIBA- LO,1381,137,48.1666666,17.1166666
06072099999,OEDUM- DA,1462,81,56.3,10.1333333
23982099999,VEL MO- RS,1510,747,61.0166666,93.4333333
68392399999,MOTI- WZ,632,251,-26.7043,31.4255
36090099999,HOVU AKSY- RS,1411,749,51.1333333,93.6833333
60380099999,TESSALA EL MERDJA- AG,1266,23,36.6166666,2.9166666
27223099999,POSHEHON E- RS,1484,313,58.4833333,39.1333333
34072099999,KARABULAK- RS,1423,371,52.3333333,46.3666666
07072099999,REIMS PRUNAY- FR,1392,33,49.2166666,4.15
06135099999,FLAKKEBJERG- DA,1453,91,55.3166666,11.3833333
28705099999,CELNO VERSINY- RS,1444,409,54.4166666,51.1
27453099999,GORODEC- RS,1466,347,56.6833333,43.4333333
84026099999,GENERAL RIVADENEIRA- EC,890,2243,-0.983,280.367
29566099999,SHUMIHA- RS,1459,738,55.9333333,92.2833333
24802099999,STRELKA CHUNYA- RS,1517,823,61.7333333,102.8166666
29892099999,HADAMA- RS,1439,791,53.95,98.8166666
99848099999,LAO LAO BAY SAIPAN- CQ,1051,1166,15.157,145.77
28165099999,KUMINSKAYA- RS,1487,529,58.7166666,66.0833333
22869099999,SHANGALY- RS,1511,347,61.1333333,43.35
23656099999,HALESOVAYA- RS,1533,627,63.3833333,78.3166666
27225599999,TUNOSHNA- RS,1475,321,57.560667,40.157369
23114099999,MYS KONSTANTINOVSKIJ- RS,1585,444,68.5333333,55.5
29571099999,MININO- RS,1460,742,56.0666666,92.7333333
32411099999,ICA- RS,1455,1245,55.5833333,155.5833333
06188099999,SJAELSMARK- DA,1458,99,55.8833333,12.4166666
29367099999,NOVOBIRILYUSSY- RS,1469,725,56.9666666,90.6833333
30714099999,DABADY- RS,1420,822,52.1,102.7
72099999999,FOXTROT AUGUSTA- MT US,1375,1981,47.6,247.683334
25941099999,CHEMURNAUT- RS,1507,1304,60.7333333,163.0166666
23635099999,YUIL SK- RS,1536,557,63.6666666,69.6
48810099999,BAC CAN- VM,1121,847,22.15,105.8333333
06109099999,ASKOV- DA,1454,73,55.4666666,9.1166666
23305099999,OKUNEV NOS- RS,1562,420,66.25,52.55
03140899999,RAVENSPURN N OIL PLATFORM- UK,1440,9,54.0166666,1.1
29149099999,STEPANOVKA- RS,1486,694,58.6333333,86.7333333
60394099999,BARAKI- AG,1266,25,36.6833333,3.1
22456099999,KEPINO- RS,1553,335,65.3833333,41.8833333
34199099999,OZINKI- RS,1411,398,51.2,49.7333333
84025099999,LAGO AGRIO- EC,899,2265,-0.083,283.133
60379099999,REGHAIA- AG,1267,27,36.7666666,3.3333333
03140599999,ANDREW OIL PLATFORM- UK,1480,11,58.0333333,1.4
31083099999,HEJDZHAN- RS,1499,1158,59.9666666,144.7833333
72525799999,JENNINGS- LA US,1202,2139,30.242694,267.326553
74695099999,DARE CO GUNNERY RANGE NC.- US,1256,2273,35.6666666,284.1
80421099999,PORLAMAR AEROPUERTO INT DEL CARIBE- VE,1009,2368,10.9166666,296.0333334
72053100158,BLAKE FIELD AIRPORT- CO US,1287,2015,38.783,251.933
23847099999,SYTOMINO- RS,1512,570,61.3,71.3
29876099999,KAZYR- RS,1436,754,53.6833333,94.2
72097100342,SOUTH PASS- WY US,1325,2010,42.517,251.21699999999998
27786099999,ULYANOVSK- RS,1443,387,54.3166666,48.3333333
64360099999,LUBUMBASHI INTERNATIONAL- CG,784,220,-11.591333,27.530889
35001099999,BOL SAJA GLUSCICA- RS,1423,404,52.3833333,50.4666666
06073099999,SLETTERHAGE FYR- DA,1460,84,56.1,10.5166666
02851099999,OULU OULUNSALO PELLONPAA- FI,1549,203,64.9333333,25.3666666
01314099999,FOSSMARK- NO,1505,46,60.5166666,5.7166666
84265099999,CATAMAYO CAMILO PONCE ENRIQUEZ AIRPORT- EC,859,2245,-4.0,280.63333339999997
71036799999,GRANBY- CA,1353,2298,45.367,287.233
23741099999,NIZHNESORTYMSK- RS,1527,573,62.75,71.6666666
60694099999,IN AZAOUA- AG,1109,60,20.9666666,7.45
84001099999,SEYMOUR- EC,895,2158,-0.453758,269.734086
25922099999,SHELIHOVA- RS,1507,1247,60.7166666,155.8833333
22762099999,DVINSKIJ BEREZNIK- RS,1528,342,62.8166666,42.7833333
34098099999,PUGACEV- RS,1420,391,52.0333333,48.8333333
23823099999,VONEGAN- RS,1519,519,61.95,64.9
23947099999,SALYM- RS,1500,572,60.0666666,71.4833333
27606099999,MALOJAROSLAVEC- RS,1450,292,55.0166666,36.4833333
23078099999,NORIL SK- RS,1593,706,69.3333333,88.25
29274099999,STRELKA- RS,1480,744,58.0833333,93.0
60613099999,OUHANET- AG,1186,71,28.7,8.9333333
68007299999,AROAB- WA,632,157,-26.7833333,19.6333333
29059099999,ALEKSANDROVSKIJ SHLYUZ- RS,1494,714,59.4333333,89.2833333
27745099999,SASOVO- RS,1443,336,54.35,41.9666666
30142099999,VIZIRNYJ- RS,1488,890,58.8833333,111.25
02766099999,ILOMANTSI POTSONVAARA- FI,1531,248,63.15,31.05
27593099999,ARSK- RS,1460,399,56.0833333,49.8666666
29578099999,SHALINSKOE- RS,1457,750,55.7166666,93.75
01009099999,KARL XII OYA- SV,1706,200,80.65,25.0
27752099999,TEMNIKOV- RS,1446,346,54.6333333,43.2333333
60372099999,BOUZAREAH- AG,1267,24,36.7833333,3.0
35007099999,PERELJUB- RS,1418,403,51.8666666,50.3333333
84010099999,SAN CRISTOBAL AEROPUERTO- EC,890,2163,-0.9,270.38333339999997
72103400351,CAMERON MUNICIPAL AIRPORT- TX US,1208,2104,30.879,263.029
68006699999,NOORDOEWER- WA,612,141,-28.75,17.6166666
36091099999,NIZHNE USINSKOE- RS,1422,744,52.25,93.0166666
06739099999,EGGISHORN- SZ,1364,65,46.4333333,8.0833333
27523099999,PAVLOVSKIJ POSAD- RS,1457,309,55.7666666,38.6833333
22383099999,NIZHNYAYA PESHA- RS,1567,382,66.7394444,47.7197222
28916099999,SARLYK- RS,1429,438,52.9333333,54.75
23453099999,URENGOJ- RS,1559,627,65.95,78.4
36083099999,UST USA- RS,1420,737,52.05,92.1666666
23465099999,KRASNOSEL KUPSK- RS,1556,660,65.7,82.45
22551099999,MUD JUG- RS,1548,322,64.85,40.2833333
15635099999,CHIRPAN- BU,1321,203,42.2,25.3333333
72096900341,TEN SLEEP- WY US,1341,2023,44.15,252.833
34273099999,KRASNYJ KUT- RS,1409,376,50.95,46.9666666
23708099999,LUN- RS,1522,420,62.2333333,52.4833333
26578099999,VELIZH- RS,1456,249,55.6166666,31.1833333
27756099999,KRASNOSLOBODSK- RS,1444,350,54.4333333,43.7666666
22671099999,KARPOGORY- RS,1540,356,64.0166666,44.45
06093099999,VESTER VEDSTED- DA,1452,69,55.3,8.6666666
36078099999,TELI- RS,1410,722,51.0166666,90.2166666
87571099999,EL PALOMAR- AR,553,2411,-34.609939,301.387408
84006099999,RIO AMAZONAS- EC,884,2255,-1.5,281.933
40981499999,SUPER FOB- AF,1228,548,32.9,68.5
72100499999,JULIE POWER- MT US,1377,1988,47.75,248.45
27316099999,KASIN- RS,1473,301,57.35,37.5833333
27981099999,KANADEY- RS,1431,380,53.15,47.5166666
29467099999,ACHINSK- RS,1462,724,56.2833333,90.5166666
22876099999,KRASNOBORSK- RS,1515,367,61.55,45.9333333
84069099999,SANTO DOMINGO LOS COLORADOS- EC,897,2246,-0.248222,280.785553
27776099999,SURSKOE- RS,1444,374,54.4833333,46.7
74704303165,EL MONTE EMSU- CA US,1240,1936,34.08333,241.96667
27799099999,DIMITROVGRAD- RS,1442,397,54.2333333,49.6
30815099999,HAMAR DABAN- RS,1415,829,51.5333333,103.6
03140699999,MUNGO OIL PLATFORM- UK,1473,16,57.3666666,1.9833333
02926099999,PORI RAILWAY STATION- FI,1514,174,61.4833333,21.7833333
25707099999,BOHAPCHA- RS,1520,1205,62.1,150.6833333
06082099999,BORRIS- DA,1459,69,55.9666666,8.6333333
27858099999,PACELMA- RS,1433,347,53.3333333,43.3166666
72090400299,DELAND MUNICIPAL AIRPORT SYDNEY H TAYLOR FIELD- FL US,1190,2230,29.067,278.717
72103100348,TULLAHOMA REGIONAL AIRPORT WILLIAM NORTHERN FIELD- TN US,1253,2190,35.38,273.754
20967099999,SEYAHA- RS,1601,580,70.1666666,72.5166666
65243099999,LOKOJA- NI,977,54,7.8,6.7333333
06708099999,ORON- SZ,1365,55,46.5666666,6.8666666
29664099999,SVETLOLYUBOVO- RS,1450,727,55.0833333,90.85
76727099999,ZACATEPEC MOR- MX,1086,2087,18.7,260.8333334
24982099999,UEGA- RS,1507,1142,60.7166666,142.7833333
84176099999,CHIMBORAZO- EC,883,2251,-1.653433,281.343858
02968099999,KOTKA KIRKONMAA- FI,1503,216,60.3833333,27.05
23463099999,YANOV STAN- RS,1559,675,65.9833333,84.3277778
94951099999,DUNALLEY STROUD POINT- AS,471,1182,-42.9,147.7833333
68007199999,OKAHAO- WA,721,121,-17.8839,15.06665
27955099999,BELINSKIY- RS,1429,347,52.9666666,43.4
29485099999,ABAN- RS,1466,768,56.6833333,96.05
60693099999,IN ATEI- AG,1105,49,20.5666666,6.1166666
99999994728,NY CITY CENTRAL PARK- NY US,1307,2288,40.77898,286.03075
28366099999,JARKOVO- RS,1474,537,57.4166666,67.0833333
30637099999,UZUR- RS,1433,862,53.3166666,107.7333333
27164099999,KOLOGRIV- RS,1488,355,58.8166666,44.3166666
68002399999,KHORIXAS- WA,696,120,-20.3666666,14.9666666
29332099999,MOLCHANOVO- RS,1475,670,57.5833333,83.7833333
27627099999,KASIRA- RS,1448,305,54.8333333,38.15
72528300465,CATTARAUGUS CO OLEAN AIRPORT- NY US,1322,2253,42.24122,281.62864
36103099999,TOORA HEM- RS,1424,769,52.4666666,96.1
23589099999,TUTONCHANY- RS,1541,750,64.2,93.7833333
72102900347,LA PORTE MUNICIPAL AIRPORT- IN US,1315,2186,41.572,273.265
27321099999,UGLIC- RS,1474,306,57.5,38.3
72055900172,STAN STAMPER MUNICIPAL AIRPORT- OK US,1240,2116,34.033,264.467
26795099999,SPAS DEMENSK- RS,1444,272,54.4166666,34.0166666
23503099999,IZHMA- RS,1550,432,65.0333333,53.9666666
06102099999,HORSENS BYGHOLM- DA,1458,78,55.8666666,9.7833333
06686099999,BAD RAGAZ- SZ,1370,76,47.0166666,9.5
06068099999,ISENVAD- DA,1460,73,56.1,9.1833333
27020099999,YARSHEVO- RS,1499,309,59.95,38.6
20471099999,IZVESTIJ TSIK- RS,1659,664,75.95,82.95
99818099999,PORT SANILAC- MI US,1334,2220,43.4166666,277.4666667
22889099999,VILEGODSKOE- RS,1511,384,61.1166666,48.0
27296099999,KUMENY- RS,1480,399,58.1,49.9166666
48802099999,SA PA- VM,1123,831,22.35,103.8166667
68390099999,MAYIWANNE- WZ,641,252,-25.8833333,31.5
36278099999,MUGUR AKSY- RS,1403,723,50.3833333,90.4333333
32562099999,BOL SHERETZK- RS,1428,1250,52.8333333,156.3
22648099999,TURCASOVO- RS,1531,314,63.1166666,39.2333333
22559099999,HOLMOGORY- RS,1542,333,64.2166666,41.6666666
84027099999,TENIENTE CORONEL LUIS A MANTILLA- EC,908,2258,0.809506,282.291944
30028099999,IKA- RS,1492,849,59.2833333,106.1666666
23179099999,SNEZHNOGORSK- RS,1580,702,68.1,87.7666666
30712099999,USOL E SIBIRSKOE- RS,1427,829,52.7833333,103.6833333
84045099999,INGUINCHO- EC,902,2250,0.25,281.2666667
02957099999,VAASA KLEMETTILA- FI,1530,173,63.1,21.6394444
03140299999,BRUCE OIL PLATFORM- UK,1497,13,59.7333333,1.6666666
27972099999,RADISHCHEVO- RS,1430,371,53.05,46.4333333
30323099999,UST KUT- RS,1467,846,56.8,105.8
27485099999,JOSHKAR OLA- RS,1466,382,56.6333333,47.7666666
22686099999,VENDINGA- RS,1534,383,63.45,47.9166666
23774099999,KELLOG- RS,1524,690,62.4833333,86.2833333
71928499999,ROCKY MOUNTAIN HOUSE- CA,1424,1961,52.429722,245.095833
60381099999,EL HARRACH- AG,1267,25,36.7166666,3.15
27653099999,ARZAMAS- RS,1453,350,55.3666666,43.7833333
29576099999,UJAR- RS,1458,754,55.8166666,94.3
71072099999,THUNDER BAY- CA,1383,2165,48.3666666,270.6833334
28517099999,MENZELINSK- RS,1457,425,55.7166666,53.0666666
26479099999,TOROPEC- RS,1464,253,56.4833333,31.6333333
60682099999,TINTARABINE- AG,1131,54,23.1833333,6.7666666
06065099999,AARS SYD- DA,1467,76,56.75,9.5
32222099999,TEVI- RS,1495,1286,59.6,160.7333333
27821099999,UZLOVAJA- RS,1439,305,54.0,38.1333333
84204099999,GUAYAQUIL INAMHI- EC,878,2241,-2.15,280.1166667
07361099999,GUERET ST LAURENT- FR,1361,16,46.1833333,1.95
23174099999,POTAPOVO- RS,1586,690,68.6666666,86.25
23431099999,PITLYAR- RS,1558,527,65.8333333,65.9333333
06627099999,CHATEAU D OEX- SZ,1364,57,46.4833333,7.1333333
29772099999,ARTEMOVSK- RS,1443,747,54.3666666,93.4333333
25627099999,LABAZNAYA- RS,1532,1268,63.3,158.5
72099699999,CHARLIE STANFORD- MT US,1370,1999,47.1,249.83333399999998
22798099999,JARENSK- RS,1521,393,62.1666666,49.1166666
72045600146,MOUNT STERLING MONTGOMERY CO AIRPORT- KY US,1280,2208,38.067,276.017
27277099999,VETLUGA- RS,1478,366,57.85,45.7666666
03140999999,WEST SOLE OIL PLATFORM- UK,1436,9,53.7,1.1333333
32333099999,OZERNOY MYS- RS,1476,1306,57.65,163.2333333
29477099999,SUHOBUZIMSKOE- RS,1464,746,56.5,93.2833333
29363099999,PIROVSKOE- RS,1476,738,57.6333333,92.2666666
29580099999,SOLYANKA- RS,1461,762,56.1666666,95.2666666
22983099999,LAL SK- RS,1506,381,60.7,47.6
11900099999,ZIAR NAD HRONOM- LO,1385,151,48.5861111,18.8522222
72575399999,EAGLE RANGE- UT US,1310,1975,41.05,246.93
29464099999,BOL SOJ ULUJ- RS,1466,724,56.65,90.55
60373099999,MEHELMA- AG,1266,23,36.7,2.8833333
22365099999,ABRAMOVSKIJ MAJAK- RS,1563,346,66.3833333,43.25
23112099999,VARANDEY- RS,1587,464,68.8,57.9833333
01418099999,AUSTEVOLL- NO,1500,42,60.0166666,5.2
27215099999,KRASNYY KHOLM- RS,1480,297,58.0333333,37.1
27760099999,SARANSK AIRPORT- RS,1441,362,54.118056,45.2025
41178099999,ABU SAMRA- QA,1147,407,24.75,50.8166666
84239099999,MARISCAL LAMAR- EC,871,2248,-2.889467,281.015603
27539099999,GUS HRUSTAL NYJ- RS,1455,325,55.6,40.65
72103300350,FITZGERALD MUNICIPAL AIRPORT- GA US,1216,2214,31.684,276.73
23946099999,UGUT- RS,1504,592,60.5,74.0166666
27611099999,NARO FOMINSK- RS,1453,294,55.3833333,36.7
20871099999,SOPOCHNAYA KARGA- RS,1618,662,71.8833333,82.7
03140399999,HARDING OIL PLATFORM- UK,1492,12,59.2666666,1.5
36073099999,KANTEGIR- RS,1422,726,52.2666666,90.8
72096400338,TYNDALL DRONE RUNWAY- FL US,1200,2196,30.033,274.467
99849299999,ALGONAC- MI US,1326,2220,42.621,277.473
84200099999,GENERAL ULPIANO PAEZ- EC,877,2232,-2.204994,279.011122
22656099999,EMECK- RS,1534,334,63.4833333,41.8
26585099999,BELYJ- RS,1458,264,55.85,32.95
02955099999,KUOPIO SAVILAHTI- FI,1528,221,62.9,27.6333333
27703099999,KALUGA- RS,1445,291,54.55,36.3666666
27176099999,VOHMA- RS,1489,374,58.9333333,46.7666666
29374099999,KAZACHINSKOE- RS,1476,746,57.6833333,93.2666666
22854099999,NJANDOMA- RS,1516,321,61.6666666,40.1833333
22573099999,LESUKONSKOE- RS,1548,366,64.9,45.7666666
06056099999,MEJRUP- DA,1463,69,56.3833333,8.6666666
99849799999,FOSTER AVE CHICAGO- IL US,1319,2179,41.976,272.352
25808099999,TALATA- RS,1511,1219,61.1333333,152.3833333
23339099999,POLUJ- RS,1560,549,66.0333333,68.6833333
24898099999,UST OMCHUG- RS,1511,1197,61.1166666,149.6333333
30822099999,BABUSKIN- RS,1417,847,51.7166666,105.85
28097099999,TAUROVO- RS,1495,586,59.5833333,73.2833333
72100799999,MIKE MOORE- MT US,1370,2003,47.0166666,250.366667
06126099999,AARSLEV- DA,1453,83,55.3166666,10.4333333
31733099999,ELABUGA- RS,1388,1087,48.8166666,135.8833333
74694100389,MONROE CO AIRPORT- MS US,1238,2172,33.873,271.51
20476099999,MYS STERLEGOVA- RS,1654,711,75.4166666,88.9
22778099999,VERHNJAJA TOJMA- RS,1522,360,62.2333333,45.0166666
29068099999,NAZIMOVO- RS,1494,727,59.5,90.9283333
48831099999,THAI NGUYEN- VM,1115,847,21.6,105.8333333
60689099999,TIMIAOUINE- AG,1104,14,20.4166666,1.8
41164099999,AL GUWAYRIYAH- QA,1158,410,25.8333333,51.2666666
29768099999,LEBYAZH E- RS,1441,733,54.2,91.5833333
25700099999,EL GEN SOVHOZ- RS,1527,1205,62.8,150.6666666
34083099999,HVALYNSK- RS,1424,385,52.5,48.0833333
72635800384,MICHIGAN CITY MUNICIPAL AIRPORT PHILLIPS FIELD- IN US,1317,2185,41.7033,273.1788
60371099999,OUED KORICHE- AG,1267,24,36.7833333,3.0333333
72045800476,BIG SANDY REGIONAL AIRPORT- KY US,1277,2219,37.75102,277.36331
84100099999,FRANCISCO DE ORELLANA- EC,895,2264,-0.462886,283.013158
02462099999,UPPSALA UNIVERSITY- SW,1498,141,59.8666666,17.6333333
85116099999,BAURES- BL,762,2357,-13.75,294.5666667
34056099999,RTISCEVO- RS,1422,350,52.25,43.7833333
72097400344,WINCHESTER MUNICIPAL AIRPORT- TN US,1251,2191,35.178,273.93399999999997
27872099999,INZA- RS,1438,371,53.85,46.4166666
23358099999,NOVYJ URENGOJ- RS,1560,614,66.1,76.7833333
99849999999,NORTHERLY ISLAND- IL US,1318,2179,41.856,272.391
23443099999,PANGODY- RS,1558,596,65.8333333,74.5
72103299999,ANDREWS CO- TX US,1223,2060,32.331111,257.470472
76738099999,CORDOBA IN VERACRUZ- MX,1088,2105,18.9,263.0666667
30439099999,TOMPA- RS,1451,878,55.1166666,109.75
35037099999,AK JAR- RS,1418,465,51.8666666,58.1833333
23992099999,UST KAMO- RS,1507,780,60.7166666,97.5166666
28806099999,BUGURUSLAN- RS,1436,420,53.6166666,52.45
23657099999,NOYABR SK- RS,1531,602,63.1166666,75.2833333
60645099999,REGGANE- AG,1167,2,26.7166666,0.2833333
72098299999,ECHO PINE BLUFFS- NE US,1311,2048,41.1166666,256.016667
71874099999,BATHURST INLET- CA,1568,2016,66.8333333,251.9833334
91682099999,SIGATOKA AWS- FJ,718,1419,-18.15,177.4166667
11121099999,INNSBRUCK FLUGHAFEN- AU,1372,91,47.25,11.35
15113099999,NEGRESTI- RO,1368,220,46.85,27.45
11265099999,VILLACHER ALPE AUTOM- AU,1365,109,46.6,13.6666666
99404899999,TACOMA- WA US,1372,1901,47.267,237.587
71637099999,RANFURLY AUTO- CA,1434,1986,53.4166666,248.2666667
15387099999,SFANTU GHEORGHE DELTA- RO,1348,237,44.9,29.6
35793099999,MOIYNTY- KZ,1372,587,47.2166666,73.35
99999956401,GLENNALLEN 64 N- AK US,1530,1716,63.0295,214.4997
68347099999,P C PELSER- SF,631,214,-26.871064,26.718003
34607099999,PRYSHYB- UP,1372,283,47.2666666,35.3333333
72053500162,FORT MORGAN MUNICIPAL AIRPORT- CO US,1303,2050,40.333,256.2
44449099999,SIMARA- NP,1171,680,27.159456,84.980122
06644099999,MOSEN- SZ,1372,66,47.25,8.2333333
34975099999,KOMSOMOL SKIJ- RS,1353,368,45.35,46.0333333
34445099999,BOKOVSKAJA- RS,1392,335,49.2166666,41.8333333
26603099999,NIDA- LH,1452,168,55.3,21.0
72502300474,CLEVELAND MUNICIPAL AIRPORT- MS US,1238,2154,33.86113,269.24212
26291099999,BOROVICI- RS,1484,271,58.4166666,33.9
27823099999,PAVELETS- RS,1437,314,53.7833333,39.25
15325099999,SINAIA 1500- RO,1353,204,45.35,25.5
06777099999,MONTE GENEROSO- SZ,1359,72,45.9333333,9.0166666
33910099999,HENICHES K- UP,1361,279,46.1666666,34.8166666
47730099999,AKENO JASDF- JA,1245,1093,34.5333333,136.6833333
68619099999,NIEUWOUDTVILLE- SF,586,153,-31.35,19.0833333
15204099999,VARADIA DE MURES- RO,1360,177,46.0166666,22.15
47516099999,OMINATO JASDF- JA,1312,1129,41.2333333,141.1333333
33398099999,DROHOBYCH- UP,1393,188,49.35,23.5166666
15162099999,CAMPENI- RO,1363,184,46.3666666,23.05
68825099999,LADISMITH- SF,564,170,-33.5,21.2833333
34644099999,KONSTANTINOVSK- RS,1375,329,47.5833333,41.1
33577099999,HAISYN- UP,1387,235,48.8,29.4
38856099999,DARVAZ- TI,1284,567,38.4666666,70.8833333
24338099999,EJK- RS,1560,939,66.0333333,117.4
72104399999,ATHENS MUNICIPAL- TX US,1221,2113,32.163847,264.171647
02956099999,KOUVOLA UTTI LENTOPORTINTIE- FI,1508,215,60.8833333,26.9333333
01428199999,ULA OIL PLATFORM- NO,1491,23,59.1108,2.8458
72097899999,BRAVO PINE BLUFFS- NE US,1315,2048,41.5166666,256.0
95814099999,MENINGIE- AS,542,1115,-35.7,139.3333333
37463099999,GUNIB- RS,1323,376,42.4,46.9666666
33495099999,VESELYI PODIL- UP,1396,266,49.6166666,33.2666666
02859099999,PUOLANKA PALJAKKA- FI,1546,224,64.6666666,28.05
92001099999,KIUNGA W.O.- PP,839,1129,-6.0833333,141.1833333
06617099999,LA BREVINE- SZ,1369,53,46.9833333,6.6166666
06709099999,BOUVERET- SZ,1363,55,46.4,6.8666666
85972099999,ISLA DIEGO RAMIREZ- CI,335,2330,-56.4747222,291.27027780000003
02914099999,KAUHAVA KK UUNIMAANTIE- FI,1531,184,63.1166666,23.05
72077900461,MEXIA LIMESTONE CO AIRPORT- TX US,1216,2108,31.64117,263.48555
06790099999,SCHIERS- SZ,1369,77,46.9833333,9.6666666
99848399999,S PADRE ISLAND COAST GUARD STATION- TX US,1160,2103,26.077,262.823
48825099999,HA DONG- VM,1109,846,20.9666666,105.7666666
94911099999,YANAKIE- AS,512,1170,-38.8,146.2
33598099999,NOVO MYRHOROD- UP,1388,253,48.8333333,31.65
16741099999,EL VENIZELOS- GR,1279,191,37.9166666,23.9333333
15297099999,OBARSIA LOTRULUI- RO,1354,189,45.4333333,23.6333333
02708099999,KARVIA ALKKIA- FI,1521,182,62.1833333,22.8
41963099999,HATIA- BG,1124,729,22.4333333,91.1
72100999999,OSCAR ROY- MT US,1373,2009,47.3333333,251.066667
99821399999,MIDDLE TAMPA BAY- FL US,1176,2219,27.65,277.4166667
31026099999,UCHUR- RS,1487,1045,58.7333333,130.6166666
68543099999,GARIEP DAM- SF,594,204,-30.5333333,25.5333333
33889099999,IZMAIL- UP,1353,231,45.3666666,28.85
68579099999,PADDOCK- SF,592,242,-30.75,30.2666666
24668099999,VERHOJANSK PEREVOZ- RS,1533,1056,63.3166666,132.0166666
37006099999,NOVOROSSIJSK- RS,1347,303,44.7166666,37.85
72047600455,HANNIBAL REGIONAL AIRPORT- MO US,1297,2148,39.72516,268.55614
37163099999,KIZLJAR- RS,1338,374,43.8333333,46.7166666
38713099999,URA TYUBE- TI,1298,552,39.9,68.9833333
26547099999,DUKSTAS- LH,1455,210,55.5166666,26.3
15494099999,BECHET- RO,1337,192,43.7833333,23.95
41951099999,BHOLA- BG,1126,725,22.6833333,90.65
11390099999,HARTBERG- AU,1372,128,47.2833333,15.9833333
15479099999,ADAMCLISI- RO,1340,224,44.0833333,27.9666666
72090200298,DUPONT LAPEER AIRPORT- MI US,1330,2214,43.067,276.733
01108099999,VEGA VALLSJO- NO,1556,95,65.7,11.85
34509099999,CHAPLYNE- UP,1381,290,48.1333333,36.2333333
11037099999,GROSSENZERSDORF- AU,1381,133,48.2,16.5666666
34202099999,GOTNJA- RS,1407,286,50.8,35.7666666
15465099999,BAILESTI- RO,1340,187,44.0166666,23.3333333
15416099999,STOLNICI- RO,1345,198,44.5666666,24.8
25335099999,BAIMKA- RS,1565,1314,66.5333333,164.2833333
15042099999,SACUIENI- RO,1373,177,47.35,22.1
15317099999,TARCU- RO,1352,180,45.2833333,22.5333333
71328099999,HALIFAX DOCKYARD- CA,1346,2371,44.65,296.42
17162099999,GEMEREK- TU,1291,289,39.1833333,36.0666666
34655099999,KOTEL NIKOVO- RS,1376,345,47.6333333,43.15
31016099999,UGINO- RS,1486,1028,58.6333333,128.5
15336099999,GORGOVA- RO,1351,233,45.1833333,29.1666666
40622099999,CHEM CHAMAL- IZ,1255,359,35.5166666,44.8333333
11090099999,WEIN DONAUFELD- AU,1382,131,48.25,16.4333333
15264099999,FOCSANI- RO,1356,218,45.7,27.2
72097799999,ALPHA BURNS- WY US,1313,2046,41.3333333,255.733334
68719099999,EXCELSIOR- SF,570,155,-32.95,19.4333333
14010099999,LESCE- SI,1363,113,46.3666666,14.1833333
72046700148,GEORGE R CARR MEMORIAL AIR FIELD- LA US,1208,2161,30.817,270.133
48101099999,PHYAPON- BM,1062,765,16.2666666,95.6666666
60729099999,ZAGHONAN MAGRANE- TS,1264,81,36.4333333,10.0833333
11242099999,ST RADEGUND- AU,1371,124,47.1666666,15.4833333
68375099999,VREDE- SF,625,233,-27.4333333,29.1666666
38318099999,BAYYRKUM- KZ,1320,545,42.1,68.1166666
15419099999,TITU- RO,1346,205,44.65,25.5833333
24462099999,SEBYAN KYUEL- RS,1552,1040,65.3,130.0
72104200486,ZEPHYRHILLS MUNICIPAL AIRPORT- FL US,1182,2223,28.22813,277.84408
24644099999,VERHNEVILJUJSK- RS,1534,963,63.45,120.3166666
33446099999,BILOPILLJA- UP,1398,231,49.8333333,28.8833333
44474099999,TAPLEJUNG- NP,1173,701,27.35,87.6666667
21978099999,VAL KARKAY- RS,1600,1367,70.0833333,170.9333333
64460099999,SOUANKE- CF,920,113,2.0666667,14.1333333
15369099999,TARGU LOGRESTI- RO,1348,190,44.8833333,23.7
72081599999,PUTNAM CO- IN US,1296,2185,39.630306,273.1861
68495099999,RICHARDS BAY AIRPORT- SF,612,257,-28.7333333,32.0833333
34401099999,KRASNOHRAD- UP,1393,284,49.3833333,35.45
11393099999,LUTZMANNSBURG- AU,1374,133,47.4666666,16.6666666
38851099999,RASHT- TI,1289,562,39.0,70.3
37835599999,GABALA- AJ,1308,382,40.8166666,47.7333333
15289099999,BANLOC- RO,1353,169,45.3833333,21.1333333
15349099999,CAMPINA- RO,1351,206,45.1436111,25.75
33516099999,SLAVSKE- UP,1388,188,48.85,23.45
17246099999,KARAMAN- TU,1271,266,37.2,33.2166666
72221999999,SHELL AHP- AL US,1213,2193,31.362669,274.150617
22925099999,VINNICY- RS,1506,278,60.6333333,34.7833333
35334099999,TOKMANSAY- KZ,1397,464,49.8,57.9833333
33268099999,ROMNY- UP,1407,268,50.7666666,33.45
15320099999,PARANG- RO,1353,188,45.3833333,23.4666666
41965099999,SITAKUNDU- BG,1125,734,22.5833333,91.7
26600099999,SILUTE- LH,1453,172,55.35,21.4666666
06635099999,KOPPIGEN- SZ,1371,61,47.1333333,7.6166666
91602099999,TARAWA BETIO- KR,891,1356,-0.8833333,169.5333333
48030099999,HAKHA- BM,1126,749,22.65,93.6333333
26072099999,SHLISSEL BURG- RS,1499,248,59.9333333,31.0
68911099999,STRAND- SF,558,151,-34.15,18.85
03141299999,CLAIR OIL PLATFORM- UK,1506,2860,60.6833333,357.4666667
15300099999,BRASOV GHIMBAV- RO,1356,204,45.7,25.5333333
11349099999,KATSCHBERG- AU,1370,109,47.0666666,13.6166666
14112099999,POSTOJNA- SI,1357,114,45.7666666,14.2
15262099999,LACAUTI- RO,1358,211,45.8166666,26.3833333
15033099999,IEZER- RO,1375,197,47.6,24.65
33976099999,FEODOSIIA- UP,1350,283,45.0333333,35.3833333
72226699999,CRAIG FIELD- AL US,1223,2184,32.343947,273.012197
36856099999,KONYROLEN- KZ,1342,635,44.2666666,79.3166666
48074099999,PYINMANA- BM,1097,770,19.7166666,96.2166666
33362099999,PRILUKY- UP,1405,259,50.5833333,32.3833333
35662099999,KARSAKBAY- KZ,1378,534,47.8333333,66.7333333
34887099999,LIMAN- RS,1357,378,45.8,47.2166666
06779099999,SEGL MARIA- SZ,1364,78,46.4333333,9.7666666
22912099999,OLONEC- RS,1509,264,60.9833333,32.9833333
34954099999,SVETLOGRAD- RS,1353,343,45.35,42.85
15136099999,CHISINEU CRIS- RO,1365,172,46.5333333,21.5333333
15315099999,SEMENIC- RO,1351,176,45.1833333,22.05
06721099999,BINN- SZ,1363,65,46.3666666,8.1833333
33815199999,CHERKASY- UP,1394,256,49.417,31.983
87774099999,MAQUINCHAO- AR,487,2330,-41.25,291.2666667
11161099999,PRAEBICHL- AU,1375,120,47.5166666,14.95
02927099999,MULTIA KARHILA- FI,1525,198,62.5166666,24.8
22105099999,NIVANKYUL- RS,1583,246,68.35,30.7333333
02883099999,KAJAANI PETAISENNISKA- FI,1542,222,64.2166666,27.75
99999925380,GUSTAVUS 2 NE- AK US,1484,1794,58.4292,224.31
41998099999,TEKNAF- BG,1108,738,20.8666666,92.3
06740099999,TITLIS- SZ,1367,67,46.7666666,8.4333333
02860099999,KITTILA KK- FI,1576,199,67.65,24.9
24477099999,IEMA- RS,1552,1086,65.3,135.8
72506014756,NANTUCKET MEMORIAL AIRPORT- MA US,1312,2320,41.25407,289.94106999999997
70389199999,ELIM AIRPORT- AK US,1546,1582,64.6166666,197.7333334
48064099999,MINBU- BM,1101,759,20.1666666,94.8833333
15319099999,VOINEASA- RO,1354,192,45.4166666,23.9666666
71608099999,VANCOUVER SEA ISLAND CCG- CA,1391,1895,49.1833333,236.81666669999998
34373099999,PALLASOVKA- RS,1400,375,50.05,46.8833333
03628099999,FILTON- UK,1415,2859,51.5166666,357.4166667
34984099999,LAGAN- RS,1353,379,45.4,47.35
17282199999,SIRNAK- TU,1273,341,37.3666666,42.5666666
11387099999,SEIBERSDORF- AU,1379,132,47.9833333,16.5
27935099999,MICURINSK- RS,1428,324,52.8833333,40.4833333
35235099999,STEPNOE- KZ,1407,469,50.7166666,58.6666666
11171099999,ST SEBASTIAN MARIAZELL- AU,1377,122,47.8,15.3
64757099999,FADA- CD,1071,172,17.1666666,21.55
68927099999,STILBAAI- SF,556,171,-34.3666666,21.3833333
24871099999,OHOTSKIJPEREVOZ- RS,1518,1084,61.8666666,135.5
26456099999,OPOCHKA- RS,1467,230,56.7166666,28.7166666
98133099999,CALAYAN- RP,1092,972,19.2666666,121.4666666
72056299999,RANGE OP 13 YAKIMA TRAINING CENTER- WA US,1367,1919,46.8,239.83333340000001
27930099999,LIPETSK AIRPORT- RS,1427,316,52.702547,39.538034
68819099999,MOLTENO RESERVIOR- SF,560,147,-33.9333333,18.4166666
94943099999,NERRIGA AWS- AS,548,1201,-35.1166666,150.0833333
15270099999,LUGOJ- RO,1356,175,45.6833333,21.9333333
15056099999,COTNARI- RO,1373,215,47.3666666,26.9333333
24826099999,DOROZHNYJ- RS,1516,917,61.6166666,114.6166666
48051099999,KYAUKTAW- BM,1108,741,20.85,92.6333333
99707899999,LITTLE PORT WALTER- AK US,1463,1803,56.388,225.363
15333099999,BRAILA- RO,1351,223,45.2,27.9166666
16757099999,SITIA- GR,1251,209,35.2,26.1
12119599999,LUBLIN AIRPORT- PL,1412,181,51.2333333,22.6833333
15422099999,BUCURESTI FILARET- RO,1344,209,44.4166666,26.1
15004099999,SIGHETUL MARMATIEI- RO,1379,191,47.9333333,23.9
26378099999,HOLM- RS,1471,249,57.15,31.1833333
27848099999,MORSANSK- RS,1434,334,53.45,41.8
34535099999,KAMENSK SAHTINSKIJ- RS,1382,322,48.3,40.3
24219099999,YAROL IN- RS,1571,868,67.1333333,108.5333333
40611099999,SALLAHDEEN- IZ,1263,354,36.3833333,44.2
03901099999,THOMASTOWN- UK,1443,2819,54.3333333,352.4
15088099999,CALIMANI RETITIS- RO,1370,202,47.1,25.25
99823699999,PACKERY CHANNEL- TX US,1176,2102,27.6333333,262.7666667
22837099999,VYTEGRA- RS,1510,292,61.0166666,36.45
33621099999,KOBELIAKY- UP,1391,274,49.15,34.2
68541099999,FAURESMITH- SF,602,203,-29.7536111,25.3230556
30074099999,MACHA- RS,1499,941,59.9333333,117.6
82108099999,HOTEL TRANSAMERICA- BR,746,2568,-15.355244,321.000989
47567099999,KASUMINOME JASDF- JA,1282,1127,38.2333333,140.9166667
11278099999,POERTSCHACH- AU,1366,113,46.6333333,14.1666666
26067099999,VOLOSOVO- RS,1494,236,59.4333333,29.5
72089599999,GLEN ULLIN REGIONAL- ND US,1368,2065,46.812782,258.139844
24194099999,BELAYA GORA- RS,1585,1170,68.55,146.2166666
24691099999,DELYANKIR- RS,1538,1165,63.8333333,145.6
68425099999,AUGRABIES FALLS- SF,613,163,-28.6,20.35
68261099999,BOLEPI HOUSE- SF,641,226,-25.8166666,28.25
02880099999,TORNIO TORPPI- FI,1558,193,65.85,24.1666666
02931099999,KASKINEN SALGRUND- FI,1523,169,62.3333333,21.1833333
16231099999,MONTE S. ANGELO- IT,1316,128,41.7,15.95
72053400161,ERIE MUNICIPAL AIRPORT- CO US,1300,2040,40.017,254.95
22897099999,OZERKI- RU,1501,232,60.2,29.0
68333099999,KURUMAN- SF,625,188,-27.4333333,23.45
48672699999,KERTEH- MY,945,827,4.537222,103.426756
30173099999,TYANYA- RS,1489,958,59.0,119.8
94108099999,CROKER ISLAND AIRPORT- AS,788,1060,-11.1666666,132.4833333
34146099999,BORISOGLEBSK- RS,1413,337,51.3666666,42.0833333
26501099999,MAZEIKIAI- LH,1463,179,56.35,22.3166666
25017099999,ADRYUSKINO- RS,1591,1236,69.1666666,154.5
60662099999,FADNOUNE- AG,1158,65,25.8166667,8.1833333
34254099999,NOVOANNENSKIJ- RS,1405,341,50.5333333,42.6833333
33586099999,ZVENIHORODKA- UP,1390,247,49.0833333,30.9
92047099999,NADZAB- PP,834,1174,-6.569828,146.726242
34238099999,ANNA- RS,1414,323,51.4833333,40.4166666
68823099999,PRINS ALBERT- SF,568,176,-33.1833333,22.0166666
15127099999,JOSENI- RO,1366,204,46.7,25.5166666
33536099999,CHORTKIV- UP,1390,206,49.0166666,25.8
99736499999,GALVESTON PIER 21- TX US,1192,2122,29.3,265.22
24753099999,NAMTSY- RS,1527,1037,62.7333333,129.6666666
30669099999,ZILOVO- RS,1430,940,53.0666666,117.4833333
72101499999,DELTA MAX- ND US,1377,2070,47.795121,258.701242
25044099999,RAUCHUA- RS,1594,1333,69.5,166.5833333
15000099999,DARABANI- RO,1381,213,48.2,26.5833333
25151099999,CHAUN- RS,1588,1366,68.8833333,170.7833333
40675099999,RAFAEI- IZ,1217,369,31.717,46.1
15489099999,ALEXANDRIA- RO,1339,203,43.9833333,25.35
25129099999,KONSTANTINOVSKAYA- RS,1581,1289,68.15,161.1666666
68549099999,WEPENER- SF,600,215,-29.9,26.8666666
33058099999,DRUZHBA- UP,1420,272,52.05,33.95
22525099999,RAZNAVOLOK- RS,1545,279,64.5666666,34.9166666
22913099999,LODEJNOE POLE- RS,1507,268,60.7166666,33.55
71778099999,RACE ROCKS CAMPBELL SCIENTIFIC BC- CA,1382,1892,48.3,236.46666670000002
11227099999,FELDKIRCHEN- AU,1367,113,46.7166666,14.1
33376099999,HADIACH- UP,1403,272,50.3666666,33.9833333
27108099999,OHONY- RS,1485,285,58.5666666,35.6333333
94105099999,NOONAMAH AIRSTRIP- AS,773,1048,-12.6166666,131.05
68841099999,ADDO ELEPHANT PARK- SF,565,206,-33.45,25.75
74466799999,RAY S MILLER ARMY AIR FIELD CAMP RIPLEY MINNESOTA USA- MN US,1360,2125,46.091203,265.639461
41760099999,ORMARA- PK,1152,517,25.273319,64.588372
01169099999,SALTDAL NORDNES- NO,1569,123,66.9333333,15.3166666
72104800471,PRESIDIO LELY INTERNATIONAL AIRPORT- TX US,1196,2045,29.63421,255.63851
06022199999,GORM C OIL PLATFORM HELIPAD- DA,1455,38,55.57985,4.758914
33297099999,BRODY- UP,1400,201,50.1,25.15
01124099999,SNASA- NO,1541,100,64.1666666,12.4666666
33231099999,CHORNOBYL- UP,1412,242,51.2833333,30.2333333
11325099999,JENBACH- AU,1373,94,47.3833333,11.75
15235099999,FAGARAS- RO,1358,199,45.8333333,24.9333333
17068099999,CENGIZTOPEL- TU,1308,239,40.85,29.9
15163099999,BAISOARA- RO,1365,187,46.5333333,23.3166666
72051724165,KEMMERER MUNICIPAL AIRPORT- WY US,1318,1996,41.82389,249.44306
99717899999,MARMION ISLAND- AK US,1481,1806,58.198,225.743
24525099999,HABARDINO- RS,1545,900,64.6,112.5166666
02850099999,VARKAUS KOLSUANNIEMI- FI,1523,223,62.3166666,27.9
06754099999,MATRO- SZ,1364,71,46.4166666,8.9333333
27957099999,KIRSANOV- RS,1426,342,52.6666666,42.7166666
15373099999,PITESTI- RO,1348,199,44.85,24.8166666
99717299999,LAMESHUR BAY ST JOHN- VQ,1083,2362,18.318,295.276
86251099999,QUYQUYHAT- PA,637,2424,-26.2166666,303.0166667
15119099999,VLADEASA 1800- RO,1367,182,46.7666666,22.8
34646099999,CIMLJANSK- RS,1376,337,47.6333333,42.1166666
34407099999,HUBYNYKHA- UP,1387,282,48.8,35.25
35475099999,SHUBARKUL- KZ,1390,549,49.0166666,68.6666666
22717099999,SUOYARVI- RS,1520,259,62.1,32.3833333
11318099999,BRUNNENKOGEL OETZTALER ALPEN- AU,1369,87,46.9166666,10.8666666
21711099999,UST OLENEK- RS,1629,959,73.0,119.8666666
99848499999,COPANO BAY- TX US,1181,2104,28.118,262.978
15073099999,TARGU NEAMT- RO,1372,211,47.2166666,26.3833333
41989099999,KUTUBDIA- BG,1118,735,21.8166666,91.85
34759099999,REMONTNOE- RS,1365,349,46.5666666,43.6666666
94344099999,URANDANGI AERODROME- AS,683,1107,-21.6,138.3666666
68269099999,PRETORIA UNISA- SF,642,226,-25.7666666,28.2
72039400428,DEXTER B FLORENCE MEMORIAL FIELD AIRPORT- AR US,1240,2135,34.0998,266.93399999999997
02858099999,INARI KIRAKKAJARVI- FI,1595,231,69.5833333,28.9
15118099999,STANA DE VALE- RO,1366,181,46.6833333,22.6166666
99770199999,PORT MANATEE- FL US,1176,2219,27.63,277.43
15425099999,SLOBOZIA- RO,1345,219,44.55,27.4
06728099999,GRAECHEN- SZ,1361,63,46.2,7.8333333
48033099999,SHWEBO- BM,1125,766,22.5833333,95.7166666
11023099999,GARS AM KAMP- AU,1385,125,48.5833333,15.6666666
15316099999,CUNTU- RO,1352,180,45.3,22.5166666
33409099999,BEREZHANY- UP,1394,200,49.4333333,24.95
72102899999,MIDDLEBURY STATE AIRPORT- VT US,1339,2295,43.9854722,286.9045278
48095099999,MAUBIN- BM,1067,765,16.7333333,95.65
48075099999,LOIKAW- BM,1096,778,19.6833333,97.2166666
01237099999,HITRA- NO,1535,73,63.5166666,9.1166666
68196099999,PUNDA MARIA- SF,673,248,-22.6833333,31.0166666
11378099999,GUTENSTEIN MARIAHILFBERG- AU,1378,127,47.8666666,15.8833333
33067099999,SVITYAZ- UP,1414,191,51.4833333,23.85
99848199999,MANCHESTER- TX US,1197,2118,29.726,264.734
38957099999,ISHKASHIM- TI,1267,573,36.7166666,71.6
87244099999,VILLA MARIA DEL RIO- AR,600,2371,-29.9,296.3166667
24679099999,VOSTOCHNAYA- RS,1532,1117,63.2166666,139.6
02852099999,KOKKOLA HOLLIHAKA- FI,1538,185,63.85,23.1166666
68285099999,BELFAST- SF,643,240,-25.6916667,30.0344444
15402099999,URZICENI- RO,1347,213,44.7166666,26.65
24538099999,CHUMPURUK- RS,1542,935,64.2333333,116.9166666
68485099999,MOOI RIVER- SF,607,240,-29.2166666,30.0
34344099999,KAZANSKAJA- RS,1397,329,49.8,41.15
15475099999,OLTENITA- RO,1340,213,44.0666666,26.6333333
99999925522,KING SALMON 42 SE- AK US,1482,1633,58.2077,204.0775
24843099999,TONGULAH- RS,1519,996,61.9166666,124.55
34510099999,ARTEMIVS K- UP,1385,304,48.6,37.9833333
33299099999,KREMENETS- UP,1401,206,50.1333333,25.7333333
15340099999,TARGU JIU- RO,1350,186,45.0333333,23.2666666
44434099999,POKHARA- NP,1182,672,28.200539,83.981283
15284099999,PENTELEU- RO,1355,211,45.6,26.4166666
21821099999,BYKOV MYS- RS,1619,1033,72.0,129.1166666
21636099999,KIGILYAH- RS,1633,1119,73.3358333,139.8666666
72049100150,GWINNER ROGER MELROE FIELD AIRPORT- ND US,1362,2099,46.217,262.367
99717799999,ICY BAY- AK US,1499,1749,59.923,218.641
33213099999,OVRUCH- UP,1413,230,51.3166666,28.7833333
14120099999,CRNOMELJ- SI,1355,121,45.5666666,15.15
91660099999,YASAWA- FJ,732,1420,-16.75952,177.54603
34319099999,KUPIANS K- UP,1396,302,49.6333333,37.7
12105699999,MODLIN- PL,1424,165,52.451111,20.651778
71123399999,EDMONTON VILLENEUVE- CA,1436,1969,53.6675,246.145556
15154099999,VASLUI- RO,1366,222,46.65,27.7166666
66285099999,LUENA- AO,782,159,-11.768086,19.897672
41280099999,AL AMERAT- MU,1134,468,23.5,58.4833333
11337099999,LOFERER ALM- AU,1375,101,47.6,12.65
72288703180,LA VERNE BRACKETT FIELD- CA US,1240,1938,34.1,242.21667
33651099999,KOLOMYIA- UP,1385,200,48.5333333,25.0333333
15094099999,BARNOVA- RO,1370,221,47.0166666,27.5833333
11395099999,ANDAU- AU,1377,136,47.7666666,17.0333333
68926399999,OVERBERG- SF,554,162,-34.554861,20.250681
88881099999,MOUNT KENT- FK,383,2415,-51.6666666,301.9
68902099999,TRISTAN DA CUNHA- SH,529,2781,-37.05,347.6833333
21721099999,IM YU A HABAROVA- RS,1623,1011,72.4,126.35
33439099999,KHMELNYK- UP,1395,223,49.5666666,27.9333333
11234099999,BAD EISENKAPPEL- AU,1364,117,46.5,14.5933333
33557099999,NOVA USHYTSIA- UP,1388,218,48.85,27.2666666
94934099999,GREEN CAPE AWS- AS,527,1200,-37.25,150.05
15044099999,SUPURU DE JOS- RO,1374,182,47.45,22.7833333
72099199999,MIKE HAXTUN- CO US,1306,2052,40.7,256.516667
36785099999,ZHANSUGUROV- KZ,1353,636,45.3833333,79.5
11331099999,KLAGENFURT FLUGHAFEFN- AU,1366,115,46.6333333,14.3166666
16052099999,PIAN ROSA MTN TOP- IT,1359,62,45.9333333,7.7
26477099999,VELIKIE LUKI- RS,1463,245,56.35,30.62
11025099999,WEITRA- AU,1386,119,48.7,14.8833333
15307099999,RAMNICU SARAT- RO,1353,216,45.3833333,27.05
01082099999,NYRUD- NO,1591,234,69.15,29.25
26529099999,PANEVEZYS- LH,1457,195,55.7333333,24.4166666
15444099999,FETESTI- RO,1343,223,44.3666666,27.85
01147099999,VARNTRESK- NO,1558,113,65.8333333,14.1833333
72104400448,RALPH M HALL ROCKWALL MUNICIPAL AIRPORT- TX US,1229,2109,32.93059,263.56452
26078099999,LJUBAN- RS,1493,250,59.35,31.2333333
72076900275,GEORGE M BRYAN AIRPORT- MS US,1234,2169,33.433,271.151
33638099999,KHUST- UP,1381,186,48.1833333,23.3
41742099999,LASBELLA- PK,1162,529,26.23,66.17
22012099999,TSYP NAVOLOK- RS,1597,265,69.7333333,33.1
24737099999,KRESTYAH- RS,1522,929,62.2666666,116.15
68593099999,VIRGINIA- SF,602,248,-29.770606,31.058406
15206099999,TEBEA- RO,1361,182,46.1666666,22.7261111
34537099999,DAR IVKA- UP,1380,316,48.0833333,39.5
31005099999,TOMMOT- RS,1489,1010,58.9666666,126.2666666
24763099999,KREST HAL DZHAY- RS,1528,1075,62.8166666,134.4333333
15123099999,SARMASU- RO,1367,193,46.75,24.1666666
22805099999,VALAAM- RS,1513,247,61.3666666,30.8833333
16715099999,TATOI- GR,1281,190,38.108928,23.783836
33885099999,CAHUL- MD,1358,226,45.8833333,28.2333333
25561099999,TANYURER- RS,1548,1395,64.8666666,174.4166666
14007099999,RATECE- SI,1364,110,46.5,13.7166666
15168099999,ODORHEIUL SECUIESC- RO,1362,202,46.3,25.3
68833099999,JOUBERTINA- SF,561,191,-33.8333333,23.8666666
72401599999,ALLEN C PERKINSON BLACKSTONE ARMY AIR FIELD FORT PICKETT VIRGINIA USA- VA US,1270,2256,37.074194,282.042472
11059099999,WELS SCHLEISSHEIM- AU,1381,113,48.1666666,14.0666666
38947099999,PYANDJ- TI,1272,553,37.2333333,69.0833333
24758099999,BERDIGESTYAH- RS,1522,1017,62.2666666,127.0666666
48085099999,GWA- BM,1075,757,17.5833333,94.5833333
15366099999,BAILE HERCULANE- RO,1348,179,44.8833333,22.4166666
99471099999,068 BAFFIN BAY POINT OF ROCKS TX- TX US,1172,2101,27.3,262.58
34727099999,EJSK- RS,1367,306,46.8,38.2666666
40657099999,HELLA- IZ,1224,356,32.45,44.45
72050899999,MERKEL FIELD SYLACAUGA MUNICIPAL- AL US,1231,2190,33.171837,273.694461
34231099999,LISKI- RS,1409,316,51.0,39.5
15182099999,GURAHONT- RO,1362,179,46.2666666,22.3333333
33464099999,BILA TSERKVA- UP,1397,241,49.75,30.1166666
47721099999,FUJI JASDF- JA,1253,1111,35.3166667,138.8666667
24684099999,AGAYAKAN- RS,1533,1134,63.3333333,141.7333333
68649099999,JAMESTOWN- SF,588,214,-31.1166666,26.8
02949099999,SOMERO SALKOLA- FI,1506,190,60.65,23.8
25147099999,BILIBINO- RS,1580,1332,68.05,166.45
94405099999,NORTH ISLAND- AS,616,909,-28.3,113.6
11328099999,ACHENKIRCH- AU,1375,94,47.5166666,11.7
35092099999,BESTOBE- KZ,1424,585,52.5,73.1
15337099999,MAHMUDIA- RO,1350,233,45.0833333,29.0666666
41520599999,CHITRAL- PK,1258,574,35.883,71.8
03214599999,WARTON- UK,1437,2857,53.745097,357.116939
15085099999,BISTRITA- RO,1371,196,47.15,24.5166666
33915099999,ASKANIIA NOVA- UP,1364,271,46.45,33.8833333
40662099999,BADRAH- IZ,1230,368,33.1,45.95
07182599999,MIRECOURT- FR,1383,49,48.324961,6.069983
15215099999,BARAOLT- RO,1360,205,46.0833333,25.6
14021099999,SLOVENJ GRADEC- SI,1364,121,46.4833333,15.1166666
11263099999,WEISSENSEE GATSCHACH- AU,1367,106,46.7166666,13.2833333
68815099999,LANGEBAAN- SF,569,144,-33.0833333,18.0166666
24076099999,DEPUTATSKI- RS,1593,1117,69.3333333,139.6666666
33647099999,RAKHIV- UP,1380,194,48.05,24.2
48087099999,HINTHADA- BM,1076,763,17.6666666,95.4166666
15364099999,BOZOVICI- RO,1349,176,44.9166666,22.0
11260099999,MALLNITZ BAD- AU,1369,105,47.0,13.1666666
72052900429,HOPKINS FIELD AIRPORT- CO US,1282,2011,38.23875,251.43673
15302099999,PREDEAL- RO,1354,205,45.5,25.5833333
34524099999,DEBAL TSEVE- UP,1383,307,48.35,38.4333333
71185099999,DANIELS HARBOUR NFLD- CA,1402,2419,50.2333333,302.4166667
15324099999,CAMPULUNG MUSCEL- RO,1352,200,45.2833333,25.0333333
72104699999,LOUISIANA REGIONAL AIRPORT GONZALES- LA US,1201,2153,30.1666666,269.0666667
35167099999,DERZHAVINSK- KZ,1410,530,51.0833333,66.3
34312099999,VELYKYI BURLUK- UP,1400,299,50.0666666,37.3833333
26515099999,TELSIAI- LH,1459,178,55.9666666,22.25
11332099999,MISTELBACH- AU,1385,133,48.5666666,16.6
15265099999,TECUCI- RO,1358,219,45.85,27.4166666
71629099999,FORT ROSS- CA,1620,2126,72.0166666,265.8
99717399999,KAWAIHAE- HI US,1100,1633,20.037,204.171
11301099999,ALBERSCHWENDE- AU,1374,79,47.45,9.85
34871099999,UTTA- RS,1363,368,46.3666666,46.0166666
15388099999,MOLDOVA VECHE- RO,1347,173,44.7166666,21.6333333
06674099999,CHAM- SZ,1371,68,47.1833333,8.4666666
94676099999,ARKAROOLA- AS,596,1115,-30.3166666,139.3333333
17186599999,MANISA SANAYI AIRPORT- TU,1286,219,38.6333333,27.35
40632099999,TUZ- IZ,1248,357,34.8833333,44.65
24371099999,UST CHARKI- RS,1567,1093,66.8,136.6833333
48912599999,CAN THO- VM,1000,846,10.0833333,105.7166666
99735299999,PANAMA CITY BEACH- FL US,1202,2193,30.22,274.12
34743099999,ZIMOVNIKI- RS,1371,340,47.15,42.4833333
72095299999,GRAY BUTTE FIELD- CA US,1245,1939,34.563889,242.325
33777099999,VOZNESENS K- UP,1375,251,47.5666666,31.3333333
26714099999,MARIJAMPOLE- LH,1445,187,54.5333333,23.35
11175099999,BRUCK MUR- AU,1374,122,47.4166666,15.2666666
34461099999,ILOVLJA- RS,1392,352,49.3,44.0
68999099999,CT AWS- SF,560,149,-33.9666666,18.6
68839099999,UITENHAGE- SF,562,203,-33.7,25.4333333
03384099999,LECONFIELD AUT- UK,1438,2877,53.8666667,359.5666667
15069099999,POIANA STAMPEI- RO,1373,201,47.3166666,25.1333333
41293099999,BIDIYA- MU,1124,471,22.4666666,58.85
15007099999,RADAUTI- RO,1378,207,47.8333333,25.9
17095099999,ERZURUM BOLGE- TU,1298,330,39.9,41.2833333
33564099999,ZHMERYNKA- UP,1390,225,49.0166666,28.1333333
22981099999,VELIKIJ USTJUG- RS,1507,370,60.7666666,46.25
72098499999,GOLF SIDNEY- NE US,1312,2055,41.2166666,256.9
15194099999,TARGU OCNA- RO,1362,213,46.2666666,26.65
36341099999,EGINDYBULAK- KZ,1397,611,49.7833333,76.3833333
34304099999,KOLOMAK- UP,1398,282,49.85,35.2333333
33173099999,KOVEL- UP,1412,197,51.2166666,24.6833333
37107099999,KRASNAYA POLYANA- RS,1336,322,43.6833333,40.2
11201099999,SILLIAN- AU,1367,99,46.75,12.4166666
36883099999,ILIYSKY- KZ,1334,616,43.4833333,76.9833333
15462099999,MEDGIDIA- RO,1342,226,44.25,28.2666666
17204099999,MUS- TU,1287,332,38.7333333,41.5166666
68163099999,MARKEN- SF,663,227,-23.6,28.3833333
88894099999,MOUNT ALICE- FK,378,2395,-52.15,299.4
11140099999,LOFER- AU,1375,102,47.5833333,12.7
72090300441,DAVIESS CO AIRPORT- IN US,1287,2183,38.70042,272.87027
68397099999,MBAZWANA AIRFIELD- SF,625,261,-27.4666666,32.5833333
11193099999,BAD TATZMANNSDORF- AU,1373,130,47.3333333,16.2166666
70270000489,BRYANT ARMY AIRFIELD HELIPORT- AK US,1512,1683,61.2658,210.3467
15296099999,PETROSANI- RO,1354,187,45.4166666,23.3833333
41250099999,SUNAYNAH- MU,1137,447,23.7166666,55.9
15209099999,BLAJ- RO,1361,191,46.1833333,23.9333333
60667099999,TINALKOUM- AG,1145,82,24.6,10.2166666
15160099999,STEI- RO,1365,180,46.5333333,22.4666666
71678099999,MUSKRAT DAM- CA,1434,2146,53.4333333,268.2333334
44418099999,NEPALGUNJ AIRPORT- NP,1180,653,28.1,81.6666666
37036099999,NEVINNOMYSSK- RS,1346,336,44.6333333,41.9666666
34609099999,KYRYLIVKA- UP,1373,291,47.3333333,36.3333333
02906099999,KEMIONSAARI KEMIO- FI,1501,182,60.1666666,22.75
24725099999,TUOJ HAYA- RS,1525,890,62.5333333,111.2333333
36197099999,TAVRIA- KZ,1401,656,50.1666666,82.0333333
22727099999,KONDOPOGA- RS,1521,274,62.1666666,34.3
15109099999,PIATRA NEAMT- RO,1369,211,46.9166666,26.3833333
16134099999,CIMONE MOUNTAIN- IT,1341,86,44.2,10.7
68361099999,JOHANNESBURG BOT. GARDENS- SF,638,224,-26.15,28.0
06707099999,VILLARS TIERCELIN- SZ,1366,54,46.6166666,6.7166666
41966099999,RANGAMATI- BG,1125,738,22.5333333,92.2
72097999999,CHARLIE GERING- NE US,1315,2051,41.5833333,256.333334
34555099999,NIZHNY CHIR- RS,1383,345,48.3333333,43.1166666
15208099999,ALBA IULIA- RO,1360,189,46.0666666,23.5666666
60280099999,GUELMIN- MO,1190,2799,29.0166666,349.9333334
06602099999,DELEMONT- SZ,1373,59,47.35,7.35
99817499999,PORT INGLESIDE- TX US,1178,2102,27.8166666,262.8
66215099999,MALANJE- AO,804,130,-9.525086,16.312406
41757099999,GWADAR- PK,1152,499,25.233308,62.329494
01076099999,TANABRU- NO,1602,225,70.2166666,28.1666666
15347099999,CURTEA DE ARGES- RO,1351,197,45.1666666,24.6666666
86890599999,ALBACORA P25 OIL PLATFORM- BR,678,2561,-22.1,320.0833334
71020599999,WEKWEETI- CA,1541,1967,64.1833333,245.9166667
02857099999,INARI ANGELI LINTUPUOLISELKA- FI,1588,206,68.9,25.7333333
24928099999,KOMAKA- RS,1502,894,60.2666666,111.7333333
48894099999,NHA BE- VM,1006,854,10.65,106.7166666
99717699999,HOMER SPIT- AK US,1496,1669,59.602,208.583
47716099999,KASUMIGAURA JASDF- JA,1260,1122,36.0333333,140.2
11365099999,ZELTWEG AUTOM. STAT.- AU,1371,118,47.2,14.7666666
72056100467,WILLIAM R POGUE MUNICIPAL AIRPORT- OK US,1261,2111,36.17527,263.84817
24557099999,SOGO HAYA- RS,1542,1012,64.2833333,126.45
38875099999,KARAKUL- TI,1290,588,39.0166666,73.55
06675099999,EINSIEDELN- SZ,1371,70,47.1333333,8.75
15063099999,ZALAU- RO,1371,184,47.1833333,23.05
03405599999,NORTH DENES AIRPORT- UK,1426,2866,52.65,358.2166667
22917099999,NOVAJA LADOGA- RS,1501,259,60.1166666,32.3166666
15328099999,PATARLAGELE- RO,1353,211,45.3166666,26.3666666
36026099999,NOVONIKALAEVKA- KZ,1410,635,51.0666666,79.4166666
72051699999,AFTON MUNICIPAL- WY US,1327,1992,42.711247,249.057836
11119099999,SEEFELD- AU,1373,89,47.3166666,11.1833333
63688099999,EL DORET INTERNATIONAL- KE,904,282,0.404458,35.2388992
15428099999,GURA PORTITEI- RO,1346,232,44.6833333,29.0
72051800449,FORT BRIDGER AIRPORT- WY US,1313,1997,41.39333,249.59403
06154099999,BRANDELEV- DA,1451,95,55.2,11.8666666
68577099999,KOKSTAD- SF,594,235,-30.5,29.4
15434099999,SLATINA- RO,1344,195,44.4333333,24.35
72077799999,LAWRENCEVILLE BRUNSWICK MUNICIPAL- VA US,1267,2258,36.772833,282.20574999999997
38313099999,BUGUN- KZ,1337,552,43.7166667,69.0
15341099999,APA NEAGRA- RO,1349,183,45.0,22.8666666
34139099999,KAMENNAJA STEP- RS,1410,326,51.05,40.7
15377099999,PLOIESTI- RO,1349,208,44.95,26.0
34409099999,LOZOVA- UP,1388,291,48.9,36.3166666
11362099999,KALWANG- AU,1374,118,47.4166666,14.7666666
34109099999,OBOJAN- RS,1411,291,51.2,36.3166666
26268099999,DNO- RS,1478,240,57.8166666,29.95
15047099999,TARGU LAPUS- RO,1374,191,47.4333333,23.8666666
15124099999,BATOS- RO,1368,197,46.8833333,24.65
15245099999,JIMBOLIA- RO,1357,166,45.7833333,20.7
46770099999,CHING CHUAN KANG AB- TW,1142,965,24.264668,120.62058
99495199999,SEBASTIAN INLET STATE PARK- FL US,1178,2236,27.862,279.555
11214099999,PREITENEGG- AU,1369,119,46.9333333,14.9166666
01486099999,ASKER- NO,1498,83,59.85,10.4333333
11304099999,BRAND- AU,1370,78,47.1,9.7333333
01024099999,PYRAMIDEN- NO,1686,131,78.65,16.3666666
72055803977,ELK CITY MUNICIPAL AIRPORT- OK US,1254,2085,35.43333,260.6
68184099999,LYDENBURG- SF,648,244,-25.1,30.467
33511099999,TURKA- UP,1391,184,49.15,23.0333333
99999926565,DEADHORSE 3 S- AK US,1601,1692,70.1618,211.5356
24933099999,KILEER- RS,1509,954,60.95,119.3
15482099999,CALAFAT- RO,1339,184,43.9833333,22.95
15238099999,SFANTU GHEORGHE GOVASNA- RO,1358,207,45.8666666,25.8166666
26179099999,NOVGOROD- RS,1485,250,58.5166666,31.25
68840099999,SOMERSET- SF,569,206,-33.05,25.7166666
22413099999,ENGOZERO- RS,1557,271,65.7833333,33.9333333
99717199999,SITKA- AK US,1470,1797,57.052,224.658
33356099999,YAHOTYN- UP,1402,254,50.2166666,31.8
71125399999,MEADOW LAKE SK- CA,1441,2012,54.1234,251.481098
68265099999,GRAND CENTRAL- SF,640,225,-25.9833333,28.1333333
01042099999,HASVIK SLUSKFJELLET- NO,1605,180,70.6,22.45
16114099999,MONDOVI- IT,1343,63,44.3833333,7.8166666
06789099999,ILANZ- SZ,1367,74,46.7833333,9.2166666
72102699999,OSCAR ANTLER- ND US,1388,2070,48.82463,258.717498
94988099999,DENNES POINT- AS,469,1179,-43.0666666,147.35
44404099999,DADELDHURA- NP,1192,645,29.3,80.5833333
15285099999,BISOCA- RO,1355,214,45.55,26.7
91830099999,AITUTAKI- CW,711,1602,-18.830922,200.235767
72060600198,CHARLESTON EXECUTIVE AIRPORT- SC US,1227,2240,32.701,279.997
72103600353,BOYSEN THERMOPOL- WY US,1334,2013,43.467,251.611
33990099999,YALTA- UP,1344,273,44.4833333,34.1666666
72101899999,HOTEL PARSHALL- ND US,1379,2062,47.974391,257.777376
99717499999,CHARLESTON- SC US,1227,2241,32.782,280.075
33686099999,HAIVORON- UP,1383,239,48.35,29.85
66226099999,SAURIMO- AO,803,163,-9.689067,20.431875
21608099999,ANABAR- RS,1632,908,73.2166666,113.5
06796099999,STATION MARIA VAL MUESTAIR- SZ,1365,83,46.6,10.4333333
66390099999,LUBANGO- AO,750,109,-14.924733,13.575022
72055199999,MINDEN TAHOE AIRPORT- NV US,1290,1922,39.000306,240.248806
99770599999,OLD PORT TAMPA- FL US,1178,2220,27.85,277.45
06695099999,ANDERMATT- SZ,1366,69,46.6333333,8.5833333
72045299999,FLEMING MASON AIRPORT- KY US,1285,2210,38.541806,276.256611
94266099999,NORMANTON AIRPORT- AS,723,1129,-17.6833333,141.0666666
16475099999,COMISO- IT,1269,117,36.9833333,14.6166666
83644099999,POCOS DE CALDAS- BR,681,2507,-21.843014,313.432083
33717099999,BOBRYNETS- UP,1380,257,48.0666666,32.15
34003099999,PONYRI- RS,1423,290,52.3166666,36.3
22529099999,KOLEZMA- RS,1542,287,64.2333333,35.8833333
31062099999,YUGORENOK- RS,1497,1101,59.7666666,137.6666666
02764099999,KITTILA LOMPOLONVUOMA- FI,1579,194,68.0,24.2166666
72327400372,UPPER CUMBERLAND REGIONAL AIRPORT- TN US,1260,2196,36.056,274.469
15261099999,INTORSURA BUZAULUI- RO,1356,208,45.6833333,26.0166666
26080099999,KIRISHI- RS,1494,256,59.45,32.0333333
40655099999,AINALTAMER- IZ,1225,358,32.55,44.7166666
33246099999,NIZHYN- UP,1410,255,51.05,31.9
15095099999,BOROD- RO,1369,181,46.9833333,22.6
33049099999,SEMENOVKA- UP,1421,261,52.1833333,32.5833333
72099899999,ECHO WINIFRED- MT US,1374,2005,47.45,250.58333399999998
33939099999,KLEPYNINE- UP,1356,274,45.65,34.2
60691099999,ANESBARAKA- AG,1094,37,19.4333333,4.65
15491099999,GIURGIU- RO,1338,208,43.8833333,25.95
15408099999,CORUGEA- RO,1347,227,44.7333333,28.35
34845099999,GORODOVIKOVSK- RS,1360,336,46.0666666,41.9666666
72046800466,ST LANDRY PARISH AIRPORT AHART FIELD- LA US,1205,2143,30.55838,267.90062
35701099999,ISATAI- KZ,1372,408,47.2166666,50.9833333
25121099999,KOLYMSKAYA- RS,1587,1270,68.7333333,158.7166666
63981099999,PRASLIN- SE,856,446,-4.319292,55.691417
24585099999,NERA- RS,1545,1155,64.55,144.4
33287099999,RAVA RUS KA- UP,1402,189,50.25,23.6333333
68713099999,PAARL- SF,562,152,-33.7166666,18.9666666
91824099999,HANAN AIRPORT- NE,709,1521,-19.0833333,190.0666667
34013099999,LIVNY- RS,1424,301,52.4333333,37.6
02928099999,JOENSUU LINNUNLAHTI- FI,1525,238,62.6,29.7166666
34958099999,BLAGODARNYJ- RS,1350,348,45.1,43.45
68241099999,MADIKWE GAME RESERVE- SF,653,210,-24.6833333,26.2
60772099999,TATAOUINE- TS,1229,84,32.9166666,10.45
41173099999,AL WAKRAH- QA,1151,413,25.1833333,51.6166666
15138099999,DUMBRAVITA DE CODRU- RO,1366,177,46.6333333,22.1666666
34302099999,BOHODUKHIV- UP,1401,284,50.2,35.5333333
24261099999,BATAGAJ ALYTA- RS,1577,1043,67.8,130.3833333
11330099999,MAYRHOFEN- AU,1371,95,47.1666666,11.85
06733099999,BOLTIGEN- SZ,1366,59,46.6333333,7.3833333
68454099999,MEJAMETALANA- LT,606,220,-29.304053,27.503458
91570099999,ILE SURPRISE- NC,715,1305,-18.4833333,163.0833333
24739099999,CHAINGDA- RS,1522,959,62.2833333,119.85
30198099999,SUON TIT- RS,1480,990,58.0666666,123.7166666
94896099999,ALBURY- AS,539,1176,-36.067778,146.958056
15338099999,ORAVITA- RO,1350,173,45.0333333,21.6833333
15083099999,DEJ- RO,1371,191,47.1333333,23.9
11367099999,BAERNKOPF- AU,1383,120,48.3833333,15.0
72101799999,GOLF PLAZA- ND US,1381,2064,48.119817,258.039513
47860099999,METABARU JASDF- JA,1233,1043,33.3166667,130.4166667
11085099999,ZWERNDORF MARCHEGG- AU,1383,135,48.3333333,16.8333333
02919099999,LAPPEENRANTA HIEKKAPAKKA- FI,1511,228,61.2,28.4666666
06022299999,HALFDAN A OIL PLATFORM HELIPAD- DA,1455,40,55.530858,5.004175
67143099999,MANANJARY- MA,687,387,-21.201772,48.358317
71821099999,MATAGAMI A- CA,1397,2258,49.75,282.2
15279099999,BALEA LAC- RO,1355,197,45.6,24.6166666
72052100475,SHIVELY FIELD AIRPORT- WY US,1314,2025,41.44352,253.17248
72104199999,MARCO ISLAND- FL US,1159,2227,25.995028,278.327472
41262099999,FAHUD AUT- MU,1123,452,22.35,56.4833333
01462099999,PORSGRUNN- NO,1490,77,59.0833333,9.6666666
01417099999,NEDRE VATS- NO,1494,46,59.4833333,5.75
40606099999,DUHOOK- IZ,1268,344,36.8666666,43.0
41276099999,UMZAMAIM- MU,1107,457,20.8,57.1166666
11129099999,PASSO DEL BRENNERO- IT,1369,92,47.0,11.5
A0001553129,COLORADO CITY MUNICIPAL AIRPORT- AZ US,1269,1976,36.95972,246.98611
16760099999,KASTELI AIRPORT- GR,1251,203,35.1833333,25.3166666
38869099999,IHRT- TI,1281,581,38.1666666,72.6333333
22101099999,YANISKOSKI- RS,1589,230,68.9666666,28.7833333
48093099999,BAGO- BM,1073,772,17.3333333,96.5
10234099999,ROTENBURG- GM,1431,75,53.1333333,9.35
34476099999,EL TON- RS,1391,375,49.1333333,46.85
68813099999,ROBBEN ISLAND- SF,562,147,-33.8,18.3666666
99999925381,METLAKATLA 6 S- AK US,1450,1827,55.0455,228.4123
68923099999,TIGERHOEK- SF,558,159,-34.15,19.9
15395099999,DRAGASANI- RO,1346,194,44.6666666,24.2333333
33581099999,ZHASHKIV- UP,1392,241,49.2333333,30.1
44416099999,SURKHET- NP,1185,653,28.6,81.6166667
35615099999,MAKAT- KZ,1376,427,47.6333333,53.3166666
33228099999,TETERIV- UP,1406,237,50.7,29.5833333
41170399999,DOHA- QA,1152,413,25.2666666,51.6
02882099999,KITTILA MATOROVA- FI,1579,194,68.0,24.2333333
27008099999,BABAEVO- RS,1493,287,59.4,35.9
08008099999,LUGO ROZAS- SP,1331,2820,43.1166666,352.55
68827099999,YSTERPLANT SAAFB- SF,561,148,-33.9,18.5
34868099999,IKI BURUL- RS,1357,357,45.8,44.6333333
44409099999,DHANGADHI ATARIYA- NP,1187,644,28.8,80.55
41519599999,TURBAT INTERNATIONAL- PK,1159,504,25.983,63.033
22891099999,SOSNOVO- RS,1505,243,60.55,30.3166666
11375099999,AFLENZ- AU,1375,122,47.55,15.2333333
33609099999,ZNAMIANKA- UP,1387,261,48.7166666,32.6666666
11220099999,NEUMARKT- AU,1370,115,47.0666666,14.4166666
37144099999,PROHLADNAYA- RS,1337,352,43.75,44.05
33723099999,KOMISARIVKA- UP,1384,271,48.4333333,33.9
01460099999,GULLHOLMEN- NO,1494,85,59.4333333,10.5833333
17100199999,IGDIR AIRPORT- TU,1299,351,39.9833333,43.8666666
72222100444,DIXON AIRPORT- WY US,1310,2020,41.03744,252.50748
25469099999,KANCHALAN- RS,1551,1414,65.1833333,176.7666666
26711099999,CHERNYAHOVSK- RS,1446,174,54.6333333,21.8
94395099999,CLERMONT AIRPORT- AS,672,1181,-22.7833333,147.6166666
17064099999,ISTANBUL BOLGE KARTAL- TU,1308,233,40.9,29.15
11316099999,PITZTALER GLETSCHER- AU,1369,87,46.9333333,10.8833333
33862099999,VELYKA OLEKSANDRIVKA- UP,1373,266,47.3166666,33.2833333
21937099999,KUJGA- RS,1600,1085,70.0333333,135.6666666
01493099999,SARPSBORG- NO,1492,89,59.2833333,11.1166666
21535099999,SANNIKOVA- RS,1646,1111,74.6666666,138.9
15199099999,SANNICOLAU MARE- RO,1360,165,46.0666666,20.6
94200099999,MANDORA- AS,702,967,-19.7333333,120.85
15189099999,DUMBRAVENI- RO,1362,197,46.2333333,24.6
15197099999,BARLAD- RO,1362,221,46.2333333,27.65
44438099999,BHAIRAHAWA- NP,1175,667,27.505703,83.41625
68582099999,ORIBI AIRPORT- SF,603,243,-29.65,30.4
15117099999,HOLOD- RO,1367,177,46.7833333,22.1166666
72099599999,BRAVO GEYSER- MT US,1372,1997,47.2833333,249.633334
15148099999,BUCIN- RO,1366,202,46.65,25.3
15165099999,TARNAVENI- RO,1363,194,46.3666666,24.2333333
68933099999,TSITSIKAMMA- SF,559,191,-34.0333333,23.9
16606099999,SERRAI- GR,1310,189,41.0666666,23.5666666
40605099999,ZAKHO- IZ,1271,342,37.1333333,42.7166666
15314099999,RESITA- RO,1352,175,45.3,21.9166666
47660099999,TACHIKAWA JASDF- JA,1256,1115,35.7,139.4
02881099999,RANUA AIRFIELD- FI,1559,211,65.9833333,26.3666666
38718099999,ISKANDERKUL- TI,1290,547,39.1,68.3833333
40660099999,AZIZYAH- IZ,1229,361,32.9166666,45.0666666
72102299999,KILO DONNYBROOK 2- ND US,1385,2063,48.550636,257.879668
85782599999,MOCOPULLI AIRPORT- CI,476,2290,-42.3333333,286.2833334
71208099999,BIG TROUT LAKE- CA,1438,2161,53.8166666,270.1
72102599999,NOVEMBER MOHALL- ND US,1387,2067,48.759512,258.407968
15445099999,CERNAVODA- RO,1343,224,44.35,28.05
02760099999,KUUSAMO RUKA TALVIJARVI- FI,1561,233,66.1666666,29.1333333
15498099999,ZIMNICEA- RO,1336,203,43.6666666,25.35
24588099999,YURTY- RS,1540,1135,64.05,141.8833333
03351099999,ROSTHERNE NUMBER 2- UK,1433,2861,53.3666666,357.6166667
06723099999,VERBIER LES ATTLELAS- SZ,1360,58,46.1,7.2666666
37004099999,GELENDZHIK- RS,1345,305,44.5666666,38.0833333
38715099999,SHAHRISTANSKIJ PEREVAL- TI,1295,549,39.5666666,68.5833333
06022499999,HARALD HELIDECK OIL RIG- DA,1463,34,56.344119,4.271922
15277099999,BOITA- RO,1356,194,45.65,24.2666666
15409099999,JURILOVCA- RO,1347,231,44.7666666,28.8833333
21813099999,TYUMYATI- RS,1619,989,71.9166666,123.5666666
72100299999,HOTEL FAIRFIELD- MT US,1376,1984,47.7,248.05
26636099999,SVENCIONYS- LH,1451,209,55.15,26.1666666
22829099999,VOSNESEN E- RS,1510,284,61.0166666,35.4833333
06758099999,GRONO- SZ,1362,73,46.25,9.1666666
06725099999,BLATTEN LOETSCHENTAL- SZ,1364,63,46.4166666,7.8166666
15184099999,ROSIA MONTANA- RO,1363,185,46.3166666,23.1333333
34253099999,ELAN- RS,1409,350,50.95,43.7333333
38878099999,MURGAB- TI,1281,592,38.1666666,73.9666666
84072599999,MARISCAL SUCRE INTERNATIONAL AIRPORT- EC,898,2253,-0.1166666,281.63333339999997
34785099999,DOSANG- RS,1369,383,46.9166666,47.9333333
31102099999,KANKU- RS,1476,1008,57.65,125.9666666
06439099999,SINT KATELIJNE WAVER- BE,1410,36,51.0833333,4.5166666
48107099999,YE- BM,1052,783,15.25,97.8666666
15469099999,CARACAL- RO,1340,195,44.1,24.3666666
07151599999,MAZAMET- FR,1335,18,43.55625,2.289183
34772099999,YUSTA- RS,1371,371,47.1333333,46.3166666
34267099999,DANILOVKA- RS,1403,353,50.3666666,44.1166666
07210099999,VANNES SENE- FR,1375,2858,47.6,357.2833334
15412099999,BACLES- RO,1344,185,44.4833333,23.1166666
15301099999,FUNDATA- RO,1354,202,45.4333333,25.2666666
83231599999,CHAPADA DIAMANTINA- BR,775,2550,-12.482289,318.723031
44478099999,BIRATNAGAR- NP,1164,698,26.481453,87.264036
34578099999,CERNYJ JAR- RS,1380,369,48.0666666,46.1166666
71204099999,MANKOTA- CA,1390,2024,49.1,252.9833334
06752099999,CEVIO- SZ,1363,69,46.3166666,8.6
15406099999,HARSOVA- RO,1346,224,44.6833333,27.95
33312099999,NOVOHRAD VOLYNS KYI- UP,1405,221,50.6,27.6333333
68837099999,NGQURA COEGA- SF,562,205,-33.8,25.6666666
72057500173,INDIANAPOLIS EXECUTIVE AIRPORT- IN US,1300,2190,40.031,273.749
11386099999,KRUMBACH ID BUCKLIGEN WELT- AU,1375,129,47.5166666,16.1833333
11296099999,LEIBNITZ- AU,1367,124,46.7666666,15.55
71663099999,WASECA RCS- CA,1431,2005,53.1333333,250.6
99707999999,THUNDER BAY ISLAND- MI US,1350,2214,45.035,276.806
06715099999,EVIONNAZ- SZ,1361,56,46.1833333,7.0333333
16719099999,ZAKINTHOS- GR,1277,167,37.7833333,20.8833333
68258099999,GOEDEHOOP- SF,657,224,-24.233,28.033
11352099999,FRANKENMARKT- AU,1379,107,47.9833333,13.4166666
72052200443,DUBOIS MUNICIPAL AIRPORT- WY US,1335,2002,43.54836,250.30975
71268099999,SMITHERS AIRPORT AUTO- CA,1448,1863,54.8166666,232.81666669999998
02702099999,INARI KAAMANEN- FI,1591,218,69.1333333,27.2666666
16613099999,FLORINA- GR,1307,171,40.7833333,21.4
71636099999,CAMPSIE AUTO- CA,1441,1987,54.1305556,248.3225
24263099999,BATAGAJ- RS,1576,1077,67.65,134.6833333
02744099999,TAMPERE SATAKUNNANKATU- FI,1514,190,61.5,23.7666666
34262099999,RUDNYA- RS,1408,357,50.8333333,44.5666666
68811099999,GEELBEK- SF,567,145,-33.2,18.1166666
33203099999,OLEVSK- UP,1412,221,51.2166666,27.6333333
72095400456,ALAMINOS CANYON- TX US,1169,2123,26.93333,265.31667
15499099999,MANGALIA- RO,1338,229,43.8166666,28.5833333
34047099999,ZERDEVKA- RS,1418,332,51.8333333,41.4833333
15405099999,GRIVITA- RO,1347,218,44.75,27.3
60612099999,TIRIRINE- AG,1120,69,22.05,8.5833333
11359099999,GROEBMING- AU,1374,111,47.4333333,13.9
37235099999,GROZNYJ- RS,1332,366,43.25,45.7166666
26894099999,ZUKOVKA- RS,1435,270,53.5333333,33.75
48099099999,HPAAN- BM,1067,781,16.75,97.6666666
24361099999,EKYUCHCHYU- RS,1567,1053,66.7666666,131.6
24643099999,HATYAYK HOMO- RS,1539,999,63.95,124.8333333
71439099999,COVE ISLAND AUT ONT- CA,1353,2226,45.3333333,278.2666667
68443099999,BLOEMFONTEIN CITY- SF,608,209,-29.1166666,26.1833333
17221099999,CESME- TU,1282,210,38.3,26.3
96633699999,ADISUMARMO INTERNATIONAL- ID,824,886,-7.5,110.75
15179099999,SIRIA- RO,1362,173,46.25,21.65
06749099999,GORNERGRAT- SZ,1359,62,45.9833333,7.7833333
25042099999,AJON- RS,1599,1344,69.9166666,167.9666666
02998099999,HELSINKI KUMPULA- FI,1501,200,60.2,24.9666666
99769799999,LITTLE RAPIDS- MI US,1364,2206,46.48,275.7
16765099999,KARPATHOS AIRPORT- GR,1254,217,35.4275,27.1469444
70365699999,QUINHAGAK AIRPORT- AK US,1497,1585,59.75,198.1666667
91652099999,UDU POINT AWS- FJ,738,1440,-16.1333333,180.0166667
33605099999,CHYHYRYN- UP,1390,261,49.0833333,32.6666666
99848799999,PORT LAVACA- TX US,1186,2107,28.64,263.405
35138099999,ORSK- RS,1410,469,51.0666666,58.6
99717599999,PORT MOLLER- AK US,1569,1595,66.986,199.426
24771099999,TEPLY KLJUCH- RS,1527,1095,62.7833333,136.85
72103500352,HAZLEHURST AIRPORT- GA US,1218,2219,31.885,277.353
26069099999,BELOGORKA- RS,1493,241,59.35,30.1333333
38951099999,RUSHAN- TI,1279,572,37.95,71.55
11285099999,DEUTSCHLANDSBERG- AU,1368,122,46.8166666,15.2333333
72235593999,VICKSBURG- MS US,1222,2153,32.23333,269.06667
38341099999,TARAZ- KZ,1328,570,42.85,71.3
72099399999,OSCAR GROVER- CO US,1308,2048,40.8833333,256.0
33634099999,BEREHOVE- UP,1381,181,48.2,22.65
71640099999,LAKE SUPERIOR PROVINCIAL PARK- CA,1377,2201,47.7166666,275.1833334
17089099999,BAYBURT- TU,1302,322,40.25,40.2333333
24449099999,BESTYAHSKAYA ZVEROFERMA- RS,1552,1017,65.3,127.1166667
15107099999,TOPLITA- RO,1369,203,46.9333333,25.3666666
99735199999,NAPLES- FL US,1161,2226,26.12,278.2
26621099999,RASEINIAI- LH,1453,185,55.4,23.15
38719099999,ANZQBSKIJ PEREVAL- TI,1290,551,39.0833333,68.8666666
37058099999,GEORGIEVSK- RS,1341,348,44.15,43.4666666
34356099999,FROLOVO- RS,1397,349,49.8,43.6666666
33187099999,LUTS K- UP,1406,204,50.7,25.5
71326099999,HALIFAX KOOTENAY- CA,1345,2372,44.5833333,296.45
15219099999,ADJUD- RO,1360,217,46.1,27.1666666
72278199999,HENRY CO- TN US,1263,2173,36.338226,271.617122
72060900201,LOWCOUNTRY REGIONAL AIRPORT- SC US,1229,2235,32.917,279.367
15375099999,TARGOVISTE- RO,1349,203,44.9333333,25.4333333
26381099999,DEMJANSK- RS,1476,260,57.65,32.4666666
11312099999,GALTUER- AU,1369,81,46.9666666,10.1833333
94293099999,LIHOU REEF LIGHTHOUSE- AS,728,1217,-17.1333333,152.15
15231099999,SEBES ALBA- RO,1359,188,45.9666666,23.5333333
04065599999,BILDUDALUR- IC,1556,2692,65.641331,336.453831
26713099999,KYBARTAI- LH,1446,182,54.65,22.8
68342099999,OTTOSDAL- SF,631,208,-26.8166666,26.0166666
71038099999,DOAKTOWN AUTO RCS- CA,1365,2352,46.6,293.9833334
37193099999,TEBERDA- RS,1334,334,43.45,41.7333333
68447099999,GLEN COLLEGE AWS- SF,610,211,-28.95,26.3333333
15143099999,TURDA- RO,1365,190,46.5833333,23.7833333
15111099999,ROMAN- RO,1369,215,46.9666666,26.9166666
48955099999,PAKSE- LA,1051,846,15.1166666,105.7666667
26285099999,KRESTCY- RS,1482,260,58.2666666,32.5333333
26634099999,UKMERGE- LH,1452,198,55.2666666,24.7666666
72104500354,MIDWEST NATIONAL AIR CENTER AIRPORT- MO US,1293,2126,39.332,265.69
33657099999,SELIATYN- UP,1378,202,47.8666666,25.2166666
15345099999,MORARESTI- RO,1349,196,45.0,24.5333333
02718099999,PUUMALA KK URHEILUKENTTA- FI,1515,225,61.5166666,28.1833333
11027099999,STOCKERAU- AU,1383,130,48.4,16.2
99717999999,MARY ISLAND- AK US,1450,1831,55.099,228.818
26976099999,KRASNAJA GORA- RS,1430,253,53.0166666,31.6
33869099999,NOVA KAKHOVKA- UP,1367,267,46.7833333,33.3666666
31011099999,BUJAGA- RS,1496,1016,59.6666666,127.05
94106099999,NGUKURR AIRPORT- AS,752,1078,-14.7166666,134.75
71660099999,CRANBROOK AIRPORT AUTO- CA,1396,1954,49.6166666,244.21666670000002
03141399999,CLEETON OIL PLATFORM- UK,1440,6,54.0333333,0.7166666
40835699999,MAKU- IR,1293,355,39.33,44.43
06714099999,LES DIABLERETS- SZ,1363,58,46.3333333,7.2
38705099999,PENDZHIKENT- TI,1294,541,39.5,67.6
15099099999,HUEDIN- RO,1368,184,46.85,23.0325
41249099999,QUMAIRA- MU,1139,450,23.9333333,56.2
01357099999,HOLLEKOLTEN- NO,1508,68,60.8666666,8.5166666
74776199999,TRI CO- FL US,1208,2195,30.845778,274.398611
99849699999,OAKLAND- CA US,1277,1902,37.795,237.712
72064400226,BUCKEYE MUNICIPAL AIRPORT- AZ US,1234,1979,33.417,247.317
15025099999,STANCA STEFANESTI- RO,1378,218,47.8333333,27.2166666
40971399999,FOB CLARK- AF,1233,558,33.35,69.7333333
34438099999,MILLEROVO- RS,1389,323,48.9333333,40.3833333
11383099999,SEMMERING- AU,1376,127,47.6166666,15.8166666
06690099999,ALTENRHEIN- SZ,1374,77,47.4833333,9.5666666
68493099999,PRINCE MANGOSUTHU BUTHELEZI- SF,616,251,-28.320586,31.416519
47884099999,KOMATSUJIMA JASDF- JA,1239,1077,34.0,134.6333333
06788099999,VICOSOPRANO- SZ,1363,77,46.35,9.6333333
27817099999,MCENSK- RS,1433,292,53.3833333,36.5333333
15254099999,PALTINIS SIBIU- RO,1356,191,45.65,23.9333333
94109099999,MURGANELLA AIRSTRIP- AS,784,1063,-11.55,132.9266667
06608099999,CHAUMONT- SZ,1370,56,47.05,6.9833333
06022399999,TYRA E OIL PLATFORM HELIPAD- DA,1457,38,55.721522,4.802078
11083099999,LEISER BERGE- AU,1385,131,48.5666666,16.3666666
68931099999,PLETTENBERG BAY- SF,559,187,-34.090279,23.327778
37244099999,GUDERMES- RS,1333,369,43.35,46.1166666
72046699999,SUPERDOME HELIPORT- LA US,1199,2159,29.95,269.9166667
99999926564,IVOTUK 1 NNE- AK US,1584,1634,68.4851,204.2494
15490099999,TURNU MAGURELE- RO,1337,199,43.75,24.8833333
16095099999,PADOVA- IT,1353,95,45.4,11.85
02713099999,HAMEENLINNA LAMMI EVO- FI,1512,201,61.2166666,25.1333333
88870099999,MOUNT BYRON- FK,385,2395,-51.4166666,299.4333334
68585099999,PENNINGTON SOUTH- SF,595,245,-30.4,30.6666666
A0002963820,UNION CITY EVERETT STEWART AIRPORT- TN US,1263,2168,36.38,271.01472
40646099999,HEET- IZ,1236,350,33.6333333,43.75
15455099999,VIDELE- RO,1342,204,44.2833333,25.5333333
72101999999,INDIA PALERMO- ND US,1383,2062,48.344951,257.695616
72324900463,MAURY CO AIRPORT- TN US,1255,2183,35.55438,272.82087
02888099999,INARI SEITALAASSA- FI,1590,222,69.05,27.75
48103099999,MAWLAMYINE- BM,1064,781,16.5,97.6166666
11080099999,WIEN MARIABRUNN- AU,1381,130,48.2,16.2333333
99818599999,SEADRIFT- TX US,1183,2106,28.4,263.2833334
36871099999,KARASAYSKY- KZ,1331,614,43.1833333,76.75
34321099999,VALUJKI- RS,1402,305,50.2166666,38.1
33548099999,KAMIANETS PODIL SKYI- UP,1386,213,48.65,26.6666666
44477099999,DHANKUTA- NP,1169,699,26.9833333,87.35
02890099999,UTSJOKI KEVO KEVOJARVI- FI,1597,216,69.75,27.0166666
10745099999,SCHWABISCH HALL- GM,1391,78,49.118317,9.783956
11272099999,SPITTAL DRAU- AU,1367,108,46.7833333,13.4833333
15217099999,TARGU SECUIESC- RO,1359,209,46.0,26.1333333
15344099999,POLOVRAGI- RO,1351,191,45.1833333,23.8166666
17046099999,ARDAHAN- TU,1311,342,41.1166666,42.7166666
44424099999,JUMLA- NP,1192,657,29.2833333,82.1666667
11290099999,GRAZ UNIVERSITAET- AU,1370,124,47.0833333,15.45
11298099999,FELDBACH- AU,1369,127,46.9333333,15.8666666
03680099999,ROTHAMSTED- UK,1417,2877,51.8,359.6416667
08417099999,JAEN- SP,1277,2849,37.7833333,356.1833334
78637499999,CHAMPERICO- GT,1042,2145,14.3,268.1
08417099999,JAEN- SP,1277,2849,37.7833333,356.1833334
63160099999,BERBERA- SO,1003,360,10.389167,44.941106
92068099999,AGAUN- PP,800,1195,-9.9666666,149.3833333
65055099999,SIR ABUBAKAR TAFAWA BALEWA INTERNATIONAL- NG,1004,78,10.48285,9.7439
63170099999,EGAL INTERNATIONAL- SO,995,353,9.518167,44.088758
92100099999,TOKUA W.O.- PP,856,1219,-4.3333333,152.3666666
40602099999,RABIAH- IZ,1267,337,36.8,42.1
67229099999,ULONGWE- MZ,752,275,-14.704617,34.352369
64708099999,BOKORO- CD,1023,136,12.3833333,17.05
72074499999,PICKENS CO AIRPORT- SC US,1248,2218,34.809972,277.297111
78615099999,FLORES SANTA ELENA- GT,1069,2161,16.9166667,270.1166667
64708099999,BOKORO- CD,1023,136,12.3833333,17.05
64405099999,SIBITI- CF,863,107,-3.6833333,13.35
85757199999,PUCON- CI,507,2305,-39.292794,288.084144
72268299999,SOUTH MARSH 268A- LA US,1191,2145,29.12,268.13
00826899999,WXPOD8278- AF,1229,525,32.95,65.5666666
06086099999,OKSBOEL- DA,1455,66,55.5833333,8.25
65236099999,WARRI- NI,955,46,5.5166666,5.7333333
64403099999,MAKABANA- CF,865,101,-3.4833333,12.6166667
96781099999,HUSEIN SASTRANEGARA- ID,830,861,-6.900625,107.576294
72074599999,BOOMVANG HELIPORT OIL PLATFORM- US,1173,2123,27.35,265.3666667
64247099999,MBUJI MAYI- CG,838,189,-6.1666666,23.6166666
94932099999,POINT HICKS LIGHTHOUSE- AS,522,1194,-37.8,149.2666666
94121099999,CHANNEL POINT- AS,768,1041,-13.1666666,130.1166666
72367593092,CHAMA NWS AWRS- NM US,1268,2027,36.9,253.41667
64184099999,GOMA- CG,883,234,-1.6833333,29.2333333
84444099999,CHACHAPOYAS- PE,837,2257,-6.201806,282.143936
92077099999,GURNEY W.O.- PP,796,1203,-10.3166666,150.3333333
40609099999,TEL ABTA- IZ,1259,342,35.9166666,42.7166666
98545099999,CALBAYOG WESTERN- RP,1020,996,12.067,124.533
56029599999,YUSHU BATANG AIRPORT- CH,1228,777,32.8166666,97.1333333
94593099999,POINT LOOKOUT- AS,625,1228,-27.4333333,153.55
92072099999,HOSKINS W.O.- PP,845,1203,-5.4666666,150.4
64661099999,YALINGA- CT,964,186,6.5,23.2666667
85452099999,ISLA SAN FELIX- CI,637,2239,-26.293864,279.90378599999997
64507099999,TCHIBANGA- GB,871,88,-2.85,11.0166667
83970099999,MOSTARDAS- BR,587,2473,-31.25,309.1
72015999999,HIGH ISLAND 264C- LA US,1184,2130,28.4666666,266.2666667
47161043240,SACHON ROK K 4- KS,1250,1025,35.088543,128.07037
47139099999,POHANG- KS,1259,1035,35.987858,129.420486
80252099999,GERARDO TOBAR LOPEZ- CO,938,2264,3.819628,283.01023299999997
80222399999,GUAYMARAL- CO,948,2287,4.812333,285.93508099999997
80308099999,GUILLERMO LEON VALENCIA- CO,924,2267,2.4544,283.390681
80132099999,TAME TAME- CO,964,2306,6.45,288.25
80372099999,TRES DE MAYO- CO,905,2268,0.505228,283.499164
80354099999,FLORENCIA CAPITOLIO- CO,915,2276,1.6,284.4666667
80222599999,LOS COLONIZADORES- CO,969,2305,6.95,288.15
80044099999,COROZAL LAS BRUJAS- CO,993,2278,9.3333333,284.7166667
61733099999,FATOTO- GA,1036,2764,13.6666667,345.5333333
80322099999,JORGE E GONZALEZ TORRES- CO,925,2299,2.579694,287.360642
80219099999,GIRARDOT SANTIAGO VILLA- CO,942,2282,4.2833333,285.2
80336099999,TUMACO LA FLORIDA- CO,918,2250,1.8166666,281.25
94291099999,INNISFAIL- AS,724,1168,-17.5166666,146.0333333
67250099999,SONGO- MZ,743,275,-15.6,34.4333333
62810099999,KADUGLI- SU,1011,238,11.138028,29.701122
80361099999,FABIO ALBERTO LEON BENTLEY- CO,912,2318,1.253664,289.766122
80222299999,JOSE CELESTINO MUTIS- CO,962,2261,6.202917,282.605325
72067199999,JESUP WAYNE CO- GA US,1215,2225,31.553964,278.117483
94390099999,SANDY CAPE LIGHTHOUSE- AS,652,1226,-24.7166666,153.2
65200099999,ISEYEN- NI,979,29,7.9666666,3.6
06450599999,BRUSSELLS MIL- BE,1408,36,50.8833333,4.5166666
08594599999,SAO PEDRO- CV,1068,2680,16.833889,334.943333
62840099999,MALAKAL- OD,995,253,9.558969,31.652242
95834099999,HORSHAM POLKEMMET RD- AS,533,1137,-36.65,142.0666666
92087099999,MISIMA W.O.- PP,793,1223,-10.6833333,152.8333333
47158099999,GWANGJU- KS,1251,1014,35.126389,126.808889
66118099999,MBANZA CONGO- AO,837,114,-6.269897,14.247025
66130099999,N ZETO AMBRIZETE- AO,827,103,-7.2333333,12.8666666
60675099999,OUALLEN- AG,1133,8,23.4,1.0
67309099999,DINDIZA GAZA- MZ,679,267,-22.0833333,33.3666666
68015299999,OKONGO- WA,724,138,-17.5666666,17.2166666
94708099999,NYNGAN AIRPORT- AS,584,1177,-31.55,147.1833333
12376499999,NOWA DEBA- PL,1404,174,50.4333333,21.7666666
72071999999,EAST CAMERON OIL PLATFORM- LA US,1184,2137,28.4333333,267.1166667
72072299999,S MARSH OIL PLATFORM- LA US,1191,2145,29.1166666,268.13333339999997
72072199999,SABINE OIL PLATFORM- LA US,1194,2131,29.4833333,266.3666667
80441399999,SAN TOME- VE,989,2367,8.945147,295.84891700000003
94556099999,TENTERFIELD FEDERATION PARK- AS,609,1216,-29.05,152.0166666
72071799999,WEST DELTA OIL PLATFORM- MS US,1191,2164,29.1166666,270.45
72071899999,MISSISSIPPI CANYON OIL PLATFORM- LA US,1186,2162,28.65,270.2
72072399999,VERMILLION OIL PLATFORM- LA US,1194,2141,29.4666666,267.63333339999997
40610099999,BAAJ- IZ,1260,334,36.0333333,41.7333333
72233999999,PHI OIL PLATFORM- LA US,1197,2135,29.7833333,266.8166667
41672099999,RAFIQUI- PK,1207,578,30.7833333,72.2
41564099999,KOHAT- PK,1235,571,33.5666666,71.4333333
41592099999,MIANWALI- PK,1225,573,32.563089,71.570681
41577099999,ISLAMABAD CITY- PK,1237,585,33.7166666,73.1
41533099999,RISALPUR- PK,1240,576,34.081112,71.972583
41520099999,ASTORE- PK,1253,599,35.3666666,74.9
41504099999,GUPIS- PK,1261,587,36.1666666,73.4
41522599999,MUZAFFARABAD- PK,1243,588,34.333,73.517
41517099999,SKARDU- PK,1253,604,35.335508,75.536047
41565099999,CHERAT- PK,1238,575,33.8166666,71.8833333
41516099999,GILGIT- PK,1259,595,35.918786,74.333644
85394099999,BERMEJO- BL,672,2365,-22.7666666,295.6833334
72072799999,HIGH ISLAND 376- TX US,1179,2131,27.961944,266.3291667
72072599999,BRAZOS 133- TX US,1178,2112,27.835,263.989445
72072699999,GALVESTON 424- TX US,1185,2120,28.57666,265.023334
85210099999,SAN MATIAS- BL,736,2413,-16.3333333,301.6166667
86033699999,DR AUGUSTO ROBERTO FUSTER INTERNATIONAL- PA,673,2433,-22.641989,304.170478
86033599999,CARLOS MIGUEL GIMENEZ- PA,631,2413,-26.881467,301.681964
47167099999,YEOSU- KS,1248,1021,34.842328,127.61685
94305099999,ONSLOW- AS,683,921,-21.6333333,115.1166666
94728099999,COONABARABRAN NAMOI STREET- AS,587,1194,-31.2666666,149.2666666
41519099999,CHILLAS- PK,1254,593,35.4166666,74.1
41518099999,BUNJI- PK,1256,597,35.6666666,74.6333333
94477099999,MARLA POLICE STATION- AS,626,1069,-27.3,133.6166666
86033799999,SILVIO PETTIROSSI INTERNATIONAL- PA,647,2420,-25.2398505,302.480867
62803099999,RASHAD- SU,1018,248,11.8666666,31.05
94292099999,CARDWELL STONEY CREEK- AS,716,1168,-18.3,146.0333333
92005099999,MOUNT HAGEN ATS- PP,841,1154,-5.8333333,144.3
94448099999,LEONORA- AS,611,971,-28.8833333,121.3333333
72073199999,MUSTANG ISLAND 31- TX US,1172,2106,27.2833333,263.2666667
72072999999,BRAZOS 451- TX US,1184,2114,28.5,264.2833334
62774099999,UMM BENIN- SU,1030,272,13.0666666,33.95
62700099999,SHENDI- SU,1066,267,16.7,33.4333333
67551099999,SOLWEZI- ZA,778,211,-12.1666667,26.3666667
94747099999,BOWRAL PARRY DRIVE- AS,555,1203,-34.4833333,150.4
95655099999,NONNING- AS,574,1092,-32.5166666,136.4833333
68346399999,RAND- SF,637,225,-26.242506,28.151169
59644199999,BEIHAI AIRPORT- CH,1115,874,21.539444,109.293889
64180099999,BUKAVU- CG,874,231,-2.5166666,28.85
86500099999,TREINTA Y TRES- UY,567,2445,-33.2166667,305.6166667
66318099999,HUAMBO- AO,771,126,-12.808878,15.760547
85264099999,VALLEGRANDE- BL,715,2367,-18.4666666,295.9
85312099999,MONTEAGUDO- BL,702,2369,-19.7833333,296.0833334
72240899999,INTRACOASTAL CITY- LA US,1197,2143,29.7666666,267.88333339999997
63680099999,KAMPALA- UG,903,261,0.3166666,32.6166666
78794599999,CAP MANUEL NINO INTERNATIONAL- PM,994,2220,9.458636,277.483194
65213099999,ABEOKUTA- NI,971,27,7.1666666,3.3333333
65124099999,LAFIA- NI,985,68,8.55,8.5333333
25767099999,HATYRKA- RS,1520,1402,62.05,175.2833333
63694399999,NANYUKI- KE,899,296,-0.0666667,37.0333333
72100599999,KILO HARLOWTOWN- MT US,1364,2002,46.45,250.2
72102799999,TRINITY CENTER- CA US,1309,1898,40.9832,237.30581
01356099999,FANNARAKI- FO,1515,63,61.5166666,7.9
71181099999,WINTERLAND NFLD- CA,1371,2437,47.1333333,304.6833334
34662099999,MALYE DERBETY- RS,1379,358,47.9333333,44.7
83925099999,SANTA MARTA- BR,613,2489,-28.6,311.1833334
88891099999,STANLEY- FK,383,2418,-51.685672,302.222356
60685099999,BIDON 5- AG,1123,9,22.3166666,1.1166666
06124599999,AVNO AIR BASE- DA,1450,94,55.0833333,11.7833333
72064299999,CHEYENNE MOUNTAIN AS- CO US,1287,2041,38.75,255.15
91776099999,KEPPEL- TN,740,1490,-15.95,186.2333334
31041099999,UST MIL- RS,1496,1064,59.6333333,133.0333333
64454099999,GAMBOMA- CF,881,127,-1.8666667,15.8666667
40976499999,FOB SABIT QADAM- AF,1220,519,32.0833333,64.8333333
72052499999,FREMONT CO AIRPORT- CO US,1284,2039,38.428025,254.894158
72002199999,BOOTHVILLE HELIPORT- LA US,1193,2165,29.35,270.57
26099099999,EFIMOVSKAJA- RS,1494,278,59.5,34.7
41939099999,MADARIPUR- BG,1131,721,23.1666666,90.1833333
89598099999,AGO 4- AY,79,774,-82.0166666,96.7666666
72064199999,SCHRIEVER AFB- CO US,1287,2044,38.8,255.4833334
12155099999,GDANSK SWIBNO- PL,1443,151,54.3333333,18.9333333
24975099999,YNYKVHAN- RS,1503,1100,60.3666666,137.5
83579099999,ARAXA- BR,704,2505,-19.5666666,313.0666667
60639099999,TINFOUYE- AG,1184,60,28.4333333,7.55
72101399999,CHARLIE RUSO- ND US,1377,2072,47.714453,258.989956
99818299999,ROLLOVER PASS- TX US,1195,2124,29.5166666,265.5
41272099999,SUWAIQ- MU,1138,458,23.8166666,57.2833333
72102199999,JULIET DONNYBROOK- ND US,1384,2065,48.412292,258.108402
80402599999,CAPITAN MANUEL RIOS GUARICO AIRBASE- VE,993,2345,9.372167,293.07701099999997
63673599999,MARA SERENA- KE,885,280,-1.404721,35.008056
72230900432,GRAND ISLE SAWRS- LA US,1192,2160,29.25,270.034
74917399999,COOLIDGE MUNICIPAL- AZ US,1229,1989,32.935944,248.57347
31087099999,UL YA- RS,1488,1135,58.8166666,141.85
40980399999,COP ARYAN- AF,1231,544,33.1166666,68.0333333
72102399999,LIMA BOWBELLS- ND US,1387,2062,48.789361,257.731241
82784099999,BARBALHA- BR,826,2566,-7.3166666,320.7
72054699999,EUREKA- NV US,1296,1952,39.604168,243.99493999999999
64463099999,EWO- CF,891,119,-0.883,14.8166666
68108099999,UIS- WA,687,119,-21.2333333,14.85
61781099999,BAFATA- PU,1021,2763,12.1833333,345.3333333
72100699999,LIMA JUDITH GAP- MT US,1366,2002,46.7,250.26666699999998
72102799999,TRINITY CENTER- CA US,1309,1898,40.9832,237.30581
72054699999,EUREKA- NV US,1296,1952,39.604168,243.99493999999999
91776099999,KEPPEL- TN,740,1490,-15.95,186.2333334
72095599999,SOUTH TIMBALLER 301B OIL PLATFORM- US,1181,2155,28.16,269.334
91776099999,KEPPEL- TN,740,1490,-15.95,186.2333334
62398099999,SOHAG INTERNATIONAL AIRPORT- EG,1163,254,26.3333333,31.7333333
A0001603036,BLANDING MUNICIPAL AIRPORT- UT US,1275,2004,37.58278,250.51694
72100399999,INDIA ULM- MT US,1373,1988,47.3166666,248.533334
68363099999,SPRINGS- SF,637,228,-26.2,28.45
72051999999,POWELL MUNICIPAL- WY US,1348,2010,44.867161,251.206572
41301099999,HAIMA- MU,1100,451,20.05,56.3833333
08286099999,CASTELLON ALMAZORA- SP,1299,2879,39.95,359.9333334
99999900425,MIDDLEBURY STATE AIRPORT- VT US,1339,2295,43.98547,286.90453
72102499999,MIKE KENMARE- ND US,1386,2065,48.672932,258.118111
37704099999,VANADZOR- AM,1308,355,40.8166666,44.4361111
37788099999,YEREVAN ZVARTNOTS- AM,1301,355,40.15,44.3833333
99999996406,RUBY 44 ESE- AK US,1545,1647,64.5015,205.8703
37897099999,SISIAN- AM,1295,368,39.5333333,46.0166666
99728999999,SANDY HOOK- NJ US,1304,2288,40.47,286.0
37801099999,GAVAR- AM,1303,361,40.35,45.1333333
26938099999,IVACEVICI- BO,1427,203,52.72,25.35
04149099999,KOLKA- IC,1553,2722,65.4,340.2833334
72044999999,ASHLAND REGIONAL- KY US,1285,2218,38.5545,277.262001
37711099999,IDJEVAN- AM,1308,361,40.8666666,45.15
72101599999,ECHO RYDER- ND US,1377,2067,47.750753,258.325791
68186099999,TZANEEN- SF,661,241,-23.8333333,30.15
64512099999,OYEM- GB,915,93,1.543108,11.581361
04168099999,SANDBUDIR- IC,1549,2736,64.9333333,342.0166667
37871099999,ARTASHAT- AM,1299,356,39.95,44.55
A0735900240,IONIA CO AIRPORT- MI US,1329,2200,42.938,274.93899999999996
72100199999,GOLF SIMMS- MT US,1373,1983,47.3333333,247.9
A0685400115,BIG BEAR CITY AIRPORT- CA US,1242,1945,34.264,243.14600000000002
04101099999,BJARGTANGAR- IC,1554,2684,65.5,335.4833334
04196099999,KAMBANES- IC,1547,2769,64.8,346.15
26836099999,NOVOGRUDOK- BO,1435,207,53.6,25.85
01345099999,KLEVAVATNET- NO,1507,58,60.7166666,7.2166666
81909099999,CAMPOS SALES- BR,829,2557,-7.0833333,319.63333339999997
04126099999,GRUNDARTANGI- IC,1543,2706,64.35,338.2166667
A0573500209,BOWIE MUNICIPAL AIRPORT- TX US,1235,2098,33.6,262.217
37959099999,KAPAN- AM,1291,371,39.2,46.4333333
99999993804,SPARTANBURG- SC US,1249,2224,34.91667,278.05
08130099999,ZAMORA- SP,1315,2834,41.5166666,354.2666667
64454099999,GAMBOMA- CF,881,127,-1.8666667,15.8666667
72101399999,CHARLIE RUSO- ND US,1377,2072,47.714453,258.989956
65536099999,KORHOGO- IV,993,2836,9.387183,354.443336
A0001823162,DELTA FAA AIRPORT- UT US,1293,1980,39.38333,247.48333
26846099999,STOLBTSY- BO,1436,217,53.62,27.08
04109099999,THVERFJALL- IC,1560,2693,66.05,336.6833334
A0680000120,TAZEWELL CO AIRPORT- VA US,1270,2226,37.067,278.2
14118099999,KOCEVJE- SI,1356,119,45.65,14.85
26099099999,EFIMOVSKAJA- RS,1494,278,59.5,34.7
99999900178,LINDEN AIRPORT- NJ US,1306,2286,40.617,285.75
66136599999,SOYO- AO,838,99,-6.1333333,12.3666666
A0735700182,ELBOW LAKE MUNICIPAL PRIDE OF THE PRAIRIE AIRPORT- MN US,1359,2112,45.986,264.008
94806099999,MOUNT BARKER- AS,549,1111,-35.0666666,138.85
37609099999,ASHOTSK- AM,1310,351,41.0294444,43.8763889
99999900484,HULETT MUNICIPAL AIRPORT- WY US,1346,2043,44.66286,255.43216999999999
72101299999,BRAVO VELVA- ND US,1379,2073,47.908973,259.073252
04166099999,JOKULHEIMAR- IC,1543,2734,64.3166666,341.7833334
04175099999,ICELAND SITE- IC,1565,2748,66.51,343.46
26923099999,VOLKOVYSK- BO,1431,196,53.17,24.45
A0688400416,LURAY CAVERNS AIRPORT- VA US,1286,2252,38.66722,281.49889
A0735500241,VIROQUA MUNICIPAL AIRPORT- WI US,1335,2153,43.579,269.087
72050499999,TALLADEGA MUNICIPAL- AL US,1235,2192,33.569917,273.949144
37785099999,ASHTARAK- AM,1302,355,40.2833333,44.3502778
72230900432,GRAND ISLE SAWRS- LA US,1192,2160,29.25,270.034
10148099999,HAMBURG STADT- GM,1435,80,53.55,9.9666666
04154099999,BURFELL- IC,1540,2722,64.0833333,340.2666667
99999900343,ST MARYS HOSPITAL- MN US,1340,2140,44.017,267.517
99999900421,MADISONVILLE MUNICIPAL AIRPORT- KY US,1273,2181,37.35,272.6
65555099999,BOUAKE- IV,977,2839,7.7388,354.926333
A0735400132,WAUTOMA MUNICIPAL AIRPORT- WI US,1340,2166,44.033,270.7
41292099999,AL MUDHAIBI- MU,1125,465,22.5166666,58.1166666
99999900477,ROGER M DREYER MEMORIAL AIRPORT- TX US,1195,2100,29.5291,262.5357
48031099999,FALAM- BM,1129,749,22.9166666,93.6833333
41291099999,DUQM AIRPORT- MU,1095,461,19.5166666,57.65
04017099999,AEDEY- IC,1560,2699,66.1,337.3333334
99999912988,LAKE PALOURD BASE HELIPORT- LA US,1196,2151,29.69306,268.90139
65602099999,MONROVIA SPRIGGS PAYNE- LI,962,2794,6.289061,349.241278
08148099999,SORIA- SP,1317,2860,41.7833333,357.5166667
44462099999,OKHALDHUNGA- NP,1172,692,27.3,86.5
44406099999,DIPAYAL- NP,1192,648,29.25,80.95
68939099999,CAPE ST FRANCIS- SF,557,199,-34.2166666,24.85
67976099999,RUPIKE- ZI,694,249,-20.55,31.0833333
01036099999,NORDNESFJELLET- NO,1595,163,69.5666666,20.4333333
A0704900320,PETALUMA MUNICIPAL AIRPORT- CA US,1282,1899,38.25,237.4
31087099999,UL YA- RS,1488,1135,58.8166666,141.85
04195099999,ICELAND SITE- IC,1552,2768,65.28,346.0
99999900447,ATHENS MUNICIPAL AIRPORT- TX US,1221,2113,32.16384,264.17165
94110099999,OENPELLI AIRPORT- AS,776,1064,-12.3333333,133.0072222
72100699999,LIMA JUDITH GAP- MT US,1366,2002,46.7,250.26666699999998
66136399999,SUMBE- AO,788,111,-11.167,13.85
72102199999,JULIET DONNYBROOK- ND US,1384,2065,48.412292,258.108402
72098699999,INDIA SIDNEY- NE US,1310,2057,41.05,257.133334
94236099999,ELLIOTT- AS,724,1068,-17.55,133.5333333
95936099999,MELBOURNE OLYMPIC PARK- AS,521,1160,-37.8333333,144.9833333
37787099999,ARMAVIR- AM,1301,351,40.1333333,43.9033333
41939099999,MADARIPUR- BG,1131,721,23.1666666,90.1833333
11366099999,SAALBACH- AU,1373,101,47.3833333,12.65
04193099999,GAGNHEIDI- IC,1552,2766,65.2166666,345.7333334
04131099999,GJOGUR- IC,1559,2709,65.9833333,338.65
99999900458,CLERMONT CO AIRPORT- OH US,1290,2206,39.07838,275.78978
99999923122,SAN BERNARDINO INTERNATIONAL AIRPORT- CA US,1240,1942,34.09528,242.76528000000002
89674099999,WILLIAMS FIELD- AY,121,1336,-77.867358,167.056572
72040600135,GNOSS FIELD AIRPORT- CA US,1281,1900,38.15,237.45
A0705600464,J DOUGLAS BAKE MEMORIAL AIRPORT- WI US,1348,2177,44.87405,272.09023
72056724180,BRIGHAM CITY AIRPORT- UT US,1315,1984,41.55222,247.93778
11747099999,PROSTEJOV- EZ,1394,137,49.45,17.1333333
01336099999,BULKEN- NO,1506,50,60.65,6.2166666
72099799999,DELTA DENTON- MT US,1373,2001,47.3833333,250.183334
08383099999,HUELVA- SP,1272,2825,37.2833333,353.0833334
A0708600468,CARL R KELLER FIELD AIRPORT- OH US,1315,2217,41.51627,277.13052
06124599999,AVNO AIR BASE- DA,1450,94,55.0833333,11.7833333
60320099999,CEUTA- SP,1258,2837,35.88873,354.65303
99999900262,MUSTANG ISLAND A85A- TX US,1177,2111,27.733,263.817
A0705300346,TRINITY CENTER AIRPORT- CA US,1309,1898,40.983,237.30599999999998
99999900480,EAGLE RANGE WEATHER SERVICE OFFICE- UT US,1310,1976,41.05,246.94
A5125500445,DEMOPOLIS MUNICIPAL AIRPORT- AL US,1224,2176,32.46383,272.04595
A0677300334,TUCKER GUTHRIE MEMORIAL AIRPORT- KY US,1268,2213,36.859,276.642
95657099999,PORT PIRIE AERODROME- AS,567,1104,-33.2333333,138.0
99999900440,CULLMAN REGIONAL AIRPORT FOLSOM FIELD- AL US,1242,2193,34.26869,274.14198
66460099999,NGIVA- AO,729,125,-17.043464,15.683822
71181099999,WINTERLAND NFLD- CA,1371,2437,47.1333333,304.6833334
72102399999,LIMA BOWBELLS- ND US,1387,2062,48.789361,257.731241
37699099999,APARAN- AM,1305,355,40.5333333,44.3833333
72099499999,ALPHA RAYNESFORD- MT US,1372,1994,47.2833333,249.2
99999900423,DE QUINCY INDUSTRIAL AIRPARK- LA US,1204,2132,30.44105,266.52639
94679099999,YONGALA- AS,569,1110,-33.0333333,138.75
99999900370,PINEY ISLAND- NC US,1250,2268,35.02,283.54
72101199999,ALPHA BALFOUR- ND US,1379,2075,47.967118,259.41945
48072099999,MANAUNG- BM,1088,750,18.85,93.7333333
04124099999,STRAUMSVIK- IC,1540,2701,64.05,337.6666667
04170099999,SKARDSFJORUVITI- IC,1535,2736,63.5166666,342.0166667
A5125600451,BRANSON WEST MUNICIPAL EMERSON FIELD AIRPORT- MO US,1266,2133,36.6985,266.5978
01461199999,GAUSTATOPPEN- NO,1498,69,59.85,8.65
04183099999,FONTUR- IC,1563,2764,66.3833333,345.4666667
80402599999,CAPITAN MANUEL RIOS GUARICO AIRBASE- VE,993,2345,9.372167,293.07701099999997
99999900483,NEW ORLEANS SUPERDOME HELIPORT- LA US,1199,2159,29.95268,269.91727000000003
72046499999,PIKE CO HATCHER FIELD- KY US,1275,2219,37.561764,277.433611
81717099999,PREGUICAS- BR,874,2538,-2.5925,317.2927778
99999900460,LOUISIANA REGIONAL AIRPORT- LA US,1201,2152,30.17272,269.05939
66136199999,NAMIBE- AO,747,97,-15.267,12.15
94463099999,CURTIN SPRINGS- AS,646,1054,-25.3166666,131.75
95811099999,ENCOUNTER BAY- AS,544,1109,-35.55,138.6
16054099999,AOSTA POLLEIN- IT,1357,59,45.7333333,7.35
72099499999,ALPHA RAYNESFORD- MT US,1372,1994,47.2833333,249.2
64155699999,MBUJI MAYI- CG,838,189,-6.121236,23.569008
83925099999,SANTA MARTA- BR,613,2489,-28.6,311.1833334
72100399999,INDIA ULM- MT US,1373,1988,47.3166666,248.533334
91656099999,LABASA AWS- FJ,735,1435,-16.4333333,179.4166666
74917399999,COOLIDGE MUNICIPAL- AZ US,1229,1989,32.935944,248.57347
72099799999,DELTA DENTON- MT US,1373,2001,47.3833333,250.183334
99818299999,ROLLOVER PASS- TX US,1195,2124,29.5166666,265.5
41291099999,DUQM AIRPORT- MU,1095,461,19.5166666,57.65
41939099999,MADARIPUR- BG,1131,721,23.1666666,90.1833333
72100199999,GOLF SIMMS- MT US,1373,1983,47.3333333,247.9
65201699999,OWERRI LMO- NI,954,58,5.4166666,7.2
41301099999,HAIMA- MU,1100,451,20.05,56.3833333
11212099999,VILLACHERALPE- AU,1365,109,46.6,13.6666666
99728999999,SANDY HOOK- NJ US,1304,2288,40.47,286.0
88891099999,STANLEY- FK,383,2418,-51.685672,302.222356
72101399999,CHARLIE RUSO- ND US,1377,2072,47.714453,258.989956
72101599999,ECHO RYDER- ND US,1377,2067,47.750753,258.325791
72102499999,MIKE KENMARE- ND US,1386,2065,48.672932,258.118111
68939099999,CAPE ST FRANCIS- SF,557,199,-34.2166666,24.85
95657099999,PORT PIRIE AERODROME- AS,567,1104,-33.2333333,138.0
31087099999,UL YA- RS,1488,1135,58.8166666,141.85
40976499999,FOB SABIT QADAM- AF,1220,519,32.0833333,64.8333333
68363099999,SPRINGS- SF,637,228,-26.2,28.45
41438099999,AL SADDAH- YM,1041,355,14.1333333,44.3666666
72101299999,BRAVO VELVA- ND US,1379,2073,47.908973,259.073252
91776099999,KEPPEL- TN,740,1490,-15.95,186.2333334
06124599999,AVNO AIR BASE- DA,1450,94,55.0833333,11.7833333
83599099999,MOELA- BR,659,2510,-24.05,313.7333334
48072099999,MANAUNG- BM,1088,750,18.85,93.7333333
72102399999,LIMA BOWBELLS- ND US,1387,2062,48.789361,257.731241
72100699999,LIMA JUDITH GAP- MT US,1366,2002,46.7,250.26666699999998
65075099999,GOMBE- NI,1002,89,10.2833333,11.15
64758099999,MONGO- CD,1021,149,12.1833333,18.6833333
40620099999,HALABCHA- IZ,1251,368,35.2,45.95
37792099999,HRAZDAN- AM,1304,358,40.4833333,44.75
07579599999,CHABEUIL- FR,1349,40,44.921594,4.9699
34240099999,URJUPINSK- RS,1407,336,50.8,42.0
40619099999,MAKHMOOR- IZ,1257,349,35.75,43.6
40607099999,AQRAH- IZ,1267,351,36.75,43.89
47859099999,OMURA AB- JA,1229,1039,32.9333333,129.9333333
61849099999,N ZEREKORE KONIA- GV,977,2809,7.7333333,351.1666667
12146599999,PIOTRKOW TRYBUNALSKI- PL,1413,157,51.3833333,19.6833333
68257099999,PILANESBERG- SF,647,218,-25.25,27.2166666
94132099999,KATHERINE COUNTRY CLUB- AS,755,1058,-14.4666666,132.2666666
95674099999,TURRETFIELD RESEARCH CENTRE- AS,554,1111,-34.55,138.8333333
41399099999,AMRAN- YM,1057,352,15.7666666,44.0166666
37218099999,NAZRAN- RS,1331,359,43.15,44.85
48096099999,MINGALADON- BM,1068,769,16.9,96.1833333
87903599999,EL CALAFATE- AR,397,2304,-50.280322,287.94689700000004
67871099999,CHIVHU- ZI,709,247,-19.0333333,30.8833333
64930099999,BERTOUA- CM,945,110,4.6,13.7333333
47749099999,MAIZURU AB- JA,1254,1083,35.4833333,135.3833333
72101699999,FOXTROT RYDER 2- ND US,1378,2067,47.896182,258.325718
84043099999,ATAHUALPA- EC,903,2255,0.338419,281.863578
61802099999,KOUNDARA- GV,1025,2772,12.5666666,346.4833334
67633099999,MONGU- ZA,747,185,-15.254542,23.162306
67673099999,PETAUKE- ZA,757,250,-14.25,31.2833333
67741099999,SESHEKE- ZA,725,194,-17.4666667,24.3
67489099999,MZUZU- MI,785,272,-11.44475,34.011776
04160099999,THUFUVER- IC,1545,2731,64.5833333,341.4
95323099999,ARLTUNGA- AS,665,1077,-23.4666666,134.6833333
81100099999,MABARUMA- GY,981,2402,8.2,300.2166667
94466099999,KULGERA- AS,641,1066,-25.85,133.3
80432099999,CARRIZAL- VE,994,2345,9.4166666,293.0833334
78409099999,CAP HAITIEN INTERNATIONAL- HA,1097,2302,19.732989,287.805261
94117099999,MANGO FARM- AS,762,1045,-13.7333333,130.6833333
94673099999,HAWKER- AS,581,1107,-31.8833333,138.4333333
99999900481,GRANITE PEAK FILLMORE AIRPORT- UT US,1289,1981,38.95813,247.63687
95812099999,MURRAY BRIDGE- AS,548,1114,-35.1166666,139.2666666
97378599999,GEWAYENTANA- ID,817,984,-8.2666666,123.0
67773099999,GURUVE- ZI,733,246,-16.65,30.7
67767099999,KANYEMBA- ZI,743,243,-15.6333333,30.4166666
82143099999,SALINOPOLIS- BR,893,2501,-0.6166666,312.6166667
80422399999,GENERAL JOSE FRANCISCO BERMUDEZ- VE,1006,2374,10.660014,296.738319
94668099999,KIMBA- AS,568,1091,-33.15,136.4166666
94663099999,WAROOKA- AS,550,1099,-34.9833333,137.4
72098599999,HOTEL GURLEY- NE US,1313,2057,41.3166666,257.166667
68004599999,EENHANA- WA,725,131,-17.483017,16.321956
63141099999,DIKHIL- DJ,1010,339,11.1,42.367
68845099999,BIRD ISLAND- SF,561,210,-33.8333333,26.2833333
91623099999,BERU ISLAND- KR,886,1408,-1.35,176.0
94229099999,WAVE HILL- AS,726,1049,-17.3833333,131.1166666
68370099999,BETHAL- SF,635,236,-26.4666666,29.45
61818099999,KINDIA- GV,1000,2777,10.05,347.1333334
72098899999,KILO DIX- NE US,1311,2052,41.1333333,256.516667
72098999999,LIMA GROVER- CO US,1309,2050,40.9166666,256.3
63631099999,LIRA- KE,922,263,2.2833333,32.9333333
72099299999,NOVEMBER GROVER- CO US,1306,2049,40.6333333,256.166667
72098399999,FOXTROT DIX- NE US,1313,2052,41.3666666,256.516667
04162099999,VEIDIVATNAHRAUN- IC,1543,2732,64.4,341.5
64008599999,BANGOKA INTERNATIONAL- CG,904,203,0.481639,25.337973
33000299999,DONETSK INTERNATIONAL- UP,1380,302,48.073611,37.739722
67791099999,BVUMBWE- MI,740,281,-15.9166666,35.0666666
91601099999,BUTARITARI ATOLL- KR,930,1382,3.0333333,172.7833333
84149099999,TENA AEROPUERTO- EC,890,2257,-0.9833333,282.1833334
84137099999,REALES TAMARINDOS- EC,889,2236,-1.041647,279.527794
43355099999,KOTTAYAM- IN,995,613,9.5333333,76.6
87642099999,AZUL AIRPORT- AR,532,2401,-36.75,300.1666667
85889099999,FARO RAPER- CI,432,2275,-46.8,284.3666667
67475099999,KASAMA- ZA,797,249,-10.2166667,31.1333333
71644099999,KELOWNA UBCO- CA,1399,1925,49.9333333,240.6
07160499999,PLOUJEAN- FR,1386,2849,48.603222,356.184217
04180099999,HVANNEY- IC,1542,2758,64.2333333,344.8
07197099999,MEYENHEIM- FR,1379,59,47.9166666,7.4
00702699999,WXPOD 7026- AF,899,0,0.0,0.0
72103699999,BOYSEN- WY US,1334,2014,43.4667,251.76155599999998
